[{"id": 293424, "title": "Smart City Management", "summary": "Discover digital solutions, improve urban life and overcome global challenges. This programme is available at the Berlin study location.", "level": "master", "degree": "M.A.", "tuition_fee": {"value": 11988, "unit": "year", "currency": "EUR"}, "fulltime_duration": {"value": 24, "unit": "month"}, "density": {"parttime": false, "fulltime": true}, "methods": {"face2face": true, "online": false, "blended": false}, "organisation_id": 17279, "organisation": "University of Applied Sciences Europe", "venues": [{"city": "Berlin", "country": "Germany", "area": "Berlin", "display_area": false}], "discipline_title": "Artificial Intelligence", "discipline_id": 330}, {"id": 292888, "title": "Computer Vision", "summary": "This scientific field studies how computers can be used to automatically understand and interpret visual imagery. The&nbsp;Computer Vision program at Mohamed bin Zayed University of Artificial Intelligence aims to mimic the astounding capabilities of human visual cortex using machine vision algorithms.&nbsp;", "level": "master", "degree": "M.Sc.", "tuition_fee": {"value": 0, "unit": "year", "currency": "EUR"}, "fulltime_duration": {"value": 24, "unit": "month"}, "density": {"parttime": false, "fulltime": true}, "methods": {"face2face": true, "online": false, "blended": false}, "organisation_id": 19934, "organisation": "Mohamed bin Zayed University of Artificial Intelligence", "venues": [{"city": "Abu Dhabi", "country": "United Arab Emirates", "area": "Abu Z", "display_area": false}], "discipline_title": "Artificial Intelligence", "discipline_id": 330}, {"id": 292887, "title": "Machine Learning", "summary": "This Machine Learning program at Mohamed bin Zayed University of Artificial Intelligence tackles the scientific study of algorithms and statistical models that computer systems use to effectively perform a specific task without using explicit instructions, relying on patterns and inference instead.", "level": "master", "degree": "M.Sc.", "tuition_fee": {"value": 0, "unit": "year", "currency": "EUR"}, "fulltime_duration": {"value": 24, "unit": "month"}, "density": {"parttime": false, "fulltime": true}, "methods": {"face2face": true, "online": false, "blended": false}, "organisation_id": 19934, "organisation": "Mohamed bin Zayed University of Artificial Intelligence", "venues": [{"city": "Abu Dhabi", "country": "United Arab Emirates", "area": "Abu Z", "display_area": false}], "discipline_title": "Artificial Intelligence", "discipline_id": 330}, {"id": 202574, "title": "Data Analytics and Artificial Intelligence", "summary": "The M.Sc. in Data Analytics and&nbsp;Artificial Intelligence&nbsp;from EDHEC Business School will hone business decisionmaking skills.&nbsp;", "level": "master", "degree": "M.Sc.", "tuition_fee": {"value": 24900, "unit": "year", "currency": "EUR"}, "fulltime_duration": {"value": 12, "unit": "month"}, "density": {"parttime": false, "fulltime": true}, "methods": {"face2face": true, "online": false, "blended": false}, "organisation_id": 966, "organisation": "EDHEC Business School", "venues": [{"city": "Lille", "country": "France", "area": "Nord-Pas-de-Calais", "display_area": false}], "discipline_title": "Artificial Intelligence", "discipline_id": 330}, {"id": 295323, "title": "Artificial Intelligence", "summary": "This online MSc in Artificial Intelligence offered by the University of Bath Online is ideal if you are motivated by the challenges and infinite possibilities of advancing Artificial Intelligence.", "level": "master", "degree": "M.Sc.", "parttime_duration": {"value": 27, "unit": "month"}, "density": {"parttime": true, "fulltime": false}, "methods": {"face2face": false, "online": true, "blended": false}, "organisation_id": 19835, "organisation": "University of Bath", "venues": [{"city": "Bath", "country": "United Kingdom", "area": "England", "display_area": true}], "discipline_title": "Artificial Intelligence", "discipline_id": 330}, {"id": 276997, "title": "Robotics", "summary": "The   two year 120 ECTS MSc Program in Robotics at&nbsp;Nazarbayev University&nbsp;is designed to prepare students to   work as professional scientists and engineers who can excel in academia,   public policy, and private business fields in the field of robotics.&nbsp;", "level": "master", "degree": "M.Sc.", "fulltime_duration": {"value": 24, "unit": "month"}, "density": {"parttime": false, "fulltime": true}, "methods": {"face2face": true, "online": false, "blended": false}, "organisation_id": 19561, "organisation": "Nazarbayev University", "venues": [{"city": "Nur-Sultan", "country": "Kazakhstan", "area": "Astana Qalasy", "display_area": false}], "discipline_title": "Artificial Intelligence", "discipline_id": 330}, {"id": 293490, "title": "Artificial Intelligence for Leaders", "summary": "The Post Graduate Program in Artificial Intelligence for Leaders (PGP-AIFL) is a 4-month online program offered by the McCombs School of Business at The University of Texas at Austin and delivered in collaboration with Great Learning.", "level": "master", "degree": "Postgraduate Certificate", "tuition_fee": {"value": 2311, "unit": "full", "currency": "EUR"}, "parttime_duration": {"value": 4, "unit": "month"}, "density": {"parttime": true, "fulltime": false}, "methods": {"face2face": false, "online": true, "blended": false}, "organisation_id": 11735, "organisation": "University of Texas at Austin", "venues": [{"city": "Austin", "country": "United States", "area": "Texas", "display_area": true}], "discipline_title": "Artificial Intelligence", "discipline_id": 330}, {"id": 295094, "title": "Artificial Intelligence", "summary": "The Artificial Intelligence&nbsp;program at&nbsp;Saint Louis University&nbsp;prepares students to apply artificial intelligence methods, both efficiently and ethically, in order to solve difficult problems and impact the well-being of society.", "level": "master", "degree": "M.Sc.", "tuition_fee": {"value": 20065, "unit": "year", "currency": "EUR"}, "fulltime_duration": {"value": 4, "unit": "month"}, "density": {"parttime": false, "fulltime": true}, "methods": {"face2face": true, "online": false, "blended": false}, "organisation_id": 11134, "organisation": "Saint Louis University", "venues": [{"city": "Saint Louis", "country": "United States", "area": "Missouri", "display_area": true}], "discipline_title": "Artificial Intelligence", "discipline_id": 330}, {"id": 157229, "title": "Computer Science", "summary": "The aim of the Computer Science programme of University of Szeged is to train computer scientists who can develop, create, apply, implement and operate IT systems at an advanced level either individually or as a team member.", "level": "master", "degree": "M.Sc.", "tuition_fee": {"value": 8200, "unit": "year", "currency": "EUR"}, "fulltime_duration": {"value": 24, "unit": "month"}, "density": {"parttime": false, "fulltime": true}, "methods": {"face2face": true, "online": false, "blended": false}, "organisation_id": 609, "organisation": "University of Szeged", "venues": [{"city": "Szeged", "country": "Hungary", "area": "Csongr\u00e1d", "display_area": false}], "discipline_title": "Artificial Intelligence", "discipline_id": 330}, {"id": 32164, "title": "Systems, Control and Robotics", "summary": "The Systems, Control and Robotics programme at KTH Royal Institute of Technology equips students with the skills necessary to analyse, design and control complex technical systems such as robots, autonomous vehicles or any other system that has a significant autonomous capability.&nbsp;", "level": "master", "degree": "M.Sc.", "tuition_fee": {"value": 0, "unit": "year", "currency": "EUR"}, "fulltime_duration": {"value": 24, "unit": "month"}, "density": {"parttime": false, "fulltime": true}, "methods": {"face2face": true, "online": false, "blended": false}, "organisation_id": 2, "organisation": "KTH Royal Institute of Technology", "venues": [{"city": "Stockholm", "country": "Sweden", "area": "Stockholm", "display_area": false}], "discipline_title": "Artificial Intelligence", "discipline_id": 330}, {"id": 259291, "title": "Information Technology - Robotics and Artificial Intelligence", "summary": "The&nbsp;Information Technology - Robotics and Artificial Intelligence program offered by Tampere University combines modern machine learning techniques with modern robotics.", "level": "master", "degree": "M.Sc.", "tuition_fee": {"value": 0, "unit": "year", "currency": "EUR"}, "fulltime_duration": {"value": 24, "unit": "month"}, "density": {"parttime": false, "fulltime": true}, "methods": {"face2face": true, "online": false, "blended": false}, "organisation_id": 19116, "organisation": "Tampere University", "venues": [{"city": "Tampere", "country": "Finland", "area": "Province of Western Finland", "display_area": false}], "discipline_title": "Artificial Intelligence", "discipline_id": 330}, {"id": 289665, "title": "Robotics and Autonomy", "summary": "The&nbsp;Robotics and Autonomy program from&nbsp;Drexel University&nbsp;educates professionals who are prepared to lead and conduct research, development, and design in robotic systems and technologies.", "level": "master", "degree": "M.Sc.", "tuition_fee": {"value": 1240, "unit": "credit", "currency": "EUR"}, "fulltime_duration": {"value": 24, "unit": "month"}, "density": {"parttime": false, "fulltime": true}, "methods": {"face2face": true, "online": false, "blended": false}, "organisation_id": 19886, "organisation": "Drexel University College of Engineering", "venues": [{"city": "Philadelphia", "country": "United States", "area": "Pennsylvania", "display_area": true}], "discipline_title": "Artificial Intelligence", "discipline_id": 330}, {"id": 258926, "title": "Artificial Intelligence", "summary": "The MSc in Artificial Intelligence at&nbsp;Heriot-Watt Dubai&nbsp;aims to impart the understanding and skills to develop intelligent software applications, such as those involving evolutionary computation and learning.&nbsp;Students will develop skills in specialist areas with clear applications in industry, including data mining, pattern recognition and machine learning.&nbsp;", "level": "master", "degree": "M.Sc.", "tuition_fee": {"value": 20198, "unit": "year", "currency": "EUR"}, "fulltime_duration": {"value": 12, "unit": "month"}, "parttime_duration": {"value": 24, "unit": "month"}, "density": {"parttime": true, "fulltime": true}, "methods": {"face2face": true, "online": false, "blended": false}, "organisation_id": 19009, "organisation": "Heriot-Watt Dubai", "venues": [{"city": "Dubai", "country": "United Arab Emirates", "area": "Dubayy", "display_area": false}], "discipline_title": "Artificial Intelligence", "discipline_id": 330}, {"id": 294917, "title": "Artificial Intelligence", "summary": "Innovation springs from bright minds - our international Master programme in Artificial Intelligence at&nbsp;IUBH Online&nbsp;prepares you for an exciting career making the future happen now.", "level": "master", "degree": "M.Sc.", "tuition_fee": {"value": 12400, "unit": "year", "currency": "EUR"}, "fulltime_duration": {"value": 12, "unit": "month"}, "parttime_duration": {"value": 24, "unit": "month"}, "density": {"parttime": true, "fulltime": true}, "methods": {"face2face": false, "online": true, "blended": false}, "organisation_id": 19361, "organisation": "IUBH Online", "venues": [{"city": "Bad Honnef", "country": "Germany", "area": "North Rhine-Westphalia", "display_area": false}], "discipline_title": "Artificial Intelligence", "discipline_id": 330}, {"id": 297497, "title": "Artificial Intelligence (Online)", "summary": "The MSc in Artificial Intelligence (Online) from University of Hertfordshire&nbsp;mirrors the experience of our Artificial Intelligence Lab and is regularly updated to reflect the most recent developments in the field ensuring you are fully prepared after graduation.", "level": "master", "degree": "M.Sc.", "tuition_fee": {"value": 10273, "unit": "year", "currency": "EUR"}, "fulltime_duration": {"value": 12, "unit": "month"}, "parttime_duration": {"value": 36, "unit": "month"}, "density": {"parttime": true, "fulltime": true}, "methods": {"face2face": false, "online": true, "blended": false}, "organisation_id": 310, "organisation": "University of Hertfordshire", "venues": [{"city": "Hatfield", "country": "United Kingdom", "area": "England", "display_area": true}], "discipline_title": "Artificial Intelligence", "discipline_id": 330}, {"id": 293489, "title": "Artificial Intelligence and Machine Learning", "summary": "The Post Graduate Program in Artificial Intelligence and Machine Learning (PGP-AIML) is a 6-month online program offered by the McCombs School of Business at The University of Texas at Austin and delivered in collaboration with Great Learning.", "level": "master", "degree": "Postgraduate Certificate", "tuition_fee": {"value": 3235, "unit": "full", "currency": "EUR"}, "parttime_duration": {"value": 6, "unit": "month"}, "density": {"parttime": true, "fulltime": false}, "methods": {"face2face": false, "online": true, "blended": false}, "organisation_id": 11735, "organisation": "University of Texas at Austin", "venues": [{"city": "Austin", "country": "United States", "area": "Texas", "display_area": true}], "discipline_title": "Artificial Intelligence", "discipline_id": 330}, {"id": 293566, "title": "Artificial Intelligence and Business Analytics", "summary": "This MSc in&nbsp;Artificial Intelligence and Business Analytics at&nbsp;TBS Business School is a unique Big Data program. Students can combine business knowledge with the technical skills necessary to use analytic tools effectively and rise to leadership positions within companies.", "level": "master", "degree": "M.Sc.", "tuition_fee": {"value": 16500, "unit": "year", "currency": "EUR"}, "fulltime_duration": {"value": 12, "unit": "month"}, "density": {"parttime": false, "fulltime": true}, "methods": {"face2face": true, "online": false, "blended": false}, "organisation_id": 634, "organisation": "TBS Business School", "venues": [{"city": "Toulouse", "country": "France", "area": "Midi-Pyr\u00e9n\u00e9es", "display_area": false}], "discipline_title": "Artificial Intelligence", "discipline_id": 330}, {"id": 295996, "title": "Master AIRE - Digital Sciences", "summary": "Students will have the opportunity to learn the foundations of Digital Sciences and deep in the specialized scientific fields of Artificial Intelligence and Data Science within an approach Ethics by Design.", "level": "master", "degree": "M.Sc.", "tuition_fee": {"value": 243, "unit": "year", "currency": "EUR"}, "fulltime_duration": {"value": 24, "unit": "month"}, "density": {"parttime": false, "fulltime": true}, "methods": {"face2face": true, "online": false, "blended": true}, "organisation_id": 14632, "organisation": "The Center for Research and Interdisciplinarity (CRI)", "venues": [{"city": "Paris", "country": "France", "area": "\u00cele-de-France", "display_area": false}], "discipline_title": "Artificial Intelligence", "discipline_id": 330}, {"id": 155376, "title": "Artificial Intelligence - Cognitive Science", "summary": "The Artificial Intelligence - Cognitive Science programme from Vrije Universiteit Amsterdam focuses on the processes that underlie human functioning from two different research perspectives: empirical work and computational modeling. The combination of these two perspectives allows for a better understanding of the mechanisms underlying human functioning.", "level": "master", "degree": "M.Sc.", "tuition_fee": {"value": 2143, "unit": "year", "currency": "EUR"}, "fulltime_duration": {"value": 24, "unit": "month"}, "density": {"parttime": false, "fulltime": true}, "methods": {"face2face": true, "online": false, "blended": false}, "organisation_id": 81, "organisation": "Vrije Universiteit Amsterdam", "venues": [{"city": "Amsterdam", "country": "Netherlands", "area": "North Holland", "display_area": false}], "discipline_title": "Artificial Intelligence", "discipline_id": 330}, {"id": 287676, "title": "Artificial Intelligence and Machine Learning", "summary": "Become an Artificial Intelligence Expert by mastering the skills to  develop intelligent algorithms and machines for self-driving cars, smart  cameras, surveillance systems, robotic manufacturing, machine  translations, internet searches, and product recommendations.", "level": "master", "degree": "M.Sc.", "tuition_fee": {"value": 5545, "unit": "year", "currency": "EUR"}, "fulltime_duration": {"value": 12, "unit": "month"}, "parttime_duration": {"value": 12, "unit": "month"}, "density": {"parttime": true, "fulltime": true}, "methods": {"face2face": true, "online": true, "blended": true}, "organisation_id": 19847, "organisation": "Contemporary Technology University", "venues": [{"city": "New York City", "country": "United States", "area": "New York", "display_area": true}, {"city": "San Francisco", "country": "United States", "area": "California", "display_area": true}, {"city": "Berlin", "country": "Germany", "area": "Berlin", "display_area": false}, {"city": "Singapore", "country": "Singapore"}], "discipline_title": "Artificial Intelligence", "discipline_id": 330}, {"id": 273123, "title": "Artificial Intelligence with Cyber Security", "summary": "The&nbsp;Artificial Intelligence with Cyber Security course at Anglia Ruskin University will give you&nbsp;an in-depth understanding of artificial intelligence concepts, principles and technologies that affect cyber security. The security of business systems and data is vital, and with most business having an online presence you will learn to implement AI to monitor and protect against cyber attacks.", "level": "master", "degree": "M.Sc.", "tuition_fee": {"value": 10069, "unit": "year", "currency": "EUR"}, "fulltime_duration": {"value": 12, "unit": "month"}, "density": {"parttime": false, "fulltime": true}, "methods": {"face2face": true, "online": false, "blended": false}, "organisation_id": 220, "organisation": "Anglia Ruskin University", "venues": [{"city": "Cambridge", "country": "United Kingdom", "area": "England", "display_area": true}], "discipline_title": "Artificial Intelligence", "discipline_id": 330}, {"id": 273121, "title": "Artificial Intelligence and Big Data", "summary": "The&nbsp;Artificial Intelligence and Big Data course at Anglia Ruskin University&nbsp;will help you gain transferable skills in AI to benefit your work place. Our course was designed in response to the high demand for experts in big data analysis and modelling.", "level": "master", "degree": "M.Sc.", "tuition_fee": {"value": 10069, "unit": "year", "currency": "EUR"}, "fulltime_duration": {"value": 12, "unit": "month"}, "density": {"parttime": false, "fulltime": true}, "methods": {"face2face": true, "online": false, "blended": false}, "organisation_id": 220, "organisation": "Anglia Ruskin University", "venues": [{"city": "Cambridge", "country": "United Kingdom", "area": "England", "display_area": true}], "discipline_title": "Artificial Intelligence", "discipline_id": 330}, {"id": 293360, "title": "Intelligence Analysis", "summary": "The Intelligence Analysis course at Brunel University London offers you a unique opportunity for practical, policy oriented graduate study of intelligence issues across the private and public sectors around the world.", "level": "master", "degree": "Postgraduate Certificate", "parttime_duration": {"value": 9, "unit": "month"}, "density": {"parttime": true, "fulltime": false}, "methods": {"face2face": false, "online": true, "blended": false}, "organisation_id": 9881, "organisation": "Brunel University London", "venues": [{"city": "London", "country": "United Kingdom", "area": "England", "display_area": true}], "discipline_title": "Artificial Intelligence", "discipline_id": 330}, {"id": 273988, "title": "Artificial Intelligence", "summary": "M.Sc. Artificial Intelligence from&nbsp;Warsaw University of Technology is a continuation of Bachelor studies in the field of Computer Science, with focus on final Master research and thesis.&nbsp;", "level": "master", "degree": "M.Sc.", "tuition_fee": {"value": 4200, "unit": "year", "currency": "EUR"}, "fulltime_duration": {"value": 18, "unit": "month"}, "density": {"parttime": false, "fulltime": true}, "methods": {"face2face": true, "online": false, "blended": false}, "organisation_id": 807, "organisation": "Warsaw University of Technology", "venues": [{"city": "Warsaw", "country": "Poland", "area": "Masovian Voivodeship", "display_area": false}], "discipline_title": "Artificial Intelligence", "discipline_id": 330}, {"id": 237550, "title": "Data Science and Artificial Intelligence", "summary": "This Data Science and Artificial Intelligence programme at Data ScienceTech Institute, with its two entries in Autumn and Spring, is a programme designed to bring students to the scientific heart of Data Science and Artificial Intelligence.", "level": "master", "degree": "M.Sc.", "tuition_fee": {"value": 14500, "unit": "year", "currency": "EUR"}, "fulltime_duration": {"value": 12, "unit": "month"}, "density": {"parttime": true, "fulltime": true}, "methods": {"face2face": true, "online": true, "blended": true}, "organisation_id": 15360, "organisation": "Data ScienceTech Institute", "venues": [{"city": "Nice", "country": "France", "area": "Provence-Alpes-C\u00f4te d'Azur", "display_area": false}, {"city": "Paris", "country": "France", "area": "\u00cele-de-France", "display_area": false}], "discipline_title": "Artificial Intelligence", "discipline_id": 330}, {"id": 46736, "title": "Automatic Control and Robotics", "summary": "The master's degree in Automatic Control and Robotics at the &nbsp;Polytechnic University of Catalonia, focuses on engineering in the fields of automatic control and robotics.It combines knowledge of industrial engineering, such as electrical and mechanical engineering, industrial electronics and some aspects of artificial intelligence.", "level": "master", "degree": "M.Sc.", "tuition_fee": {"value": 6535, "unit": "year", "currency": "EUR"}, "fulltime_duration": {"value": 24, "unit": "month"}, "density": {"parttime": false, "fulltime": true}, "methods": {"face2face": true, "online": false, "blended": false}, "organisation_id": 354, "organisation": "Polytechnic University of Catalonia", "venues": [{"city": "Barcelona", "country": "Spain", "area": "Catalonia", "display_area": false}], "discipline_title": "Artificial Intelligence", "discipline_id": 330}, {"id": 262955, "title": "Robotics and Autonomous Systems (with a Masters industrial placement)", "summary": "Robotics and Autonomous Systems (with a Masters industrial placement)&nbsp;degree offered at University of Sussex is for you if you\u2019re a non-engineering graduate wishing to work for engineering companies.", "level": "master", "degree": "M.Sc.", "tuition_fee": {"value": 13441, "unit": "year", "currency": "EUR"}, "fulltime_duration": {"value": 15, "unit": "month"}, "parttime_duration": {"value": 27, "unit": "month"}, "density": {"parttime": true, "fulltime": true}, "methods": {"face2face": true, "online": false, "blended": false}, "organisation_id": 275, "organisation": "University of Sussex", "venues": [{"city": "Brighton", "country": "United Kingdom", "area": "England", "display_area": true}], "discipline_title": "Artificial Intelligence", "discipline_id": 330}, {"id": 2539, "title": "Engineering - Robot Systems", "summary": "The Engineering - Robot Systems of University of Southern Denmark allows students to&nbsp;part in the development that occurs within drone- and robot systems.", "level": "master", "degree": "M.Sc.", "tuition_fee": {"value": 0, "unit": "year", "currency": "EUR"}, "fulltime_duration": {"value": 24, "unit": "month"}, "density": {"parttime": false, "fulltime": true}, "methods": {"face2face": true, "online": false, "blended": false}, "organisation_id": 180, "organisation": "University of Southern Denmark", "venues": [{"city": "Odense", "country": "Denmark", "area": "South Denmark", "display_area": false}], "discipline_title": "Artificial Intelligence", "discipline_id": 330}, {"id": 163174, "title": "Robotics", "summary": "The Robotics program at University of Maryland is a practice-oriented part-time graduate program designed to assist engineers and technical professionals in the development of their careers and to provide the expertise needed in the rapidly changing business, government, and industrial environments.", "level": "master", "degree": "M.Eng.", "tuition_fee": {"value": 36045, "unit": "year", "currency": "EUR"}, "fulltime_duration": {"value": 24, "unit": "month"}, "density": {"parttime": false, "fulltime": true}, "methods": {"face2face": true, "online": false, "blended": false}, "organisation_id": 11827, "organisation": "University of Maryland", "venues": [{"city": "College Park", "country": "United States", "area": "Maryland", "display_area": true}], "discipline_title": "Artificial Intelligence", "discipline_id": 330}, {"id": 288099, "title": "Artificial Intelligence", "summary": "The&nbsp;Artificial Intelligence programme offered at the&nbsp;Aston University&nbsp;aims to enable you to develop a systematic understanding of the Artificial Intelligence domain and the associated research and professional skills necessary in practice. You will develop the expertise to plan, design and implement appropriate AI solutions in practical scenarios.", "level": "master", "degree": "M.Sc.", "tuition_fee": {"value": 10578, "unit": "year", "currency": "EUR"}, "fulltime_duration": {"value": 12, "unit": "month"}, "density": {"parttime": false, "fulltime": true}, "methods": {"face2face": true, "online": false, "blended": false}, "organisation_id": 1227, "organisation": "Aston University", "venues": [{"city": "Birmingham", "country": "United Kingdom", "area": "England", "display_area": true}], "discipline_title": "Artificial Intelligence", "discipline_id": 330}, {"id": 24688, "title": "Computer Security Engineering and Artificial Intelligence", "summary": "This master's degree at Universitat Rovira i Virgili aims to provide students with professional training in computer engineering, telematic engineering and related fields that specialise in Computer Security Engineering and Artificial Intelligence.", "level": "master", "degree": "M.A.", "tuition_fee": {"value": 2913, "unit": "year", "currency": "EUR"}, "fulltime_duration": {"value": 24, "unit": "month"}, "density": {"parttime": false, "fulltime": true}, "methods": {"face2face": true, "online": false, "blended": false}, "organisation_id": 1108, "organisation": "Universitat Rovira i Virgili", "venues": [{"city": "Tarragona", "country": "Spain", "area": "Catalonia", "display_area": false}], "discipline_title": "Artificial Intelligence", "discipline_id": 330}, {"id": 263614, "title": "Artificial Intelligence", "summary": "Artificial Intelligence (AI) is transforming society and is sought after by industry, government and academia. City's practical MSc trains you in cutting-edge nature-inspired Artificial Intelligence in London.", "level": "master", "degree": "M.Sc.", "tuition_fee": {"value": 11314, "unit": "year", "currency": "EUR"}, "fulltime_duration": {"value": 12, "unit": "month"}, "density": {"parttime": false, "fulltime": true}, "methods": {"face2face": true, "online": false, "blended": false}, "organisation_id": 300, "organisation": "City, University of London", "venues": [{"city": "London", "country": "United Kingdom", "area": "England", "display_area": true}], "discipline_title": "Artificial Intelligence", "discipline_id": 330}, {"id": 46740, "title": "Artificial Intelligence", "summary": "The master's degree in Artificial Intelligence was created as a synergy between the PhD programme in Artificial Intelligence (AI) at the Barcelona School of Informatics of the UPC, the School of Engineering of the Rovira Virgili University (URV) and the Faculty of Mathematics of the&nbsp;&nbsp;Polytechnic University of Catalonia", "level": "master", "degree": "M.Sc.", "tuition_fee": {"value": 4901, "unit": "year", "currency": "EUR"}, "fulltime_duration": {"value": 18, "unit": "month"}, "density": {"parttime": false, "fulltime": true}, "methods": {"face2face": true, "online": false, "blended": false}, "organisation_id": 354, "organisation": "Polytechnic University of Catalonia", "venues": [{"city": "Barcelona", "country": "Spain", "area": "Catalonia", "display_area": false}], "discipline_title": "Artificial Intelligence", "discipline_id": 330}, {"id": 282006, "title": "Artificial Intelligence", "summary": "The&nbsp;Johannes Kepler University Linz&nbsp;Master's degree program in&nbsp; Artificial Intelligence gives you the expertise and skills necessary to become a driving force of innovation and development. You can also learn more about the connections between AI and the law as well as their sociological impact.", "level": "master", "degree": "M.Sc.", "tuition_fee": {"value": 0, "unit": "year", "currency": "EUR"}, "fulltime_duration": {"value": 24, "unit": "month"}, "density": {"parttime": false, "fulltime": true}, "methods": {"face2face": true, "online": false, "blended": false}, "organisation_id": 508, "organisation": "Johannes Kepler University Linz", "venues": [{"city": "Linz", "country": "Austria", "area": "Upper Austria", "display_area": false}], "discipline_title": "Artificial Intelligence", "discipline_id": 330}, {"id": 282040, "title": "Computer Science - Artificial Intelligence", "summary": "The Computer Science - Artificial Intelligence programme at National University of Ireland, Galway&nbsp;has been at the forefront of computer science research for over 50 years. In recent years a confluence of breakthroughs in hardware capability and insights into algorithm design have made the early promise of intelligent machines a reality.&nbsp;", "level": "master", "degree": "M.Sc.", "tuition_fee": {"value": 3975, "unit": "year", "currency": "EUR"}, "parttime_duration": {"value": 24, "unit": "month"}, "density": {"parttime": true, "fulltime": false}, "methods": {"face2face": false, "online": true, "blended": false}, "organisation_id": 1202, "organisation": "National University of Ireland, Galway", "venues": [{"city": "Galway", "country": "Ireland", "area": "Connaught", "display_area": false}], "discipline_title": "Artificial Intelligence", "discipline_id": 330}, {"id": 287385, "title": "Artificial Intelligence", "summary": "Artificial Intelligence offered by&nbsp;Boston University is an area of study that explores how to create computer programs that learn to make decisions, reason about data, and communicate with humans. In the MS in AI degree program, students learn to apply creative thinking, algorithmic design, and coding skills to build modern AI systems.", "level": "master", "degree": "M.Sc.", "tuition_fee": {"value": 50574, "unit": "year", "currency": "EUR"}, "fulltime_duration": {"value": 12, "unit": "month"}, "density": {"parttime": false, "fulltime": true}, "methods": {"face2face": true, "online": false, "blended": false}, "organisation_id": 1014, "organisation": "Boston University", "venues": [{"city": "Boston", "country": "United States", "area": "Massachusetts", "display_area": true}], "discipline_title": "Artificial Intelligence", "discipline_id": 330}, {"id": 71464, "title": "Computer Science - Artificial Intelligence", "summary": "The study program Computer Science - Artificial Intelligence programme from Charles University provides education in the area of theoretical and applied knowledge for the design of intelligent systems in various areas including data analysis, automated problem solving, and robotic applications.&nbsp;", "level": "master", "degree": "M.Sc.", "tuition_fee": {"value": 5555, "unit": "year", "currency": "EUR"}, "fulltime_duration": {"value": 24, "unit": "month"}, "density": {"parttime": false, "fulltime": true}, "methods": {"face2face": true, "online": false, "blended": false}, "organisation_id": 23, "organisation": "Charles University", "venues": [{"city": "Prague", "country": "Czech Republic", "area": "Hlavn\u00ed Mesto Praha", "display_area": false}], "discipline_title": "Artificial Intelligence", "discipline_id": 330}, {"id": 174460, "title": "Technology and Workforce Learning: Innovation Engineering", "summary": "The Department of Technology and Workforce Learning offers a Master of Science degree with a major in Technology.", "level": "master", "degree": "M.Sc.", "tuition_fee": {"value": 689, "unit": "credit", "currency": "EUR"}, "density": {"parttime": false, "fulltime": true}, "methods": {"face2face": true, "online": false, "blended": false}, "organisation_id": 16668, "organisation": "Pittsburg State University", "venues": [{"city": "Pittsburg", "country": "United States", "area": "Kansas", "display_area": true}], "discipline_title": "Artificial Intelligence", "discipline_id": 330}, {"id": 294216, "title": "Machine Learning", "summary": "The Machine Learning MSc at University College London (UCL) is a truly unique programme and provides an excellent environment to study the subject. It introduces the computational, mathematical and business views of machine learning to those who want to upgrade their expertise and portfolio of skills in this domain.", "level": "master", "degree": "M.Sc.", "tuition_fee": {"value": 16201, "unit": "year", "currency": "EUR"}, "fulltime_duration": {"value": 12, "unit": "month"}, "density": {"parttime": false, "fulltime": true}, "methods": {"face2face": true, "online": false, "blended": false}, "organisation_id": 271, "organisation": "University College London (UCL)", "venues": [{"city": "London", "country": "United Kingdom", "area": "England", "display_area": true}, {"city": "London", "country": "United Kingdom", "area": "England", "display_area": true}], "discipline_title": "Artificial Intelligence", "discipline_id": 330}, {"id": 14090, "title": "Artificial Intelligence", "summary": "What is intelligent behaviour? How can computers recognize faces and objects? In the&nbsp;Artificial Intelligence&nbsp;programme at the University of Groningen, you will learn how to design and implement intelligent systems.", "level": "master", "degree": "M.Sc.", "tuition_fee": {"value": 2083, "unit": "year", "currency": "EUR"}, "fulltime_duration": {"value": 24, "unit": "month"}, "density": {"parttime": false, "fulltime": true}, "methods": {"face2face": true, "online": false, "blended": false}, "organisation_id": 37, "organisation": "University of Groningen", "venues": [{"city": "Groningen", "country": "Netherlands", "area": "Province of Groningen", "display_area": false}], "discipline_title": "Artificial Intelligence", "discipline_id": 330}, {"id": 61209, "title": "Robotic Systems Development", "summary": "The Master of Science (M.S.) in Robotic Systems Development (MRSD) is an advanced graduate degree with a focus on technical and business skills. The program offered by Carnegie Mellon University&nbsp;is designed for recent college graduates or practicing professionals who wish to enter the robotics and automation field as practitioners in the commercial sector.", "level": "master", "degree": "M.Sc.", "tuition_fee": {"value": 48800, "unit": "year", "currency": "EUR"}, "fulltime_duration": {"value": 16, "unit": "month"}, "density": {"parttime": false, "fulltime": true}, "methods": {"face2face": true, "online": false, "blended": false}, "organisation_id": 11714, "organisation": "Carnegie Mellon University", "venues": [{"city": "Pittsburgh", "country": "United States", "area": "Pennsylvania", "display_area": true}], "discipline_title": "Artificial Intelligence", "discipline_id": 330}, {"id": 64484, "title": "Robotics", "summary": "The field of Robotics at&nbsp;Oregon State University has grown significantly in the last decade and continues to do so at an accelerating rate.&nbsp; Robots were, until very recently, in the hands of a few specialists, but are increasingly moving into the mainstream.&nbsp;", "level": "master", "degree": "M.Sc.", "tuition_fee": {"value": 10869, "unit": "year", "currency": "EUR"}, "fulltime_duration": {"value": 24, "unit": "month"}, "density": {"parttime": false, "fulltime": true}, "methods": {"face2face": true, "online": false, "blended": false}, "organisation_id": 12101, "organisation": "Oregon State University", "venues": [{"city": "Corvallis", "country": "United States", "area": "Oregon", "display_area": true}], "discipline_title": "Artificial Intelligence", "discipline_id": 330}, {"id": 131007, "title": "Artificial Intelligence", "summary": "Artificial intelligence deals with the theory, design, application, and development of biologically, socially and linguistically motivated computational paradigms.", "level": "master", "degree": "M.Sc.", "tuition_fee": {"value": 10748, "unit": "year", "currency": "EUR"}, "fulltime_duration": {"value": 12, "unit": "month"}, "parttime_duration": {"value": 24, "unit": "month"}, "density": {"parttime": true, "fulltime": true}, "methods": {"face2face": true, "online": false, "blended": false}, "organisation_id": 620, "organisation": "University of Essex", "venues": [{"city": "Colchester", "country": "United Kingdom", "area": "England", "display_area": true}], "discipline_title": "Artificial Intelligence", "discipline_id": 330}, {"id": 295622, "title": "Artificial Intelligence", "summary": "This specialist MSc Artificial Intelligence programme from University of Liverpool Online Programmes is designed to develop your skillset within this area, cultivating your practical skills and developing programming techniques, which will enable you to work effectively within the complex field of AI.&nbsp;&nbsp;", "level": "master", "degree": "M.Sc.", "tuition_fee": {"value": 20365, "unit": "year", "currency": "EUR"}, "density": {"parttime": true, "fulltime": false}, "methods": {"face2face": false, "online": true, "blended": false}, "organisation_id": 20019, "organisation": "University of Liverpool Online Programmes", "venues": [{"city": "Abbey Wood", "country": "United Kingdom", "area": "England", "display_area": true}], "discipline_title": "Artificial Intelligence", "discipline_id": 330}, {"id": 247571, "title": "Computer Science - Artificial Intelligence and Machine Learning", "summary": "The Master of Science in Computer Science at Sofia University provides students with a broad background in software development and other core disciplines of computer science. It also gives them the opportunity to further their knowledge in foundational and applied topics. Learn technological skills with humanistic values. Classes available onsite and online.", "level": "master", "degree": "M.Sc.", "tuition_fee": {"value": 18023, "unit": "year", "currency": "EUR"}, "density": {"parttime": false, "fulltime": true}, "methods": {"face2face": true, "online": true, "blended": false}, "organisation_id": 18702, "organisation": "Sofia University", "venues": [{"city": "Palo Alto", "country": "United States", "area": "California", "display_area": true}], "discipline_title": "Artificial Intelligence", "discipline_id": 330}, {"id": 264651, "title": "Informatics - Robotics and Intelligent Systems", "summary": "The Master in Informatics - Robotics and Intelligent Systems at University of Oslo has a focus on robotics systems and embedded systems. Especially on how to make such systems more intelligent and adaptable using programming, machine learning and other methods based in informatics. This programme will as such cover the competence needed in todays industry.", "level": "master", "degree": "Master", "tuition_fee": {"value": 0, "unit": "year", "currency": "EUR"}, "fulltime_duration": {"value": 24, "unit": "month"}, "density": {"parttime": false, "fulltime": true}, "methods": {"face2face": true, "online": false, "blended": false}, "organisation_id": 13, "organisation": "University of Oslo", "venues": [{"city": "Oslo", "country": "Norway", "area": "Oslo", "display_area": false}], "discipline_title": "Artificial Intelligence", "discipline_id": 330}, {"id": 263154, "title": "Artificial Intelligence with Robotics with Placement Year", "summary": "The School has a strong international reputation&nbsp;for research in this area and this expertise influences&nbsp;this course&nbsp;which&nbsp;explores current research and practice in artificial intelligence and robotics. This Artificial Intelligence with Robotics with Placement Year programme, offered by University of Hertfordshire, can lead to a career such as a designer of intelligent systems or in research.", "level": "master", "degree": "M.Sc.", "tuition_fee": {"value": 10098, "unit": "year", "currency": "EUR"}, "fulltime_duration": {"value": 24, "unit": "month"}, "density": {"parttime": false, "fulltime": true}, "methods": {"face2face": true, "online": false, "blended": false}, "organisation_id": 310, "organisation": "University of Hertfordshire", "venues": [{"city": "Hatfield", "country": "United Kingdom", "area": "England", "display_area": true}], "discipline_title": "Artificial Intelligence", "discipline_id": 330}, {"id": 102377, "title": "Robotics", "summary": "The Master of Science in Robotics (MSR) program at Carnegie Mellon University&nbsp;brings together areas of robotics research that would otherwise be spread across different departments or separate universities. It focuses on preparing students to take a leading role in the research and development of future generations of integrated robotics technologies and systems.", "level": "master", "degree": "M.Sc.", "tuition_fee": {"value": 46508, "unit": "year", "currency": "EUR"}, "fulltime_duration": {"value": 24, "unit": "month"}, "density": {"parttime": false, "fulltime": true}, "methods": {"face2face": true, "online": false, "blended": false}, "organisation_id": 11714, "organisation": "Carnegie Mellon University", "venues": [{"city": "Pittsburgh", "country": "United States", "area": "Pennsylvania", "display_area": true}], "discipline_title": "Artificial Intelligence", "discipline_id": 330}, {"id": 32486, "title": "Artificial Intelligence", "summary": "Artificial Intelligence from&nbsp;University of Amsterdam is a field that develops intelligent algorithms and machines. Examples include: self-driving cars, smart cameras, surveillance systems, robotic manufacturing, machine translations, internet searches, and product recommendations.&nbsp;", "level": "master", "degree": "M.Sc.", "tuition_fee": {"value": 2143, "unit": "year", "currency": "EUR"}, "fulltime_duration": {"value": 24, "unit": "month"}, "density": {"parttime": false, "fulltime": true}, "methods": {"face2face": true, "online": false, "blended": false}, "organisation_id": 39, "organisation": "University of Amsterdam", "venues": [{"city": "Amsterdam", "country": "Netherlands", "area": "North Holland", "display_area": false}], "discipline_title": "Artificial Intelligence", "discipline_id": 330}, {"id": 264942, "title": "Artificial Intelligence", "summary": "The&nbsp;Artificial Intelligence programme at&nbsp;Cork Institute of Technology content delivers a comprehensive range of topics, integral to the study of AI. These include machine learning, deep learning, natural language processing, optimisation and big data processing to name but a few", "level": "master", "degree": "M.Sc.", "tuition_fee": {"value": 5507, "unit": "year", "currency": "EUR"}, "fulltime_duration": {"value": 12, "unit": "month"}, "density": {"parttime": false, "fulltime": true}, "methods": {"face2face": true, "online": true, "blended": false}, "organisation_id": 724, "organisation": "Cork Institute of Technology", "venues": [{"city": "Cork", "country": "Ireland", "area": "Munster", "display_area": false}], "discipline_title": "Artificial Intelligence", "discipline_id": 330}, {"id": 28439, "title": "Robotics and Cybernetics", "summary": "The profile of the master degree in Robotics and Cybernetics at the Slovak University of Technology in Bratislava is designed in such a way that a graduate gains a high quality master degree education based on the knowledge of automatic process control cybernetic modeling robotic systems design.", "level": "master", "degree": "M.Sc.", "tuition_fee": {"value": 3500, "unit": "year", "currency": "EUR"}, "fulltime_duration": {"value": 24, "unit": "month"}, "density": {"parttime": false, "fulltime": true}, "methods": {"face2face": true, "online": false, "blended": false}, "organisation_id": 1361, "organisation": "Slovak University of Technology in Bratislava", "venues": [{"city": "Bratislava", "country": "Slovakia", "area": "Bratislavsk\u00fd", "display_area": false}], "discipline_title": "Artificial Intelligence", "discipline_id": 330}, {"id": 912, "title": "Artificial Intelligence", "summary": "The Artificial Intelligence programme offered by&nbsp;The University of Edinburgh&nbsp;is taught at the UK\u2019s longest established centre for artificial intelligence, which remains one of the best in the world.", "level": "master", "degree": "M.Sc.", "tuition_fee": {"value": 8259, "unit": "year", "currency": "EUR"}, "fulltime_duration": {"value": 12, "unit": "month"}, "parttime_duration": {"value": 24, "unit": "month"}, "density": {"parttime": true, "fulltime": true}, "methods": {"face2face": true, "online": false, "blended": false}, "organisation_id": 43, "organisation": "The University of Edinburgh", "venues": [{"city": "Edinburgh", "country": "United Kingdom", "area": "Scotland", "display_area": true}], "discipline_title": "Artificial Intelligence", "discipline_id": 330}, {"id": 286184, "title": "Intelligent Robotics", "summary": "This Intelligent Robotics course from University of York will provide you with the tools and skills necessary to become a leader in these expanding areas.&nbsp;They'll prepare you for employment in robotic and autonomous systems, related industries, and equip you to pursue further research into intelligent robotics.&nbsp;", "level": "master", "degree": "M.Sc.", "tuition_fee": {"value": 10194, "unit": "year", "currency": "EUR"}, "fulltime_duration": {"value": 12, "unit": "month"}, "density": {"parttime": false, "fulltime": true}, "methods": {"face2face": true, "online": false, "blended": false}, "organisation_id": 265, "organisation": "University of York", "venues": [{"city": "York", "country": "United Kingdom", "area": "England", "display_area": true}], "discipline_title": "Artificial Intelligence", "discipline_id": 330}, {"id": 297518, "title": "Control, Automation and Artificial Intelligence", "summary": "The Control, Automation and Artificial Intelligence course at&nbsp;Coventry University covers three specialist pathways within the field of control systems engineering, which feature a balance between theoretical and practical content and is therefore designed for graduates in engineering or science.", "level": "master", "degree": "M.Sc.", "tuition_fee": {"value": 10409, "unit": "year", "currency": "EUR"}, "fulltime_duration": {"value": 12, "unit": "month"}, "parttime_duration": {"value": 24, "unit": "month"}, "density": {"parttime": true, "fulltime": true}, "methods": {"face2face": true, "online": false, "blended": false}, "organisation_id": 284, "organisation": "Coventry University", "venues": [{"city": "Coventry", "country": "United Kingdom", "area": "England", "display_area": true}], "discipline_title": "Artificial Intelligence", "discipline_id": 330}, {"id": 65137, "title": "Robotics Engineering", "summary": "With the first-of-its-kind bachelor\u2019s degree in robotics engineering and one of the first such graduate programs in the nation, WPI is at the forefront of robotics education and research. &nbsp;", "level": "master", "degree": "M.Sc.", "tuition_fee": {"value": 1447, "unit": "credit", "currency": "EUR"}, "density": {"parttime": false, "fulltime": true}, "methods": {"face2face": true, "online": false, "blended": false}, "organisation_id": 12136, "organisation": "Worcester Polytechnic Institute", "venues": [{"city": "Worcester", "country": "United States", "area": "Massachusetts", "display_area": true}], "discipline_title": "Artificial Intelligence", "discipline_id": 330}, {"id": 275392, "title": "Artificial Intelligence (2 years)", "summary": "The&nbsp;Artificial Intelligence (2 years)&nbsp;programme at Heriot-Watt University offers an opportunity for students looking to transition to a new career path in Artificial Intelligence (AI), yet coming from a background outside Computing.&nbsp;", "level": "master", "degree": "M.Sc.", "tuition_fee": {"value": 8110, "unit": "year", "currency": "EUR"}, "fulltime_duration": {"value": 24, "unit": "month"}, "density": {"parttime": false, "fulltime": true}, "methods": {"face2face": true, "online": false, "blended": false}, "organisation_id": 272, "organisation": "Heriot-Watt University", "venues": [{"city": "Edinburgh", "country": "United Kingdom", "area": "Scotland", "display_area": true}], "discipline_title": "Artificial Intelligence", "discipline_id": 330}, {"id": 195207, "title": "Robotics and Intelligent Machine Engineering", "summary": "The Robotics and Intelligent Machine Engineering program of the National University of Sciences and Technology is focused towards advanced level education and state of the art research in the cutting edge areas of:&nbsp;Robotics &amp; Automation,&nbsp;Mechatronics &amp; MEMS,&nbsp;Control Systems Engineering,&nbsp;Machine Intelligence and&nbsp;Computer Vision.", "level": "master", "degree": "M.Sc.", "tuition_fee": {"value": 1645, "unit": "year", "currency": "EUR"}, "fulltime_duration": {"value": 12, "unit": "month"}, "density": {"parttime": false, "fulltime": true}, "methods": {"face2face": true, "online": false, "blended": false}, "organisation_id": 14531, "organisation": "National University of Sciences and Technology", "venues": [{"city": "Islamabad", "country": "Pakistan", "area": "Islamabad", "display_area": false}], "discipline_title": "Artificial Intelligence", "discipline_id": 330}, {"id": 197085, "title": "Artificial Intelligence", "summary": "The Department of Computational Mathematics of the Faculty of&nbsp;Information Technology of University of&nbsp;Moratuwa&nbsp;offers&nbsp;firstever&nbsp;MSc&nbsp;in&nbsp;Artificial&nbsp;Intelligence (AI)&nbsp;programme&nbsp;in Sri Lanka.", "level": "master", "degree": "M.Sc.", "fulltime_duration": {"value": 12, "unit": "month"}, "parttime_duration": {"value": 24, "unit": "month"}, "density": {"parttime": true, "fulltime": true}, "methods": {"face2face": true, "online": false, "blended": false}, "organisation_id": 17255, "organisation": "University of Moratuwa", "venues": [{"city": "Moratuwa", "country": "Sri Lanka", "area": "Western", "display_area": false}], "discipline_title": "Artificial Intelligence", "discipline_id": 330}, {"id": 244081, "title": "Computer and Information Science - Artificial Intelligence and Modeling", "summary": "This program is designed for students seeking a quality education in preparation for employment, career advancement, or further graduate study at the Ph.D. level.", "level": "master", "degree": "M.Sc.", "tuition_fee": {"value": 15705, "unit": "year", "currency": "EUR"}, "density": {"parttime": false, "fulltime": true}, "methods": {"face2face": false, "online": true, "blended": false}, "organisation_id": 18582, "organisation": "State University of New York Polytechnic Institute", "venues": [{"city": "Utica", "country": "United States", "area": "New York", "display_area": true}], "discipline_title": "Artificial Intelligence", "discipline_id": 330}, {"id": 261456, "title": "Robotics and Automation", "summary": "Robotics and Automation degree offered at University of Salford is&nbsp;relevant for students who already have a strong engineering background and wish to specialise in robotics and automation. You will gain a firm grounding in control engineering and intelligent systems concepts.&nbsp;", "level": "master", "degree": "M.Sc.", "tuition_fee": {"value": 8798, "unit": "year", "currency": "EUR"}, "fulltime_duration": {"value": 12, "unit": "month"}, "parttime_duration": {"value": 27, "unit": "month"}, "density": {"parttime": true, "fulltime": true}, "methods": {"face2face": true, "online": false, "blended": false}, "organisation_id": 252, "organisation": "University of Salford", "venues": [{"city": "Salford", "country": "United Kingdom", "area": "England", "display_area": true}], "discipline_title": "Artificial Intelligence", "discipline_id": 330}, {"id": 283813, "title": "Robotics", "summary": "Aalborg University\u2019s new M.Sc. programme in Robotics is an engineering programme targeted at B.Sc. graduates interested in robot programming, control systems and software.", "level": "master", "degree": "M.Sc.", "tuition_fee": {"value": 0, "unit": "year", "currency": "EUR"}, "fulltime_duration": {"value": 24, "unit": "month"}, "density": {"parttime": false, "fulltime": true}, "methods": {"face2face": true, "online": false, "blended": false}, "organisation_id": 301, "organisation": "Aalborg University", "venues": [{"city": "Aalborg", "country": "Denmark", "area": "North Jutland", "display_area": false}], "discipline_title": "Artificial Intelligence", "discipline_id": 330}, {"id": 277894, "title": "Robotics", "summary": "Robotics is one of the world\u2019s fastest growing fields. It has the potential to revolutionise society. There are two aspects to robotics that are of interest to scientists and engineers. The physical design and construction of robots, and the algorithms that are used for control. This course is offered at the&nbsp;University of the Witwatersrand, Johannesburg.", "level": "master", "degree": "M.Sc.", "tuition_fee": {"value": 2164, "unit": "year", "currency": "EUR"}, "fulltime_duration": {"value": 12, "unit": "month"}, "density": {"parttime": true, "fulltime": true}, "methods": {"face2face": true, "online": false, "blended": false}, "organisation_id": 13162, "organisation": "University of the Witwatersrand, Johannesburg", "venues": [{"city": "Johannesburg", "country": "South Africa", "area": "Gauteng", "display_area": false}], "discipline_title": "Artificial Intelligence", "discipline_id": 330}, {"id": 278041, "title": "Robotics and Autonomous Systems including three-month placement", "summary": "Robotics and Autonomous Systems including three-month placement&nbsp;degree offered at University of Bath will help you take your career forward in an innovative and developing area of engineering.", "level": "master", "degree": "M.Sc.", "tuition_fee": {"value": 13435, "unit": "year", "currency": "EUR"}, "fulltime_duration": {"value": 15, "unit": "month"}, "density": {"parttime": false, "fulltime": true}, "methods": {"face2face": true, "online": false, "blended": false}, "organisation_id": 236, "organisation": "University of Bath", "venues": [{"city": "Bath", "country": "United Kingdom", "area": "England", "display_area": true}], "discipline_title": "Artificial Intelligence", "discipline_id": 330}, {"id": 270819, "title": "Artificial Intelligence", "summary": "By taking the Artificial Intelligence programme from Cardiff University you will explore the techniques and applications of artificial intelligence (AI) and develop your practical skills through exposure to real-world problems and datasets.", "level": "master", "degree": "M.Sc.", "tuition_fee": {"value": 10974, "unit": "year", "currency": "EUR"}, "fulltime_duration": {"value": 12, "unit": "month"}, "density": {"parttime": false, "fulltime": true}, "methods": {"face2face": true, "online": false, "blended": false}, "organisation_id": 148, "organisation": "Cardiff University", "venues": [{"city": "Cardiff", "country": "United Kingdom", "area": "Wales", "display_area": true}], "discipline_title": "Artificial Intelligence", "discipline_id": 330}, {"id": 294017, "title": "Human-Computer Interaction", "summary": "Human-Computer Interaction (HCI) programme from&nbsp;University College London (UCL) is concerned with the design and use of computer and mobile technology, focusing on the interfaces between people and systems.&nbsp;", "level": "master", "degree": "M.Sc.", "tuition_fee": {"value": 13384, "unit": "year", "currency": "EUR"}, "fulltime_duration": {"value": 12, "unit": "month"}, "parttime_duration": {"value": 36, "unit": "month"}, "density": {"parttime": true, "fulltime": true}, "methods": {"face2face": true, "online": false, "blended": false}, "organisation_id": 271, "organisation": "University College London (UCL)", "venues": [{"city": "London", "country": "United Kingdom", "area": "England", "display_area": true}, {"city": "London", "country": "United Kingdom", "area": "England", "display_area": true}], "discipline_title": "Artificial Intelligence", "discipline_id": 330}, {"id": 275507, "title": "Human Robot Interaction", "summary": "Heriot-Watt University is recognized as an international leader in Robotics and its subdiscipline of Human-Robot Interaction.&nbsp;", "level": "master", "degree": "M.Sc.", "tuition_fee": {"value": 8110, "unit": "year", "currency": "EUR"}, "fulltime_duration": {"value": 12, "unit": "month"}, "density": {"parttime": true, "fulltime": true}, "methods": {"face2face": true, "online": false, "blended": false}, "organisation_id": 272, "organisation": "Heriot-Watt University", "venues": [{"city": "Edinburgh", "country": "United Kingdom", "area": "Scotland", "display_area": true}], "discipline_title": "Artificial Intelligence", "discipline_id": 330}, {"id": 3395, "title": "Artificial Intelligence", "summary": "The Artificial Intelligence MSc degree at King's College London is designed to give graduates the understanding, practical knowledge and expertise to evaluate, design and build intelligent systems using an extensive range of tools and techniques.", "level": "master", "degree": "M.Sc.", "tuition_fee": {"value": 11201, "unit": "year", "currency": "EUR"}, "fulltime_duration": {"value": 12, "unit": "month"}, "density": {"parttime": false, "fulltime": true}, "methods": {"face2face": true, "online": false, "blended": false}, "organisation_id": 164, "organisation": "King's College London", "venues": [{"city": "London", "country": "United Kingdom", "area": "England", "display_area": true}, {"city": "London", "country": "United Kingdom", "area": "England", "display_area": true}], "discipline_title": "Artificial Intelligence", "discipline_id": 330}, {"id": 44681, "title": "Robotics", "summary": "The MSc in Robotics programme at the University of Bristol will provide you with the ability to understand, design and implement modern robotic systems.", "level": "master", "degree": "M.Sc.", "tuition_fee": {"value": 13011, "unit": "year", "currency": "EUR"}, "fulltime_duration": {"value": 12, "unit": "month"}, "parttime_duration": {"value": 24, "unit": "month"}, "density": {"parttime": true, "fulltime": true}, "methods": {"face2face": true, "online": false, "blended": false}, "organisation_id": 147, "organisation": "University of Bristol", "venues": [{"city": "Bristol", "country": "United Kingdom", "area": "England", "display_area": true}], "discipline_title": "Artificial Intelligence", "discipline_id": 330}, {"id": 212179, "title": "Artificial Intelligence", "summary": "Artificial Intelligence at University of Aberdeen (AI) forms part of many digital systems. No longer is AI seen as a special feature within software, but as an important development expected in modern systems.&nbsp;", "level": "master", "degree": "M.Sc.", "tuition_fee": {"value": 11314, "unit": "year", "currency": "EUR"}, "fulltime_duration": {"value": 12, "unit": "month"}, "parttime_duration": {"value": 36, "unit": "month"}, "density": {"parttime": true, "fulltime": true}, "methods": {"face2face": true, "online": false, "blended": false}, "organisation_id": 738, "organisation": "University of Aberdeen", "venues": [{"city": "Aberdeen", "country": "United Kingdom", "area": "Scotland", "display_area": true}], "discipline_title": "Artificial Intelligence", "discipline_id": 330}, {"id": 262082, "title": "Robotics", "summary": "Robotics&nbsp;degree offered at University of Sheffield is&nbsp;respected by employers all over the world.", "level": "master", "degree": "M.Sc.", "tuition_fee": {"value": 14142, "unit": "year", "currency": "EUR"}, "fulltime_duration": {"value": 12, "unit": "month"}, "density": {"parttime": false, "fulltime": true}, "methods": {"face2face": true, "online": false, "blended": false}, "organisation_id": 232, "organisation": "University of Sheffield", "venues": [{"city": "Sheffield", "country": "United Kingdom", "area": "England", "display_area": true}], "discipline_title": "Artificial Intelligence", "discipline_id": 330}, {"id": 293545, "title": "Digital Intelligent Control Systems", "summary": "The Digital Intelligent Control Systems&nbsp;program at&nbsp;Siberian Federal University&nbsp;provides training in developing embedded intelligent control systems based on modern microprocessors, microcontrollers and programmable integrated circuits (FPGA, PLD, SoC).&nbsp;", "level": "master", "degree": "M.Sc.", "tuition_fee": {"value": 3788, "unit": "year", "currency": "EUR"}, "fulltime_duration": {"value": 24, "unit": "month"}, "density": {"parttime": false, "fulltime": true}, "methods": {"face2face": true, "online": false, "blended": true}, "organisation_id": 11319, "organisation": "Siberian Federal University", "venues": [{"city": "Krasnoyarsk", "country": "Russia", "area": "Krasnoyarskiy", "display_area": false}], "discipline_title": "Artificial Intelligence", "discipline_id": 330}, {"id": 13116, "title": "Robotics, Cognition, Intelligence", "summary": "The master's program in Robotics, Cognition, Intelligence at Technical University of Munich is unique in Germany. It combines various engineering disciplines, such as mechanical and electrical engineering, with informatics.", "level": "master", "degree": "M.Sc.", "tuition_fee": {"value": 0, "unit": "year", "currency": "EUR"}, "fulltime_duration": {"value": 24, "unit": "month"}, "density": {"parttime": false, "fulltime": true}, "methods": {"face2face": true, "online": false, "blended": false}, "organisation_id": 41, "organisation": "Technical University of Munich", "venues": [{"city": "M\u00fcnchen", "country": "Germany", "area": "Bavaria", "display_area": false}], "discipline_title": "Artificial Intelligence", "discipline_id": 330}, {"id": 294902, "title": "Cyber-Physical and Social Systems", "summary": "CPS2 is an international track of the master in Computer Science of  University of Lyon, jointly operated by University of Saint-Etienne and  Mines Saint-Etienne - Institut Mines Telecom.", "level": "master", "degree": "M.Sc.", "tuition_fee": {"value": 750, "unit": "year", "currency": "EUR"}, "fulltime_duration": {"value": 24, "unit": "month"}, "density": {"parttime": false, "fulltime": true}, "methods": {"face2face": true, "online": false, "blended": false}, "organisation_id": 273, "organisation": "University Jean Monnet (Saint-\u00c9tienne)", "venues": [{"city": "Saint-\u00c9tienne", "country": "France", "area": "Rh\u00f4ne-Alpes", "display_area": false}], "discipline_title": "Artificial Intelligence", "discipline_id": 330}, {"id": 63869, "title": "Robotics", "summary": "The Robotics program of University of Pennsylvania is jointly sponsored by the Departments of Computer and Information Science, Electrical and Systems Engineering, and Mechanical Engineering and Applied Mechanics.", "level": "master", "degree": "M.Sc.", "tuition_fee": {"value": 6756, "unit": "module", "currency": "EUR"}, "fulltime_duration": {"value": 18, "unit": "month"}, "density": {"parttime": false, "fulltime": true}, "methods": {"face2face": true, "online": false, "blended": false}, "organisation_id": 11746, "organisation": "University of Pennsylvania", "venues": [{"city": "Philadelphia", "country": "United States", "area": "Pennsylvania", "display_area": true}], "discipline_title": "Artificial Intelligence", "discipline_id": 330}, {"id": 227096, "title": "Artificial Intelligence", "summary": "If you are looking to pursue a career in the booming field of Artificial Intelligence (AI), this programme is designed for you.&nbsp;Artificial Intelligence&nbsp;offered at Queen Mary University of London&nbsp;is rapidly changing the way we live, work and learn.&nbsp;", "level": "master", "degree": "M.Sc.", "tuition_fee": {"value": 12332, "unit": "year", "currency": "EUR"}, "fulltime_duration": {"value": 12, "unit": "month"}, "parttime_duration": {"value": 24, "unit": "month"}, "density": {"parttime": true, "fulltime": true}, "methods": {"face2face": true, "online": false, "blended": false}, "organisation_id": 291, "organisation": "Queen Mary University of London", "venues": [{"city": "London", "country": "United Kingdom", "area": "England", "display_area": true}], "discipline_title": "Artificial Intelligence", "discipline_id": 330}, {"id": 255813, "title": "Robotics", "summary": "In this Robotics course from Sheffield Hallam University, you'll undertake specialist research into a robotics field of your choice. You'll benefit from cutting-edge facilities in the Centre for Automation and Robotics Research (CARR), as well as from the advice and tutelage of leading experts. You'll graduate with excellent credentials in a particularly relevant subject.", "level": "master", "degree": "M.Phil.", "tuition_fee": {"value": 4986, "unit": "year", "currency": "EUR"}, "fulltime_duration": {"value": 24, "unit": "month"}, "density": {"parttime": false, "fulltime": true}, "methods": {"face2face": true, "online": false, "blended": false}, "organisation_id": 240, "organisation": "Sheffield Hallam University", "venues": [{"city": "Sheffield", "country": "United Kingdom", "area": "England", "display_area": true}], "discipline_title": "Artificial Intelligence", "discipline_id": 330}, {"id": 262958, "title": "Robotics and Autonomous Systems", "summary": "Robotics and Autonomous Systems&nbsp;degree offered at University of Sussex is for you if you\u2019re a non-engineering graduate wishing to work for engineering companies.&nbsp;", "level": "master", "degree": "M.Sc.", "tuition_fee": {"value": 12445, "unit": "year", "currency": "EUR"}, "fulltime_duration": {"value": 12, "unit": "month"}, "parttime_duration": {"value": 24, "unit": "month"}, "density": {"parttime": true, "fulltime": true}, "methods": {"face2face": true, "online": false, "blended": false}, "organisation_id": 275, "organisation": "University of Sussex", "venues": [{"city": "Brighton", "country": "United Kingdom", "area": "England", "display_area": true}], "discipline_title": "Artificial Intelligence", "discipline_id": 330}, {"id": 251528, "title": "Artificial Intelligence", "summary": "Artificial Intelligence is a well-established, exciting branch of computer science concerned with methods to make computers, or machines in general, intelligent. The techniques used in AI are as diverse as the problems tackled: they range from classical logic to statistical approaches to simulate brains.The&nbsp;Artificial Intelligence programme is offered at The University of Manchester.", "level": "master", "degree": "M.Sc.", "tuition_fee": {"value": 13011, "unit": "year", "currency": "EUR"}, "fulltime_duration": {"value": 12, "unit": "month"}, "density": {"parttime": true, "fulltime": true}, "methods": {"face2face": true, "online": false, "blended": false}, "organisation_id": 255, "organisation": "The University of Manchester", "venues": [{"city": "Manchester", "country": "United Kingdom", "area": "England", "display_area": true}], "discipline_title": "Artificial Intelligence", "discipline_id": 330}, {"id": 92084, "title": "Artificial Intelligence with Speech and Multimodal Interaction", "summary": "If you have ever wondered how to build an AI system like Siri or Cortana which can understand human language and carry out conversations with people, or how to build an interactive robot that can speak with humans, then the Artificial Intelligence with Speech and Multimodal Interaction programme at Heriot-Watt University will provide all the knowledge and skills you need.", "level": "master", "degree": "M.Sc.", "tuition_fee": {"value": 8110, "unit": "year", "currency": "EUR"}, "fulltime_duration": {"value": 12, "unit": "month"}, "parttime_duration": {"value": 24, "unit": "month"}, "density": {"parttime": true, "fulltime": true}, "methods": {"face2face": true, "online": false, "blended": false}, "organisation_id": 4920, "organisation": "School of Mathematical and Computer Sciences", "venues": [{"city": "Edinburgh", "country": "United Kingdom", "area": "Scotland", "display_area": true}], "discipline_title": "Artificial Intelligence", "discipline_id": 330}, {"id": 276068, "title": "Advanced Robotics", "summary": "Advanced Robotics&nbsp;programme offered at Queen Mary University of London&nbsp;will provide a unique opportunity to study advanced robotics topics in intensive detail.&nbsp;", "level": "master", "degree": "M.Sc.", "tuition_fee": {"value": 12332, "unit": "year", "currency": "EUR"}, "fulltime_duration": {"value": 12, "unit": "month"}, "density": {"parttime": false, "fulltime": true}, "methods": {"face2face": true, "online": false, "blended": false}, "organisation_id": 291, "organisation": "Queen Mary University of London", "venues": [{"city": "London", "country": "United Kingdom", "area": "England", "display_area": true}], "discipline_title": "Artificial Intelligence", "discipline_id": 330}, {"id": 261758, "title": "Cybersecurity and Artificial Intelligence", "summary": "Cybersecurity and Artificial Intelligence&nbsp;&nbsp;degree offered at University of Sheffield&nbsp;teaches you how to apply what you learn in business and industry, anywhere in the world.", "level": "master", "degree": "M.Sc.", "tuition_fee": {"value": 14142, "unit": "year", "currency": "EUR"}, "fulltime_duration": {"value": 12, "unit": "month"}, "density": {"parttime": false, "fulltime": true}, "methods": {"face2face": true, "online": false, "blended": false}, "organisation_id": 232, "organisation": "University of Sheffield", "venues": [{"city": "Sheffield", "country": "United Kingdom", "area": "England", "display_area": true}], "discipline_title": "Artificial Intelligence", "discipline_id": 330}, {"id": 12942, "title": "Intelligent Systems and Robotics", "summary": "Robotics requires a well-developed knowledge of areas ranging from computer science and artificial intelligence, to engineering and neuroscience, in order to produce hardware which can sense and manipulate the real world. This field has allowed us to develop everything from satellites and submarines, to racecars and robots.", "level": "master", "degree": "M.Sc.", "tuition_fee": {"value": 10748, "unit": "year", "currency": "EUR"}, "fulltime_duration": {"value": 12, "unit": "month"}, "parttime_duration": {"value": 24, "unit": "month"}, "density": {"parttime": true, "fulltime": true}, "methods": {"face2face": true, "online": false, "blended": false}, "organisation_id": 620, "organisation": "University of Essex", "venues": [{"city": "Colchester", "country": "United Kingdom", "area": "England", "display_area": true}], "discipline_title": "Artificial Intelligence", "discipline_id": 330}, {"id": 297671, "title": "Intelligent Maintenance Engineering (with optional placement)", "summary": "The Intelligent Maintenance Engineering (with optional placement)&nbsp;course at&nbsp;University of Central Lancashire (UCLan)&nbsp;&nbsp;adopts a range of approaches to the delivery of curriculum including: case studies, lectures, practical sessions, independent learning guided by a tutor and tutorial sessions.", "level": "master", "degree": "Master", "tuition_fee": {"value": 7807, "unit": "year", "currency": "EUR"}, "fulltime_duration": {"value": 12, "unit": "month"}, "parttime_duration": {"value": 24, "unit": "month"}, "density": {"parttime": true, "fulltime": true}, "methods": {"face2face": true, "online": false, "blended": false}, "organisation_id": 217, "organisation": "University of Central Lancashire (UCLan)", "venues": [{"city": "Preston", "country": "United Kingdom", "area": "England", "display_area": true}], "discipline_title": "Artificial Intelligence", "discipline_id": 330}, {"id": 294102, "title": "Integrated Machine Learning Systems", "summary": "This MSc Integrated Machine Learning Systems programme from University College London (UCL)&nbsp;teaches how to engineer the machine learning systems that will form the basis of our economies, society and industry in the next few decades.&nbsp;", "level": "master", "degree": "M.Sc.", "tuition_fee": {"value": 15432, "unit": "year", "currency": "EUR"}, "fulltime_duration": {"value": 12, "unit": "month"}, "parttime_duration": {"value": 24, "unit": "month"}, "density": {"parttime": true, "fulltime": true}, "methods": {"face2face": true, "online": false, "blended": false}, "organisation_id": 271, "organisation": "University College London (UCL)", "venues": [{"city": "London", "country": "United Kingdom", "area": "England", "display_area": true}, {"city": "London", "country": "United Kingdom", "area": "England", "display_area": true}], "discipline_title": "Artificial Intelligence", "discipline_id": 330}, {"id": 282122, "title": "Artificial Intelligence with a Year in Industry", "summary": "This Artificial Intelligence with a Year in Industry degree at&nbsp;Royal Holloway University of London&nbsp;&nbsp;provides you with the foundational knowledge and the practical skills required to operate with these disruptive technologies.", "level": "master", "degree": "M.Sc.", "tuition_fee": {"value": 12785, "unit": "year", "currency": "EUR"}, "fulltime_duration": {"value": 24, "unit": "month"}, "density": {"parttime": false, "fulltime": true}, "methods": {"face2face": true, "online": false, "blended": false}, "organisation_id": 307, "organisation": "Royal Holloway University of London", "venues": [{"city": "London", "country": "United Kingdom", "area": "England", "display_area": true}], "discipline_title": "Artificial Intelligence", "discipline_id": 330}, {"id": 275508, "title": "Human Robot Interaction (2 years)", "summary": "Heriot-Watt University is recognized as an international leader in Robotics with world-leading expertise in the area of Human-Robot Interaction.&nbsp;", "level": "master", "degree": "M.Sc.", "tuition_fee": {"value": 8110, "unit": "year", "currency": "EUR"}, "fulltime_duration": {"value": 24, "unit": "month"}, "density": {"parttime": false, "fulltime": true}, "methods": {"face2face": true, "online": false, "blended": false}, "organisation_id": 272, "organisation": "Heriot-Watt University", "venues": [{"city": "Edinburgh", "country": "United Kingdom", "area": "Scotland", "display_area": true}], "discipline_title": "Artificial Intelligence", "discipline_id": 330}, {"id": 227121, "title": "Artificial Intelligence with Industrial Experience", "summary": "If you are looking to pursue a career in the booming field of Artificial Intelligence (AI), Artificial Intelligence with Industrial Experience&nbsp;offered at Queen Mary University of London&nbsp;is designed for you.&nbsp;Artificial Intelligence (AI) is rapidly changing the way we live, work and learn.", "level": "master", "degree": "M.Sc.", "tuition_fee": {"value": 12332, "unit": "year", "currency": "EUR"}, "fulltime_duration": {"value": 24, "unit": "month"}, "density": {"parttime": false, "fulltime": true}, "methods": {"face2face": true, "online": false, "blended": false}, "organisation_id": 291, "organisation": "Queen Mary University of London", "venues": [{"city": "London", "country": "United Kingdom", "area": "England", "display_area": true}], "discipline_title": "Artificial Intelligence", "discipline_id": 330}, {"id": 240121, "title": "Robotics", "summary": "This Robotics program from&nbsp;Swiss Federal Institute of Technology Lausanne&nbsp;provides education on the theory, technology and practice of intelligent robots, such as mobile robots, wearable robots, robotic manipulators, autonomous and brain-interfaced robots.", "level": "master", "degree": "M.Sc.", "tuition_fee": {"value": 1138, "unit": "year", "currency": "EUR"}, "fulltime_duration": {"value": 24, "unit": "month"}, "density": {"parttime": false, "fulltime": true}, "methods": {"face2face": true, "online": false, "blended": false}, "organisation_id": 428, "organisation": "Swiss Federal Institute of Technology Lausanne", "venues": [{"city": "Lausanne", "country": "Switzerland", "area": "Vaud", "display_area": false}], "discipline_title": "Artificial Intelligence", "discipline_id": 330}, {"id": 292664, "title": "IMSISS - International Master in Security, Intelligence and Strategic Studies", "summary": "The International Master in Security, Intelligence and Strategic Studies - IMSISS programme from University of Trento&nbsp;adopts a unique approach to the study of security by combining theoretical, applied and empirical knowledge and skill sets.", "level": "master", "degree": "Master", "tuition_fee": {"value": 16141, "unit": "year", "currency": "EUR"}, "fulltime_duration": {"value": 24, "unit": "month"}, "density": {"parttime": false, "fulltime": true}, "methods": {"face2face": true, "online": false, "blended": false}, "organisation_id": 321, "organisation": "University of Trento", "venues": [{"city": "Trento", "country": "Italy", "area": "Trentino-Alto Adige", "display_area": false}], "discipline_title": "Artificial Intelligence", "discipline_id": 330}, {"id": 1208, "title": "Automation and Robotics", "summary": "The M.Sc. Automation and Robotics Program at &nbsp;TU Dortmund University is interdisciplinary and convers all relevant areas which contribute to this field. This is accomplished by valuable contributions of many faculties, namely the Elektrotechnik und Informationstechnik (EIT), Maschinenbau (ME), Informatik(CS), Bio- und Chemieingenieurwesen (BCI), Mathematik (Math).&nbsp;", "level": "master", "degree": "M.Sc.", "tuition_fee": {"value": 0, "unit": "year", "currency": "EUR"}, "fulltime_duration": {"value": 24, "unit": "month"}, "density": {"parttime": false, "fulltime": true}, "methods": {"face2face": true, "online": false, "blended": false}, "organisation_id": 60, "organisation": "TU Dortmund University", "venues": [{"city": "Dortmund", "country": "Germany", "area": "North Rhine-Westphalia", "display_area": false}], "discipline_title": "Artificial Intelligence", "discipline_id": 330}, {"id": 110749, "title": "Artificial Intelligence", "summary": "We offer a master degree in Artificial Intelligence at the University of Georgia. The MSAI prepares students for careers as AI developers, or for PhD study, blending computer science, linguistics, philosophy and psychology, emphasizing cutting edge areas. Students complete courses and a research-based thesis, normally in 2 years.", "level": "master", "degree": "M.Sc.", "tuition_fee": {"value": 23278, "unit": "year", "currency": "EUR"}, "fulltime_duration": {"value": 12, "unit": "month"}, "density": {"parttime": false, "fulltime": true}, "methods": {"face2face": true, "online": false, "blended": false}, "organisation_id": 13167, "organisation": "University of Georgia", "venues": [{"city": "Athens", "country": "United States", "area": "Georgia", "display_area": true}], "discipline_title": "Artificial Intelligence", "discipline_id": 330}, {"id": 7461, "title": "Robotics and Intelligent Systems", "summary": "Learn about state-of-the-art artificial intelligence and robotics together with some of Sweden's leading researchers. Our highly rated&nbsp;Robotics and Intelligent Systems programme at&nbsp;\u00d6rebro University prepares you for advanced development and research in AI, self-driving cars, smart homes and more.", "level": "master", "degree": "Master", "tuition_fee": {"value": 0, "unit": "year", "currency": "EUR"}, "fulltime_duration": {"value": 24, "unit": "month"}, "density": {"parttime": false, "fulltime": true}, "methods": {"face2face": true, "online": false, "blended": false}, "organisation_id": 289, "organisation": "\u00d6rebro University", "venues": [{"city": "\u00d6rebro", "country": "Sweden", "area": "\u00d6rebro", "display_area": false}], "discipline_title": "Artificial Intelligence", "discipline_id": 330}, {"id": 12403, "title": "Artificial Intelligence", "summary": "The MSc in Artificial Intelligence at the University of St Andrews is an advanced research-led course in the study of artificial intelligence, developing students' skills in logic, constraint programming, language processing, machine learning and neural networks.", "level": "master", "degree": "M.Sc.", "tuition_fee": {"value": 10692, "unit": "year", "currency": "EUR"}, "fulltime_duration": {"value": 12, "unit": "month"}, "parttime_duration": {"value": 24, "unit": "month"}, "density": {"parttime": true, "fulltime": true}, "methods": {"face2face": true, "online": false, "blended": false}, "organisation_id": 215, "organisation": "University of St Andrews", "venues": [{"city": "Saint Andrews", "country": "United Kingdom", "area": "Scotland", "display_area": true}], "discipline_title": "Artificial Intelligence", "discipline_id": 330}, {"id": 35516, "title": "Artificial Intelligence", "summary": "The&nbsp;Artificial Intelligence, offered by University of Southampton, covers the fundamental aspects of traditional symbolic and sub-symbolic aspects. This one year degree offers wide-ranging options including intelligent agents, complexity science, computer vision, robotics and machine learning techniques and helps develop a broad skill set suitable for further study or application development.", "level": "master", "degree": "M.Sc.", "tuition_fee": {"value": 10465, "unit": "year", "currency": "EUR"}, "fulltime_duration": {"value": 12, "unit": "month"}, "density": {"parttime": false, "fulltime": true}, "methods": {"face2face": true, "online": false, "blended": false}, "organisation_id": 357, "organisation": "University of Southampton", "venues": [{"city": "Southampton", "country": "United Kingdom", "area": "England", "display_area": true}], "discipline_title": "Artificial Intelligence", "discipline_id": 330}, {"id": 282036, "title": "Computer Science - Artificial Intelligence", "summary": "This Computer Science - Artificial Intelligence programme at National University of Ireland, Galway&nbsp;is aimed at graduates with a primary qualification in Computer Science or related subject area. It is not a conversion course, but expects students to be already at a very high technical standard with regard to their Computer Science education.&nbsp;", "level": "master", "degree": "M.Sc.", "tuition_fee": {"value": 7215, "unit": "year", "currency": "EUR"}, "fulltime_duration": {"value": 12, "unit": "month"}, "density": {"parttime": false, "fulltime": true}, "methods": {"face2face": true, "online": false, "blended": false}, "organisation_id": 1202, "organisation": "National University of Ireland, Galway", "venues": [{"city": "Galway", "country": "Ireland", "area": "Connaught", "display_area": false}], "discipline_title": "Artificial Intelligence", "discipline_id": 330}, {"id": 297256, "title": "Philosophy and Artificial Intelligence", "summary": "The MA Philosophy with Artificial Intelligence combines the&nbsp;the exploration of theoretical and ethical issues related to computing, data, and information processing with opportunities to develop some of the data science skills that underpin recent advances in machine learning and artificial intelligence.", "level": "master", "degree": "M.A.", "tuition_fee": {"value": 11314, "unit": "year", "currency": "EUR"}, "fulltime_duration": {"value": 12, "unit": "month"}, "parttime_duration": {"value": 24, "unit": "month"}, "density": {"parttime": true, "fulltime": true}, "methods": {"face2face": true, "online": false, "blended": false}, "organisation_id": 17864, "organisation": "New College of the Humanities", "venues": [{"city": "London", "country": "United Kingdom", "area": "England", "display_area": true}], "discipline_title": "Artificial Intelligence", "discipline_id": 330}, {"id": 45522, "title": "Mechatronics and Robotics", "summary": "Delivered by the Schools of Electronic and Electrical Engineering, Mechanical Engineering and Computing, this Mechatronics and Robotics&nbsp;programme at&nbsp;University of Leeds will equip you with the specialist knowledge and wide range of skills to pursue a career in this dynamic field.", "level": "master", "degree": "M.Sc.", "fulltime_duration": {"value": 12, "unit": "month"}, "density": {"parttime": false, "fulltime": true}, "methods": {"face2face": true, "online": false, "blended": false}, "organisation_id": 151, "organisation": "University of Leeds", "venues": [{"city": "Leeds", "country": "United Kingdom", "area": "England", "display_area": true}], "discipline_title": "Artificial Intelligence", "discipline_id": 330}, {"id": 285581, "title": "Robotics and Intelligent Autonomous Systems", "summary": "Robotics and Intelligent Autonomous Systems program offered by the&nbsp;University of Cincinnati is an emerging field involving multiple engineering disciplines.", "level": "master", "degree": "M.Eng.", "tuition_fee": {"value": 11821, "unit": "year", "currency": "EUR"}, "fulltime_duration": {"value": 12, "unit": "month"}, "density": {"parttime": false, "fulltime": true}, "methods": {"face2face": true, "online": false, "blended": false}, "organisation_id": 11497, "organisation": "University of Cincinnati", "venues": [{"city": "Cincinnati", "country": "United States", "area": "Ohio", "display_area": true}], "discipline_title": "Artificial Intelligence", "discipline_id": 330}, {"id": 277611, "title": "Mechatronics and Robotics", "summary": "The&nbsp;Mechatronics and Robotics programme is offered at&nbsp;South Ural State University.", "level": "master", "degree": "Master", "fulltime_duration": {"value": 24, "unit": "month"}, "density": {"parttime": false, "fulltime": true}, "methods": {"face2face": true, "online": false, "blended": false}, "organisation_id": 19310, "organisation": "South Ural State University", "venues": [{"city": "Chelyabinsk", "country": "Russia", "area": "Chelyabinsk Oblast", "display_area": false}], "discipline_title": "Artificial Intelligence", "discipline_id": 330}, {"id": 255800, "title": "Automation Control and Robotics", "summary": "This Automation Control and Robotics programme from Sheffield Hallam University helps you develop your knowledge and understanding of classical and modern control theory, industrial automation, systems analysis, design and simulation as well as robotics.", "level": "master", "degree": "M.Sc.", "tuition_fee": {"value": 8395, "unit": "year", "currency": "EUR"}, "fulltime_duration": {"value": 12, "unit": "month"}, "density": {"parttime": false, "fulltime": true}, "methods": {"face2face": true, "online": false, "blended": false}, "organisation_id": 240, "organisation": "Sheffield Hallam University", "venues": [{"city": "Sheffield", "country": "United Kingdom", "area": "England", "display_area": true}], "discipline_title": "Artificial Intelligence", "discipline_id": 330}, {"id": 65046, "title": "Robotics", "summary": "The principal goal is to prepare individuals for professional practice in Robotics Engineering by leveraging the technical skills developed in an undergraduate engineering or physical science program.", "level": "master", "degree": "M.Eng.", "tuition_fee": {"value": 48430, "unit": "year", "currency": "EUR"}, "fulltime_duration": {"value": 18, "unit": "month"}, "parttime_duration": {"value": 36, "unit": "month"}, "density": {"parttime": true, "fulltime": true}, "methods": {"face2face": true, "online": false, "blended": false}, "organisation_id": 11721, "organisation": "Washington University in St. Louis", "venues": [{"city": "Saint Louis", "country": "United States", "area": "Missouri", "display_area": true}], "discipline_title": "Artificial Intelligence", "discipline_id": 330}, {"id": 292886, "title": "Natural Language Processing", "summary": "Natural Language Processing at Mohamed bin Zayed University of Artificial Intelligence focuses on system development that allows computers to communicate with people using everyday language.&nbsp;", "level": "master", "degree": "M.Sc.", "tuition_fee": {"value": 0, "unit": "year", "currency": "EUR"}, "fulltime_duration": {"value": 24, "unit": "month"}, "density": {"parttime": false, "fulltime": true}, "methods": {"face2face": true, "online": false, "blended": false}, "organisation_id": 19934, "organisation": "Mohamed bin Zayed University of Artificial Intelligence", "venues": [{"city": "Abu Dhabi", "country": "United Arab Emirates", "area": "Abu Z", "display_area": false}], "discipline_title": "Artificial Intelligence", "discipline_id": 330}, {"id": 11132, "title": "Artificial Intelligence", "summary": "The Artificial Intelligence programme at Heriot-Watt University aims to impart the understanding and skills to develop intelligent software applications, such as those involving evolutionary computation and learning.", "level": "master", "degree": "M.Sc.", "tuition_fee": {"value": 8110, "unit": "year", "currency": "EUR"}, "fulltime_duration": {"value": 12, "unit": "month"}, "parttime_duration": {"value": 24, "unit": "month"}, "density": {"parttime": true, "fulltime": true}, "methods": {"face2face": true, "online": false, "blended": false}, "organisation_id": 4920, "organisation": "School of Mathematical and Computer Sciences", "venues": [{"city": "Edinburgh", "country": "United Kingdom", "area": "Scotland", "display_area": true}], "discipline_title": "Artificial Intelligence", "discipline_id": 330}, {"id": 77180, "title": "Robotics", "summary": "Be inspired to innovate and develop the robots, artificial intelligence and autonomous systems of tomorrow\u2019s world. Gain advanced theoretical and practical knowledge from our world-leading experts at University of Plymouth in interactive and intelligent Robotics, and graduate ready to pursue an exciting career in anything from home automation to deep sea or space exploration.", "level": "master", "degree": "M.Sc.", "tuition_fee": {"value": 9956, "unit": "year", "currency": "EUR"}, "fulltime_duration": {"value": 12, "unit": "month"}, "density": {"parttime": true, "fulltime": true}, "methods": {"face2face": true, "online": false, "blended": false}, "organisation_id": 1773, "organisation": "University of Plymouth", "venues": [{"city": "Plymouth", "country": "United Kingdom", "area": "England", "display_area": true}], "discipline_title": "Artificial Intelligence", "discipline_id": 330}, {"id": 277999, "title": "Robotics and Autonomous Systems", "summary": "Robotics and Autonomous Systems&nbsp;degree offered at University of Bath&nbsp;will help you take your career forward in an innovative and developing area of engineering. It balances advanced theory with technical skills so that you can learn to develop complete operational systems.", "level": "master", "degree": "M.Sc.", "tuition_fee": {"value": 10748, "unit": "year", "currency": "EUR"}, "fulltime_duration": {"value": 12, "unit": "month"}, "density": {"parttime": false, "fulltime": true}, "methods": {"face2face": true, "online": false, "blended": false}, "organisation_id": 236, "organisation": "University of Bath", "venues": [{"city": "Bath", "country": "United Kingdom", "area": "England", "display_area": true}], "discipline_title": "Artificial Intelligence", "discipline_id": 330}, {"id": 260518, "title": "Robotics and Autonomous Systems", "summary": "The MSc Robotics and Autonomous Systems programme from&nbsp;University of Lincoln is designed to equip students with the advanced knowledge and skills needed to develop the innovative solutions required by the emerging global industry in Robotics and Autonomous Systems (RAS), and across many other sectors where RAS skills are applicable.&nbsp;", "level": "master", "degree": "M.Sc.", "tuition_fee": {"value": 8712, "unit": "year", "currency": "EUR"}, "fulltime_duration": {"value": 12, "unit": "month"}, "parttime_duration": {"value": 24, "unit": "month"}, "density": {"parttime": true, "fulltime": true}, "methods": {"face2face": true, "online": false, "blended": false}, "organisation_id": 242, "organisation": "University of Lincoln", "venues": [{"city": "Lincoln", "country": "United Kingdom", "area": "England", "display_area": true}], "discipline_title": "Artificial Intelligence", "discipline_id": 330}, {"id": 256788, "title": "MBA with Artificial Intelligence specialism", "summary": "Artificial Intelligence is increasingly applied to jobs that are traditionally done by humans. This MBA with Artificial Intelligence specialism degree at&nbsp;Coventry University is designed to equip you with the skills and knowledge needed to manage the complexity that comes from a more artificial intelligence driven world.", "level": "master", "degree": "M.B.A.", "tuition_fee": {"value": 18894, "unit": "year", "currency": "EUR"}, "parttime_duration": {"value": 24, "unit": "month"}, "density": {"parttime": true, "fulltime": false}, "methods": {"face2face": false, "online": true, "blended": false}, "organisation_id": 284, "organisation": "Coventry University", "venues": [{"city": "Coventry", "country": "United Kingdom", "area": "England", "display_area": true}], "discipline_title": "Artificial Intelligence", "discipline_id": 330}]