[{"id": 51905, "title": "Informatics", "summary": "The aim of doctoral studies in Informatics at&nbsp;Kaunas University of Technology is to educate scientists capable to develop and creatively apply the methods of information technology for creation and analysis of the mathematical models of real world objects and systems aiming to find solutions to important scientific and practical problems.", "level": "phd", "degree": "Ph.D.", "fulltime_duration": {"value": 48, "unit": "month"}, "density": {"parttime": false, "fulltime": true}, "methods": {"face2face": true, "online": false, "blended": false}, "organisation_id": 349, "organisation": "Kaunas University of Technology", "venues": [{"city": "Kaunas", "country": "Lithuania", "area": "Kauno Apskritis", "display_area": false}], "discipline_title": "Health Informatics", "discipline_id": 283}, {"id": 295745, "title": "VC International Scholarship in Low-Cost Secure Energy Storage Situational Awareness for Rural Homes", "summary": "The project aims to address energy-related issues faced by poor people living in rural and remote parts of the world. Millions of people either do not have electricity or cannot afford it.&nbsp;", "level": "phd", "degree": "Ph.D.", "fulltime_duration": {"value": 36, "unit": "month"}, "density": {"parttime": false, "fulltime": true}, "methods": {"face2face": true, "online": false, "blended": false}, "organisation_id": 148, "organisation": "Cardiff University", "venues": [{"city": "Cardiff", "country": "United Kingdom", "area": "Wales", "display_area": true}], "discipline_title": "Health Informatics", "discipline_id": 283}, {"id": 80833, "title": "Technology Innovation - Health, Arts and Design", "summary": "The Technology Innovation - Health, Arts and Design program at the Swinburne University of Technology provides candidates with opportunities to collaborate with industry partners and build the next generation of innovative products. The program takes a design-led, team-based approach to preparing students to become entrepreneurial industry-ready applied researchers in their field.", "level": "phd", "degree": "Ph.D.", "tuition_fee": {"value": 23354, "unit": "year", "currency": "EUR"}, "fulltime_duration": {"value": 48, "unit": "month"}, "density": {"parttime": true, "fulltime": true}, "methods": {"face2face": true, "online": false, "blended": false}, "organisation_id": 11999, "organisation": "Swinburne University of Technology", "venues": [{"city": "Melbourne", "country": "Australia", "area": "Victoria", "display_area": true}], "discipline_title": "Health Informatics", "discipline_id": 283}, {"id": 156678, "title": "Healthcare Systems Design", "summary": "Part of 4TU Stan Ackermans Institute, it&nbsp;is the goal of the Healthcare Systems Design programme from Eindhoven University of Technology (TU/e)&nbsp;to educate the high level designers and thereby create the innovation potential at the interface between technology and the health and wellbeing area.", "level": "phd", "degree": "Ph. D.", "fulltime_duration": {"value": 24, "unit": "month"}, "density": {"parttime": false, "fulltime": true}, "methods": {"face2face": true, "online": false, "blended": false}, "organisation_id": 1, "organisation": "Eindhoven University of Technology (TU/e)", "venues": [{"city": "Eindhoven", "country": "Netherlands", "area": "North Brabant", "display_area": false}], "discipline_title": "Health Informatics", "discipline_id": 283}, {"id": 48287, "title": "Medical Visualization and Simulation", "summary": "The\u00a0Medical Visualization and Simulation\u00a0programme is offered by the Bangor University.", "level": "phd", "degree": "Ph. D.", "tuition_fee": {"value": 4899, "unit": "year", "currency": "EUR"}, "fulltime_duration": {"value": 36, "unit": "month"}, "density": {"parttime": false, "fulltime": true}, "methods": {"face2face": true, "online": false, "blended": false}, "organisation_id": 427, "organisation": "Bangor University", "venues": [{"city": "Bangor", "country": "United Kingdom", "area": "Wales", "display_area": true}], "discipline_title": "Health Informatics", "discipline_id": 283}, {"id": 235970, "title": "Medical Informatics", "summary": "Students in the Medical Informatics programme offered by&nbsp;The University of Edinburgh&nbsp;will be integrated within the existing student-led approach at the Usher Institute of Population Health Sciences and Informatics, where structures are already in place to ensure a high-quality student experience.", "level": "phd", "degree": "Ph.D.", "tuition_fee": {"value": 22741, "unit": "year", "currency": "EUR"}, "fulltime_duration": {"value": 36, "unit": "month"}, "parttime_duration": {"value": 72, "unit": "month"}, "density": {"parttime": true, "fulltime": true}, "methods": {"face2face": true, "online": false, "blended": false}, "organisation_id": 43, "organisation": "The University of Edinburgh", "venues": [{"city": "Edinburgh", "country": "United Kingdom", "area": "Scotland", "display_area": true}], "discipline_title": "Health Informatics", "discipline_id": 283}, {"id": 275786, "title": "Informatics and Computing - Health and Bioinformatics", "summary": "The Ph.D. program in Informatics and Computing - Health and Bioinformatics at Northern Arizona University prepares graduates for meaningful and fulfilling careers in the application of informatics and computing to critical areas of national need.&nbsp;", "level": "phd", "degree": "Ph.D.", "tuition_fee": {"value": 22629, "unit": "year", "currency": "EUR"}, "density": {"parttime": false, "fulltime": true}, "methods": {"face2face": true, "online": false, "blended": false}, "organisation_id": 11345, "organisation": "Northern Arizona University", "venues": [{"city": "Flagstaff", "country": "United States", "area": "Arizona", "display_area": true}], "discipline_title": "Health Informatics", "discipline_id": 283}, {"id": 232053, "title": "Biomedical Informatics", "summary": "Graduate study in biomedical informatics provides an in-depth foundation in evaluating and managing concepts and systems related to information management in healthcare, and biomedical research settings.&nbsp;", "level": "phd", "degree": "Ph.D.", "tuition_fee": {"value": 22681, "unit": "year", "currency": "EUR"}, "fulltime_duration": {"value": 48, "unit": "month"}, "parttime_duration": {"value": 60, "unit": "month"}, "density": {"parttime": true, "fulltime": true}, "methods": {"face2face": true, "online": false, "blended": false}, "organisation_id": 12111, "organisation": "University at Buffalo", "venues": [{"city": "Buffalo", "country": "United States", "area": "New York", "display_area": true}], "discipline_title": "Health Informatics", "discipline_id": 283}, {"id": 293668, "title": "Information Studies", "summary": "UCL Information Studies is an international centre for knowledge creation and transfer in the fields of librarianship, archives and record management, publishing, information science and digital humanities and the department brings together academics and practitioners in these fields. The&nbsp;Information Studies programme is offered by&nbsp;University College London (UCL).", "level": "phd", "degree": "Ph. D.", "tuition_fee": {"value": 24415, "unit": "year", "currency": "EUR"}, "fulltime_duration": {"value": 36, "unit": "month"}, "parttime_duration": {"value": 60, "unit": "month"}, "density": {"parttime": true, "fulltime": true}, "methods": {"face2face": true, "online": false, "blended": false}, "organisation_id": 271, "organisation": "University College London (UCL)", "venues": [{"city": "London", "country": "United Kingdom", "area": "England", "display_area": true}, {"city": "London", "country": "United Kingdom", "area": "England", "display_area": true}], "discipline_title": "Health Informatics", "discipline_id": 283}, {"id": 293658, "title": "Health Informatics", "summary": "Health informatics is the intelligent use of information and technology to provide better care, from big data to designing software used by clinicians, or apps used by patients. The&nbsp;Health Informatics programme is offered by University College London (UCL).", "level": "phd", "degree": "Ph. D.", "tuition_fee": {"value": 28262, "unit": "year", "currency": "EUR"}, "fulltime_duration": {"value": 36, "unit": "month"}, "parttime_duration": {"value": 60, "unit": "month"}, "density": {"parttime": true, "fulltime": true}, "methods": {"face2face": true, "online": false, "blended": false}, "organisation_id": 271, "organisation": "University College London (UCL)", "venues": [{"city": "London", "country": "United Kingdom", "area": "England", "display_area": true}, {"city": "London", "country": "United Kingdom", "area": "England", "display_area": true}], "discipline_title": "Health Informatics", "discipline_id": 283}, {"id": 68973, "title": "Biological and Medical Informatics - Bioinformatics", "summary": "Graduate studies in Bioinformatics (BI) at the University of California, San Francisco (UCSF) equip PhD students with the skills and knowledge in applied mathematics, informatics, statistics, computer science, physics, chemistry, and biology needed to study biological composition, structure, function, and evolution at the molecular, cellular, and systems levels.", "level": "phd", "degree": "Ph.D.", "tuition_fee": {"value": 30588, "unit": "year", "currency": "EUR"}, "fulltime_duration": {"value": 60, "unit": "month"}, "density": {"parttime": false, "fulltime": true}, "methods": {"face2face": true, "online": false, "blended": false}, "organisation_id": 11788, "organisation": "University of California, San Francisco", "venues": [{"city": "San Francisco", "country": "United States", "area": "California", "display_area": true}], "discipline_title": "Health Informatics", "discipline_id": 283}, {"id": 51242, "title": "Doctoral Degree in Nutrigenomics and Personalized Nutrition", "summary": "The PhD studies in Nutrigenomics and Personalised Nutrition offer an specialised education focused on training professionals able to do research in the most cutting-edge and innovative aspects in the field of Nutrition.\u00a0", "level": "phd", "degree": "Ph.D.", "fulltime_duration": {"value": 48, "unit": "month"}, "density": {"parttime": false, "fulltime": true}, "methods": {"face2face": true, "online": false, "blended": false}, "organisation_id": 10322, "organisation": "University of the Balearic Islands", "venues": [{"city": "Palma", "country": "Spain", "area": "Balearic Islands", "display_area": false}], "discipline_title": "Health Informatics", "discipline_id": 283}, {"id": 65292, "title": "Health Informatics", "summary": "We offer a PhD in Health Informatics program which will prepare scholars to discover and extend their scientific knowledge and advance the science and practice of health informatics", "level": "phd", "degree": "Ph.D.", "tuition_fee": {"value": 4480, "unit": "year", "currency": "EUR"}, "fulltime_duration": {"value": 48, "unit": "month"}, "density": {"parttime": false, "fulltime": true}, "methods": {"face2face": true, "online": false, "blended": false}, "organisation_id": 12137, "organisation": "University of Victoria, British Columbia", "venues": [{"city": "Victoria", "country": "Canada", "area": "British Columbia", "display_area": false}], "discipline_title": "Health Informatics", "discipline_id": 283}, {"id": 233578, "title": "Biomedical Informatics", "summary": "Our PhD program provides intensive coursework and research training in biomedical informatics. The primary goal of the program is to train students to be independent researchers when they graduate; many of our PhD graduates go on to academic careers.&nbsp;", "level": "phd", "degree": "Ph.D.", "tuition_fee": {"value": 28070, "unit": "year", "currency": "EUR"}, "fulltime_duration": {"value": 36, "unit": "month"}, "density": {"parttime": false, "fulltime": true}, "methods": {"face2face": true, "online": false, "blended": false}, "organisation_id": 11732, "organisation": "University of Utah", "venues": [{"city": "Salt Lake City", "country": "United States", "area": "Utah", "display_area": true}], "discipline_title": "Health Informatics", "discipline_id": 283}, {"id": 63735, "title": "Bioinformatics", "summary": "The Bioinformatics Interdepartmental Ph.D. Program is one of ten disciplinary \u201cHome Areas\u201d within the UCLA Graduate Programs in Bioscience (GPB).  Home Areas consist of faculty and students with shared interest in research areas and approaches. Each interdepartmental Home Area is aligned with a Ph.D.-granting program.", "level": "phd", "degree": "Ph.D.", "tuition_fee": {"value": 29529, "unit": "year", "currency": "EUR"}, "fulltime_duration": {"value": 60, "unit": "month"}, "density": {"parttime": false, "fulltime": true}, "methods": {"face2face": true, "online": false, "blended": false}, "organisation_id": 11795, "organisation": "University of California, Los Angeles (UCLA)", "venues": [{"city": "Beverly Hills", "country": "United States", "area": "California", "display_area": true}], "discipline_title": "Health Informatics", "discipline_id": 283}, {"id": 40465, "title": "Genetics", "summary": "Research in the School of Biosciences revolves around understanding systems and processes in the living cell. Genetics at&nbsp;University of Kent&nbsp;has a strong molecular focus with leading-edge activities that are synergistic with one another and complementary to the teaching provision.", "level": "phd", "degree": "Ph.D.", "tuition_fee": {"value": 4986, "unit": "year", "currency": "EUR"}, "fulltime_duration": {"value": 36, "unit": "month"}, "parttime_duration": {"value": 60, "unit": "month"}, "density": {"parttime": true, "fulltime": true}, "methods": {"face2face": true, "online": false, "blended": false}, "organisation_id": 118, "organisation": "University of Kent", "venues": [{"city": "Canterbury", "country": "United Kingdom", "area": "England", "display_area": true}], "discipline_title": "Health Informatics", "discipline_id": 283}]