[{"id": 281268, "title": "Collegiate Esports and Career Planning", "summary": "This Collegiate Esports and Career Planning offered by Coursera in partnership with&nbsp;University of California Irvine is part of the Esports Specialization.", "level": "short", "degree": "Certificate", "parttime_duration": {"value": 14, "unit": "day"}, "density": {"parttime": true, "fulltime": false}, "methods": {"face2face": false, "online": true, "blended": false}, "organisation_id": 17522, "organisation": "Coursera - University of California Irvine", "venues": [{"city": "Mountain View", "country": "United States", "area": "California", "display_area": true}], "discipline_title": "Video Games & Multimedia", "discipline_id": 280}, {"id": 281271, "title": "Esports Management Capstone Project", "summary": "This Esports Management Capstone Project offered by Coursera in partnership with&nbsp;University of California Irvine is part of the Esports Specialization.", "level": "short", "degree": "Certificate", "parttime_duration": {"value": 21, "unit": "day"}, "density": {"parttime": true, "fulltime": false}, "methods": {"face2face": false, "online": true, "blended": false}, "organisation_id": 17522, "organisation": "Coursera - University of California Irvine", "venues": [{"city": "Mountain View", "country": "United States", "area": "California", "display_area": true}], "discipline_title": "Video Games & Multimedia", "discipline_id": 280}, {"id": 290172, "title": "Video Game Design", "summary": "EdX is an online learning platform trusted by over 12 million users offering the Video Game Design programme in collaboration with Rochester Institute of Technology Rochester - Institute of Technology - RITx.", "level": "short", "degree": "Short Course", "tuition_fee": {"value": 226, "unit": "full", "currency": "EUR"}, "parttime_duration": {"value": 6, "unit": "month"}, "density": {"parttime": true, "fulltime": false}, "methods": {"face2face": false, "online": true, "blended": false}, "organisation_id": 16719, "organisation": "Rochester Institute of Technology - RITx", "venues": [{"city": "Rochester", "country": "United States", "area": "New York", "display_area": true}], "discipline_title": "Video Games & Multimedia", "discipline_id": 280}, {"id": 283244, "title": "Casino and Gaming Industry Management", "summary": "The undergraduate certificate in Casino and Gaming Industry Management from&nbsp;Florida Atlantic University&nbsp;provides a curriculum including key subject areas deemed relevant and vital to success in the casino and gaming industry.&nbsp;", "level": "short", "degree": "Certificate", "tuition_fee": {"value": 665, "unit": "credit", "currency": "EUR"}, "density": {"parttime": true, "fulltime": false}, "methods": {"face2face": false, "online": true, "blended": false}, "organisation_id": 19782, "organisation": "Florida Atlantic University - Online", "venues": [{"city": "Boca Raton", "country": "United States", "area": "Florida", "display_area": true}], "discipline_title": "Video Games & Multimedia", "discipline_id": 280}, {"id": 281251, "title": "Esports", "summary": "Launch your career in Esports. Explore esports from behind the scenes and learn what it means to be involved in esports with this Esports offered by Coursera in partnership with University of California Irvine.", "level": "short", "degree": "Short Course", "parttime_duration": {"value": 2, "unit": "month"}, "density": {"parttime": true, "fulltime": false}, "methods": {"face2face": false, "online": true, "blended": false}, "organisation_id": 17522, "organisation": "Coursera - University of California Irvine", "venues": [{"city": "Mountain View", "country": "United States", "area": "California", "display_area": true}], "discipline_title": "Video Games & Multimedia", "discipline_id": 280}, {"id": 281264, "title": "Game Developers and Esports Organizations", "summary": "This Game Developers and Esports Organizations offered by Coursera in partnership with University of California Irvine is part of the Esports Specialization.", "level": "short", "degree": "Certificate", "parttime_duration": {"value": 14, "unit": "day"}, "density": {"parttime": true, "fulltime": false}, "methods": {"face2face": false, "online": true, "blended": false}, "organisation_id": 17522, "organisation": "Coursera - University of California Irvine", "venues": [{"city": "Mountain View", "country": "United States", "area": "California", "display_area": true}], "discipline_title": "Video Games & Multimedia", "discipline_id": 280}, {"id": 281258, "title": "Esports Teams and Professional Players", "summary": "This Esports Teams and Professional Players offered by Coursera in partnership with&nbsp;University of California Irvine is part of the&nbsp;Esports Specialization.", "level": "short", "degree": "Certificate", "parttime_duration": {"value": 14, "unit": "day"}, "density": {"parttime": true, "fulltime": false}, "methods": {"face2face": false, "online": true, "blended": false}, "organisation_id": 17522, "organisation": "Coursera - University of California Irvine", "venues": [{"city": "Mountain View", "country": "United States", "area": "California", "display_area": true}], "discipline_title": "Video Games & Multimedia", "discipline_id": 280}, {"id": 292766, "title": "Multidisciplinary Game Research - Between Theory and Practice", "summary": "This Multidisciplinary Game Research - Between Theory and Practice course from&nbsp;Utrecht Summer School provides a multidisciplinary perspective on games and play in contemporary culture, combining perspectives from various disciplines within the humanities, social sciences and computer sciences.&nbsp;", "level": "short", "degree": "Short Course", "tuition_fee": {"value": 300, "unit": "full", "currency": "EUR"}, "fulltime_duration": {"value": 7, "unit": "day"}, "density": {"parttime": false, "fulltime": true}, "methods": {"face2face": true, "online": false, "blended": false}, "organisation_id": 9393, "organisation": "Utrecht Summer School", "venues": [{"city": "Utrecht", "country": "Netherlands", "area": "Utrecht", "display_area": false}], "discipline_title": "Video Games & Multimedia", "discipline_id": 280}, {"id": 293026, "title": "Game Design and Development", "summary": "The&nbsp;Game Design and Development course at&nbsp;Utrecht Summer School&nbsp;&nbsp;offers interactive hands-on game design workshops, theoretical game design analysis classes and programming sessions.&nbsp;", "level": "short", "degree": "Short Course", "tuition_fee": {"value": 500, "unit": "full", "currency": "EUR"}, "fulltime_duration": {"value": 5, "unit": "day"}, "density": {"parttime": false, "fulltime": true}, "methods": {"face2face": true, "online": false, "blended": false}, "organisation_id": 9393, "organisation": "Utrecht Summer School", "venues": [{"city": "Utrecht", "country": "Netherlands", "area": "Utrecht", "display_area": false}], "discipline_title": "Video Games & Multimedia", "discipline_id": 280}, {"id": 213175, "title": "Summer Camp in Programming", "summary": "While having your unique educational and training experience in the heart of\u00a0magnificent Saint Petersburg, you will enjoy the central location of ITMO University main\u00a0building that offers ITMO University Summer Schools, up-to-date educational facilities, and spectacular surrounding sights.", "level": "short", "degree": "Certificate", "tuition_fee": {"value": 550, "unit": "full", "currency": "EUR"}, "fulltime_duration": {"value": 1, "unit": "month"}, "density": {"parttime": false, "fulltime": true}, "methods": {"face2face": true, "online": false, "blended": false}, "organisation_id": 13200, "organisation": "ITMO University", "venues": [{"city": "Saint Petersburg", "country": "Russia", "area": "Sankt-Peterburg", "display_area": false}], "discipline_title": "Video Games & Multimedia", "discipline_id": 280}, {"id": 293355, "title": "Digital Media Concepts and Applications", "summary": "This Digital Media Concepts and Applications&nbsp;module from University of Sussex offers the grounding into digital media of computer science and will interest students looking for an insight into digital multimedia production and distribution.", "level": "short", "degree": "Short Course", "tuition_fee": {"value": 1697, "unit": "full", "currency": "EUR"}, "fulltime_duration": {"value": 19, "unit": "day"}, "density": {"parttime": false, "fulltime": true}, "methods": {"face2face": true, "online": false, "blended": false}, "organisation_id": 275, "organisation": "University of Sussex", "venues": [{"city": "Brighton", "country": "United Kingdom", "area": "England", "display_area": true}], "discipline_title": "Video Games & Multimedia", "discipline_id": 280}, {"id": 269548, "title": "Basics of Game Development", "summary": "The objective of the Basics of Game Development course from&nbsp;Tallinn University is to provide knowledge and introduce practical skills in order to develop digital games.&nbsp;", "level": "short", "degree": "Certificate", "tuition_fee": {"value": 300, "unit": "module", "currency": "EUR"}, "fulltime_duration": {"value": 5, "unit": "day"}, "density": {"parttime": false, "fulltime": true}, "methods": {"face2face": true, "online": false, "blended": false}, "organisation_id": 175, "organisation": "Tallinn University", "venues": [{"city": "Tallinn", "country": "Estonia", "area": "Harjumaa", "display_area": false}], "discipline_title": "Video Games & Multimedia", "discipline_id": 280}, {"id": 135740, "title": "Advanced Multimedia", "summary": "The Advanced Multimedia course is offered by the University of California, Berkeley.", "level": "short", "degree": "Short Course", "tuition_fee": {"value": 508, "unit": "credit", "currency": "EUR"}, "parttime_duration": {"value": 42, "unit": "day"}, "density": {"parttime": true, "fulltime": false}, "methods": {"face2face": true, "online": false, "blended": false}, "organisation_id": 11801, "organisation": "University of California, Berkeley", "venues": [{"city": "Berkeley", "country": "United States", "area": "California", "display_area": true}], "discipline_title": "Video Games & Multimedia", "discipline_id": 280}, {"id": 292791, "title": "Bible and Video Games Summer Course", "summary": "Have you played video games like The Talos Principle, Bioshock, Zombi, or the Prince of Persia? Do you know the difference between ludology (the critical study of gaming) and narratology (the critical study of narrative structure) and how they affect our perception? This fun, innovative course makes a connection between Bible and biblical traditions and contemporary video games.", "level": "short", "degree": "Short Course", "tuition_fee": {"value": 500, "unit": "full", "currency": "EUR"}, "fulltime_duration": {"value": 7, "unit": "day"}, "density": {"parttime": false, "fulltime": true}, "methods": {"face2face": true, "online": false, "blended": false}, "organisation_id": 80, "organisation": "Tilburg University", "venues": [{"city": "Tilburg", "country": "Netherlands", "area": "North Brabant", "display_area": false}], "discipline_title": "Video Games & Multimedia", "discipline_id": 280}, {"id": 206633, "title": "Intro to Photoshop", "summary": "Gain an understanding of Photoshop's essential features and improve your confidence in using it during the Intro to Photoshop&nbsp;programme offered by the Anglia Ruskin University.", "level": "short", "degree": "Short Course", "density": {"parttime": false, "fulltime": true}, "methods": {"face2face": true, "online": false, "blended": false}, "organisation_id": 220, "organisation": "Anglia Ruskin University", "venues": [{"city": "Cambridge", "country": "United Kingdom", "area": "England", "display_area": true}], "discipline_title": "Video Games & Multimedia", "discipline_id": 280}, {"id": 220835, "title": "Design of Serious Games", "summary": "You will learn about&nbsp; serious games - games that are designed for a serious purpose and not only for entertainment. This serious purpose can be related to defense, education, science, health care, emergency management, urban planning, engineering, religion, politics, and so on.", "level": "short", "degree": "Certificate", "tuition_fee": {"value": 200, "unit": "module", "currency": "EUR"}, "fulltime_duration": {"value": 5, "unit": "day"}, "density": {"parttime": false, "fulltime": true}, "methods": {"face2face": false, "online": true, "blended": false}, "organisation_id": 175, "organisation": "Tallinn University", "venues": [{"city": "Tallinn", "country": "Estonia", "area": "Harjumaa", "display_area": false}], "discipline_title": "Video Games & Multimedia", "discipline_id": 280}, {"id": 56019, "title": "Begin Programming - Build Your First Mobile Game", "summary": "Programming is everywhere: in dishwashers, cars and even space shuttles. This Begin Programming - Build Your First Mobile Game at the University of Reading will help you to understand how programs work and guide you through creating your own computer program \u2013 a mobile game.", "level": "short", "degree": "Certificate", "tuition_fee": {"value": 0, "unit": "year", "currency": "EUR"}, "parttime_duration": {"value": 49, "unit": "day"}, "density": {"parttime": true, "fulltime": false}, "methods": {"face2face": false, "online": true, "blended": false}, "organisation_id": 155, "organisation": "University of Reading", "venues": [{"city": "Reading", "country": "United Kingdom", "area": "England", "display_area": true}], "discipline_title": "Video Games & Multimedia", "discipline_id": 280}, {"id": 264899, "title": "Social Media Gaming as an Affiliate Marketing Business", "summary": "This Social Media Gaming as an Affiliate Marketing Business course at Simpliv is designed to build awareness and knowledge to those individuals with an interest in earning incomes from the online gaming industry.", "level": "short", "degree": "Certificate", "tuition_fee": {"value": 8, "unit": "full", "currency": "EUR"}, "parttime_duration": {"value": 1, "unit": "day"}, "density": {"parttime": true, "fulltime": false}, "methods": {"face2face": false, "online": true, "blended": false}, "organisation_id": 19165, "organisation": "Simpliv", "venues": [{"city": "Fremont", "country": "United States", "area": "California", "display_area": true}], "discipline_title": "Video Games & Multimedia", "discipline_id": 280}, {"id": 293368, "title": "Video Games - Creative and Critical Writing", "summary": "This&nbsp;Video Games - Creative and Critical Writing module from University of Sussex is a creative writing module, where you will develop a deeper understanding of creating narratives, branching narratives using Twine and essential game mechanics. You will reflect critically on the social implications of game design, taking into account discourses around gender, race and sexuality.", "level": "short", "degree": "Short Course", "tuition_fee": {"value": 1697, "unit": "full", "currency": "EUR"}, "fulltime_duration": {"value": 19, "unit": "day"}, "density": {"parttime": false, "fulltime": true}, "methods": {"face2face": true, "online": false, "blended": false}, "organisation_id": 275, "organisation": "University of Sussex", "venues": [{"city": "Brighton", "country": "United Kingdom", "area": "England", "display_area": true}], "discipline_title": "Video Games & Multimedia", "discipline_id": 280}, {"id": 288989, "title": "Virtual Reality & Exercise Gaming", "summary": "What is Virtual Reality and Exergaming? How can Virtual Reality be connected with sports? This course gives an introduction to programing for VR with Unity, helps you understand benefits and limitations of VR environments and you will do a workshop in designing, prototyping, and developing for one small Exergame in VR.", "level": "short", "degree": "Certificate", "tuition_fee": {"value": 1950, "unit": "full", "currency": "EUR"}, "fulltime_duration": {"value": 1, "unit": "month"}, "density": {"parttime": false, "fulltime": true}, "methods": {"face2face": true, "online": false, "blended": false}, "organisation_id": 278, "organisation": "TU Berlin", "venues": [{"city": "Berlin", "country": "Germany", "area": "Berlin", "display_area": false}], "discipline_title": "Video Games & Multimedia", "discipline_id": 280}, {"id": 292513, "title": "Summer Study Abroad - Games Design", "summary": "An intensive, immersive Summer Study Abroad - Games Design course from&nbsp;University of the Arts London (UAL)&nbsp;that will introduce you to the creative possibilities of game production. You will be taught by tutors with loads of experience in the theory and practice of games, and you will have the chance to work in our purpose-built games studios.", "level": "short", "degree": "Short Course", "tuition_fee": {"value": 2257, "unit": "full", "currency": "EUR"}, "fulltime_duration": {"value": 21, "unit": "day"}, "density": {"parttime": false, "fulltime": true}, "methods": {"face2face": true, "online": false, "blended": false}, "organisation_id": 422, "organisation": "University of the Arts London (UAL)", "venues": [{"city": "London", "country": "United Kingdom", "area": "England", "display_area": true}], "discipline_title": "Video Games & Multimedia", "discipline_id": 280}, {"id": 264754, "title": "Videographer's Boot Camp - Basic Training", "summary": "This Videographer's Boot Camp - Basic Training course at Simpliv is for the newbie who wants to make a career as a videographer.", "level": "short", "degree": "Short Course", "tuition_fee": {"value": 28, "unit": "full", "currency": "EUR"}, "parttime_duration": {"value": 1, "unit": "day"}, "density": {"parttime": true, "fulltime": false}, "methods": {"face2face": false, "online": true, "blended": false}, "organisation_id": 19165, "organisation": "Simpliv", "venues": [{"city": "Fremont", "country": "United States", "area": "California", "display_area": true}], "discipline_title": "Video Games & Multimedia", "discipline_id": 280}, {"id": 286977, "title": "Gamification Workshop", "summary": "This Gamification Workshop from Tallinn University is about designing a gamified product or service. Adding game elements to your content gives you a chance to widen your engagement and attract a wider audience.&nbsp;", "level": "short", "degree": "Certificate", "tuition_fee": {"value": 250, "unit": "module", "currency": "EUR"}, "fulltime_duration": {"value": 5, "unit": "day"}, "density": {"parttime": false, "fulltime": true}, "methods": {"face2face": true, "online": false, "blended": false}, "organisation_id": 175, "organisation": "Tallinn University", "venues": [{"city": "Tallinn", "country": "Estonia", "area": "Harjumaa", "display_area": false}], "discipline_title": "Video Games & Multimedia", "discipline_id": 280}, {"id": 135791, "title": "Game Theory in the Social Sciences", "summary": "The Game Theory in the Social Sciences course is offered at University of California, Berkeley.", "level": "short", "degree": "Short Course", "tuition_fee": {"value": 508, "unit": "credit", "currency": "EUR"}, "parttime_duration": {"value": 56, "unit": "day"}, "density": {"parttime": true, "fulltime": false}, "methods": {"face2face": true, "online": false, "blended": false}, "organisation_id": 11801, "organisation": "University of California, Berkeley", "venues": [{"city": "Berkeley", "country": "United States", "area": "California", "display_area": true}], "discipline_title": "Video Games & Multimedia", "discipline_id": 280}, {"id": 220838, "title": "Gamification Workshop", "summary": "This Gamification Workshop from Tallinn University is about designing a gamified product or service. Adding game elements to your content gives you a chance to widen your engagement and attract a wider audience.&nbsp;", "level": "short", "degree": "Certificate", "tuition_fee": {"value": 200, "unit": "full", "currency": "EUR"}, "fulltime_duration": {"value": 5, "unit": "day"}, "density": {"parttime": false, "fulltime": true}, "methods": {"face2face": false, "online": true, "blended": false}, "organisation_id": 175, "organisation": "Tallinn University", "venues": [{"city": "Tallinn", "country": "Estonia", "area": "Harjumaa", "display_area": false}], "discipline_title": "Video Games & Multimedia", "discipline_id": 280}, {"id": 270157, "title": "Game Play Design", "summary": "The aim of the Game Play Design course at Aarhus University is to design, discuss and critically reflect on the potentials, possibilities and values of games through the lens of the student\u2019s disciplinary background in a critical-creative way.", "level": "short", "degree": "Short Course", "tuition_fee": {"value": 824, "unit": "full", "currency": "EUR"}, "fulltime_duration": {"value": 19, "unit": "day"}, "density": {"parttime": false, "fulltime": true}, "methods": {"face2face": true, "online": false, "blended": false}, "organisation_id": 26, "organisation": "Aarhus University", "venues": [{"city": "Aarhus", "country": "Denmark", "area": "Central Jutland", "display_area": false}], "discipline_title": "Video Games & Multimedia", "discipline_id": 280}, {"id": 218975, "title": "Game Theory and Competitive Strategy", "summary": "Conflict exists not just in most economic scenarios but in almost every human interaction, be it economic, political or social and this Game Theory and Competitive Strategy course at the University of Warwick will adopt that broad perspective in developing analyses, results and insights.", "level": "short", "degree": "Certificate", "tuition_fee": {"value": 2602, "unit": "full", "currency": "EUR"}, "fulltime_duration": {"value": 21, "unit": "day"}, "density": {"parttime": false, "fulltime": true}, "methods": {"face2face": true, "online": false, "blended": false}, "organisation_id": 183, "organisation": "University of Warwick", "venues": [{"city": "London", "country": "United Kingdom", "area": "England", "display_area": true}], "discipline_title": "Video Games & Multimedia", "discipline_id": 280}, {"id": 265528, "title": "Camp In Game Design", "summary": "The&nbsp;Camp In Game Design from&nbsp;ITMO University is aimed at students and young scientists interested in digital game development.", "level": "short", "degree": "Certificate", "tuition_fee": {"value": 450, "unit": "year", "currency": "EUR"}, "fulltime_duration": {"value": 21, "unit": "day"}, "density": {"parttime": false, "fulltime": true}, "methods": {"face2face": true, "online": false, "blended": false}, "organisation_id": 13200, "organisation": "ITMO University", "venues": [{"city": "Saint Petersburg", "country": "Russia", "area": "Sankt-Peterburg", "display_area": false}], "discipline_title": "Video Games & Multimedia", "discipline_id": 280}]