[{"id": 268856, "title": "Computer Science", "summary": "The&nbsp;Computer Science programme is offered by the&nbsp;Universidade de Aveiro.", "level": "phd", "degree": "Doctorate", "tuition_fee": {"value": 2750, "unit": "year", "currency": "EUR"}, "fulltime_duration": {"value": 48, "unit": "month"}, "density": {"parttime": false, "fulltime": true}, "methods": {"face2face": true, "online": false, "blended": false}, "organisation_id": 772, "organisation": "Universidade de Aveiro", "venues": [{"city": "Aveiro", "country": "Portugal", "area": "Aveiro", "display_area": false}], "discipline_title": "Software Engineering", "discipline_id": 329}, {"id": 268855, "title": "Computer Engineering", "summary": "The&nbsp;Computer Engineering programme is offered by the&nbsp;Universidade de Aveiro.", "level": "phd", "degree": "Doctorate", "tuition_fee": {"value": 2750, "unit": "year", "currency": "EUR"}, "fulltime_duration": {"value": 48, "unit": "month"}, "density": {"parttime": false, "fulltime": true}, "methods": {"face2face": true, "online": false, "blended": false}, "organisation_id": 772, "organisation": "Universidade de Aveiro", "venues": [{"city": "Aveiro", "country": "Portugal", "area": "Aveiro", "display_area": false}], "discipline_title": "Software Engineering", "discipline_id": 329}, {"id": 258857, "title": "Mathematical and Computer Sciences", "summary": "Heriot-Watt Dubai is pleased in offering PhD in Mathematical and Computer Sciences by research to students on the Dubai campus. Initially, those with an interest in undertaking a project in the broad area of computing are encouraged to apply. This may include different research topics as outlined in program content.", "level": "phd", "degree": "Ph.D.", "tuition_fee": {"value": 18635, "unit": "year", "currency": "EUR"}, "density": {"parttime": false, "fulltime": true}, "methods": {"face2face": true, "online": false, "blended": false}, "organisation_id": 19009, "organisation": "Heriot-Watt Dubai", "venues": [{"city": "Dubai", "country": "United Arab Emirates", "area": "Dubayy", "display_area": false}], "discipline_title": "Software Engineering", "discipline_id": 329}, {"id": 260000, "title": "Computer Engineering", "summary": "The Ph.D. in Computer Engineering at&nbsp;Colorado State University&nbsp;has been a leader in innovation for more than a century. &nbsp;The ECE faculty prepare students for the vast, fast-paced field of electrical and computer engineering by emphasizing the fundamentals, while teaching them how to think creatively and work collaboratively.", "level": "phd", "degree": "Ph.D.", "tuition_fee": {"value": 1323, "unit": "credit", "currency": "EUR"}, "density": {"parttime": false, "fulltime": true}, "methods": {"face2face": true, "online": false, "blended": false}, "organisation_id": 11257, "organisation": "Colorado State University", "venues": [{"city": "Fort Collins", "country": "United States", "area": "Colorado", "display_area": true}], "discipline_title": "Software Engineering", "discipline_id": 329}, {"id": 88362, "title": "Computer Engineering", "summary": "The Doctor of Philosophy in Engineering is offered for the first time in Fall 2011. The mission of the doctoral program in the College of Engineering is to provide students with intensive advanced training in research that leads to the highest level of scholarly achievement, and enable them to conduct research independently to address new challenges as innovators.", "level": "phd", "degree": "Ph.D.", "tuition_fee": {"value": 509, "unit": "module", "currency": "EUR"}, "fulltime_duration": {"value": 36, "unit": "month"}, "density": {"parttime": false, "fulltime": true}, "methods": {"face2face": true, "online": false, "blended": false}, "organisation_id": 13221, "organisation": "Qatar University", "venues": [{"city": "Doha", "country": "Qatar", "area": "Ad Daw", "display_area": false}], "discipline_title": "Software Engineering", "discipline_id": 329}, {"id": 263730, "title": "Computer Science and Software Engineering", "summary": "The three-year PhD programme Computer Science and Software Engineering at Xi'an Jiaotong-Liverpool University gives suitably-qualified students the chance to address important problems and challenges in computing.", "level": "phd", "degree": "Ph.D.", "tuition_fee": {"value": 10625, "unit": "year", "currency": "EUR"}, "fulltime_duration": {"value": 36, "unit": "month"}, "parttime_duration": {"value": 48, "unit": "month"}, "density": {"parttime": true, "fulltime": true}, "methods": {"face2face": true, "online": false, "blended": false}, "organisation_id": 13040, "organisation": "Xi'an Jiaotong-Liverpool University", "venues": [{"city": "Suzhou", "country": "China", "area": "Jiangsu Sheng", "display_area": false}], "discipline_title": "Software Engineering", "discipline_id": 329}, {"id": 40306, "title": "Computer Science", "summary": "The School of Computing from&nbsp;University of Kent welcomes applications for the Computer Science research programmes.", "level": "phd", "degree": "Ph.D.", "tuition_fee": {"value": 4895, "unit": "year", "currency": "EUR"}, "fulltime_duration": {"value": 36, "unit": "month"}, "parttime_duration": {"value": 60, "unit": "month"}, "density": {"parttime": true, "fulltime": true}, "methods": {"face2face": true, "online": false, "blended": false}, "organisation_id": 4359, "organisation": "School of Computing", "venues": [{"city": "Canterbury", "country": "United Kingdom", "area": "England", "display_area": true}, {"city": "Chatham", "country": "United Kingdom", "area": "England", "display_area": true}], "discipline_title": "Software Engineering", "discipline_id": 329}, {"id": 229706, "title": "Computer Engineering", "summary": "The PhD is offered with a major in computer engineering. Exceptional students holding the bachelor\u2019s degree may be admitted to the doctoral program without first obtaining a master\u2019s degree.&nbsp;", "level": "phd", "degree": "Ph.D.", "tuition_fee": {"value": 29149, "unit": "year", "currency": "EUR"}, "fulltime_duration": {"value": 36, "unit": "month"}, "density": {"parttime": false, "fulltime": true}, "methods": {"face2face": true, "online": false, "blended": false}, "organisation_id": 12185, "organisation": "University of Tennessee Knoxville", "venues": [{"city": "Knoxville", "country": "United States", "area": "Tennessee", "display_area": true}], "discipline_title": "Software Engineering", "discipline_id": 329}, {"id": 60186, "title": "Computer Science", "summary": "Join the Computer Science program from RMIT University and use your advanced research skills to further the growth and development of computer science.", "level": "phd", "degree": "Ph.D.", "tuition_fee": {"value": 20053, "unit": "year", "currency": "EUR"}, "fulltime_duration": {"value": 36, "unit": "month"}, "parttime_duration": {"value": 72, "unit": "month"}, "density": {"parttime": true, "fulltime": true}, "methods": {"face2face": true, "online": false, "blended": false}, "organisation_id": 11792, "organisation": "RMIT University", "venues": [{"city": "Melbourne", "country": "Australia", "area": "Victoria", "display_area": true}], "discipline_title": "Software Engineering", "discipline_id": 329}, {"id": 64901, "title": "Computer Engineering", "summary": "The Computer Engineering Program offers a Ph.D. degree, the primary focus of which is a dissertation describing publishable quality research (directed by a faculty advisor) of significant depth.&nbsp;", "level": "phd", "degree": "Ph.D.", "tuition_fee": {"value": 486, "unit": "credit", "currency": "EUR"}, "fulltime_duration": {"value": 60, "unit": "month"}, "density": {"parttime": false, "fulltime": true}, "methods": {"face2face": true, "online": false, "blended": false}, "organisation_id": 12115, "organisation": "University of Virginia", "venues": [{"city": "Charlottesville", "country": "United States", "area": "Virginia", "display_area": true}], "discipline_title": "Software Engineering", "discipline_id": 329}, {"id": 179464, "title": "Computer Engineering", "summary": "Computer engineering is a discipline that integrates several fields of computer science and electronics engineering required to develop computer hardware and software.", "level": "phd", "degree": "Ph.D.", "tuition_fee": {"value": 9242, "unit": "year", "currency": "EUR"}, "fulltime_duration": {"value": 48, "unit": "month"}, "density": {"parttime": false, "fulltime": true}, "methods": {"face2face": true, "online": false, "blended": false}, "organisation_id": 969, "organisation": "BAU", "venues": [{"city": "Istanbul", "country": "Turkey", "area": "Istanbul", "display_area": false}], "discipline_title": "Software Engineering", "discipline_id": 329}, {"id": 88340, "title": "Computer Science", "summary": "The Doctor of Philosophy in Engineering is offered for the first time in Fall 2011. The mission of the doctoral program in the College of Engineering is to provide students with intensive advanced training in research that leads to the highest level of scholarly achievement, and enable them to conduct research independently to address new challenges as innovators.", "level": "phd", "degree": "Ph.D.", "tuition_fee": {"value": 509, "unit": "module", "currency": "EUR"}, "fulltime_duration": {"value": 36, "unit": "month"}, "parttime_duration": {"value": 72, "unit": "month"}, "density": {"parttime": true, "fulltime": true}, "methods": {"face2face": true, "online": false, "blended": false}, "organisation_id": 13221, "organisation": "Qatar University", "venues": [{"city": "Doha", "country": "Qatar", "area": "Ad Daw", "display_area": false}], "discipline_title": "Software Engineering", "discipline_id": 329}, {"id": 80410, "title": "Computer Science", "summary": "We have a thriving PhD program with approximately 50 full-time PhD students hailing from all corners of the world. Most full-time PhD students have scholarships that cover tuition and provide a monthly stipend. Although admission is highly competitive, we seek creative, articulate students with undergraduate and master's degrees from top universities worldwide.\u00a0", "level": "phd", "degree": "Ph.D.", "tuition_fee": {"value": 1662, "unit": "credit", "currency": "EUR"}, "density": {"parttime": false, "fulltime": true}, "methods": {"face2face": true, "online": false, "blended": false}, "organisation_id": 11753, "organisation": "New York University", "venues": [{"city": "New York City", "country": "United States", "area": "New York", "display_area": true}], "discipline_title": "Software Engineering", "discipline_id": 329}, {"id": 228832, "title": "Computer Science", "summary": "The degree of Doctor of Philosophy is awarded by the University for research carried out under the supervision of at least two staff members.&nbsp;", "level": "phd", "degree": "Ph.D.", "tuition_fee": {"value": 35560, "unit": "year", "currency": "EUR"}, "fulltime_duration": {"value": 48, "unit": "month"}, "density": {"parttime": false, "fulltime": true}, "methods": {"face2face": true, "online": false, "blended": false}, "organisation_id": 12782, "organisation": "University of Waikato", "venues": [{"city": "Hamilton", "country": "New Zealand", "area": "Waikato", "display_area": false}], "discipline_title": "Software Engineering", "discipline_id": 329}, {"id": 19170, "title": "Engineering in Computer Science", "summary": "The Engineering in Computer Science program at the Sapienza University of Rome is aimed at the acquisition of the necessary competence to pursue highly-specialized research activities and concludes with the preparation of a final thesis.", "level": "phd", "degree": "Ph.D.", "fulltime_duration": {"value": 36, "unit": "month"}, "density": {"parttime": false, "fulltime": true}, "methods": {"face2face": true, "online": false, "blended": false}, "organisation_id": 642, "organisation": "Sapienza University of Rome", "venues": [{"city": "Roma", "country": "Italy", "area": "Latium", "display_area": false}], "discipline_title": "Software Engineering", "discipline_id": 329}, {"id": 90184, "title": "Computer Science", "summary": "The Doctor of Philosophy (PhD) in Computer Science program is designed for students who have particular interest in advancing either an academic or industrial career in computer science.&nbsp;", "level": "phd", "degree": "Ph. D.", "tuition_fee": {"value": 8425, "unit": "year", "currency": "EUR"}, "fulltime_duration": {"value": 48, "unit": "month"}, "density": {"parttime": true, "fulltime": true}, "methods": {"face2face": true, "online": false, "blended": false}, "organisation_id": 13343, "organisation": "American University of Nigeria", "venues": [{"city": "Edmonton", "country": "Canada", "area": "Alberta", "display_area": false}], "discipline_title": "Software Engineering", "discipline_id": 329}, {"id": 159197, "title": "Computer Science", "summary": "The Department of Computer Science at Loughborough University has a dynamic research culture with an international reputation. We are committed to delivering inspiring teaching and cutting-edge research at the forefront of technological innovation.", "level": "phd", "degree": "Ph.D.", "tuition_fee": {"value": 25286, "unit": "year", "currency": "EUR"}, "fulltime_duration": {"value": 36, "unit": "month"}, "parttime_duration": {"value": 72, "unit": "month"}, "density": {"parttime": true, "fulltime": true}, "methods": {"face2face": true, "online": false, "blended": false}, "organisation_id": 452, "organisation": "Loughborough University", "venues": [{"city": "Loughborough", "country": "United Kingdom", "area": "England", "display_area": true}], "discipline_title": "Software Engineering", "discipline_id": 329}, {"id": 60754, "title": "Computer Science and Software Engineering", "summary": "The Computer Science and Software Engineering at the&nbsp;Auburn University offers the Ph.D degree and two master's degrees. All degrees are designated with the major of computer science and software engineering.", "level": "phd", "degree": "Ph.D.", "tuition_fee": {"value": 14114, "unit": "year", "currency": "EUR"}, "fulltime_duration": {"value": 36, "unit": "month"}, "density": {"parttime": false, "fulltime": true}, "methods": {"face2face": true, "online": false, "blended": false}, "organisation_id": 11863, "organisation": "Auburn University", "venues": [{"city": "Auburn", "country": "United States", "area": "Alabama", "display_area": true}], "discipline_title": "Software Engineering", "discipline_id": 329}]