[{"id": 276455, "title": "International Bachelor Ygrec in Modelling And Data Science", "summary": "A 4-year challenge-based programme for excellent, and curious students.&nbsp; The programme aimes to train International leader in Data Sciences, Cybersecurity, Artificial Intelligence, Economics and Financial Engineering, Quantum engineering.&nbsp; The other objective is to train future top scientists, engineers and managers, both French and English speaking, open to the global complexity of the world.", "level": "bachelor", "degree": "B.Eng.", "tuition_fee": {"value": 5000, "unit": "year", "currency": "EUR"}, "fulltime_duration": {"value": 48, "unit": "month"}, "density": {"parttime": false, "fulltime": true}, "methods": {"face2face": true, "online": false, "blended": false}, "organisation_id": 1768, "organisation": "EISTI", "venues": [{"city": "Cergy-Pontoise", "country": "France", "area": "\u00cele-de-France", "display_area": false}], "discipline_title": "Artificial Intelligence", "discipline_id": 330}, {"id": 277020, "title": "Robotics and Mechatronics", "summary": "The   program at&nbsp;Nazarbayev University&nbsp;is the nation\u2019s first undergraduate Robotics and Mechatronics degree   program. It is also one of the first Robotics and Mechatronics programs in   the world.&nbsp;", "level": "bachelor", "degree": "B.Sc.", "fulltime_duration": {"value": 48, "unit": "month"}, "density": {"parttime": false, "fulltime": true}, "methods": {"face2face": true, "online": false, "blended": false}, "organisation_id": 19561, "organisation": "Nazarbayev University", "venues": [{"city": "Nur-Sultan", "country": "Kazakhstan", "area": "Astana Qalasy", "display_area": false}], "discipline_title": "Artificial Intelligence", "discipline_id": 330}, {"id": 246821, "title": "Management and Artificial Intelligence in Digital Society", "summary": "The Management and Artificial Intelligence in Digital Society program&nbsp;at Kozminski University&nbsp;is a rare, but very necessary, combination of insightful management knowledge with programming skills and data analytics.", "level": "bachelor", "degree": "Bachelor", "tuition_fee": {"value": 5556, "unit": "year", "currency": "EUR"}, "fulltime_duration": {"value": 36, "unit": "month"}, "density": {"parttime": false, "fulltime": true}, "methods": {"face2face": true, "online": false, "blended": false}, "organisation_id": 759, "organisation": "Kozminski University", "venues": [{"city": "Warsaw", "country": "Poland", "area": "Masovian Voivodeship", "display_area": false}], "discipline_title": "Artificial Intelligence", "discipline_id": 330}, {"id": 156352, "title": "Robotics", "summary": "The Robotics programme offered by Kaunas University of Technology combines electronics, mechatronics, computer control, signal processing, artificial intelligence and programming in the design, development and application of robots and their integration with other systems in the work environment.", "level": "bachelor", "degree": "B.Sc.", "tuition_fee": {"value": 2951, "unit": "year", "currency": "EUR"}, "fulltime_duration": {"value": 48, "unit": "month"}, "density": {"parttime": false, "fulltime": true}, "methods": {"face2face": true, "online": false, "blended": false}, "organisation_id": 349, "organisation": "Kaunas University of Technology", "venues": [{"city": "Kaunas", "country": "Lithuania", "area": "Kauno Apskritis", "display_area": false}], "discipline_title": "Artificial Intelligence", "discipline_id": 330}, {"id": 60036, "title": "Robotics Engineering (Hons)", "summary": "Specialist robotics engineers are in demand - this BEng Robotics Engineering (Hons) course at University of Central Lancashire (UCLan) will help you develop skills in both electronic and mechanical engineering and prepare you for a truly fascinating, rewarding career.&nbsp;", "level": "bachelor", "degree": "B.Eng.", "tuition_fee": {"value": 10465, "unit": "year", "currency": "EUR"}, "fulltime_duration": {"value": 36, "unit": "month"}, "density": {"parttime": true, "fulltime": true}, "methods": {"face2face": true, "online": false, "blended": false}, "organisation_id": 217, "organisation": "University of Central Lancashire (UCLan)", "venues": [{"city": "Preston", "country": "United Kingdom", "area": "England", "display_area": true}], "discipline_title": "Artificial Intelligence", "discipline_id": 330}, {"id": 287735, "title": "Intelligent Robotics Engineering", "summary": "The&nbsp;Intelligent Robotics Engineering program from&nbsp;&nbsp;Xi'an Jiaotong-Liverpool University&nbsp;is a new cutting-edge programme designed to meet the fast-growing demands in our society for these intelligent robotics systems.", "level": "bachelor", "degree": "B.Eng.", "tuition_fee": {"value": 11530, "unit": "year", "currency": "EUR"}, "fulltime_duration": {"value": 48, "unit": "month"}, "density": {"parttime": false, "fulltime": true}, "methods": {"face2face": true, "online": false, "blended": false}, "organisation_id": 13040, "organisation": "Xi'an Jiaotong-Liverpool University", "venues": [{"city": "Suzhou", "country": "China", "area": "Jiangsu Sheng", "display_area": false}], "discipline_title": "Artificial Intelligence", "discipline_id": 330}, {"id": 292731, "title": "Applied Computer Science - Artificial Intelligence", "summary": "Fascinated by the revolution that artificial intelligence and machine learning is bringing for people and society? Join Thomas More\u2019s Applied Computer Science - Artificial Intelligence&nbsp; Programme and shape your own digital future!", "level": "bachelor", "degree": "Bachelor", "tuition_fee": {"value": 947, "unit": "year", "currency": "EUR"}, "fulltime_duration": {"value": 36, "unit": "month"}, "density": {"parttime": false, "fulltime": true}, "methods": {"face2face": true, "online": false, "blended": false}, "organisation_id": 16303, "organisation": "Thomas More", "venues": [{"city": "Geel", "country": "Belgium", "area": "Flanders", "display_area": false}], "discipline_title": "Artificial Intelligence", "discipline_id": 330}, {"id": 139348, "title": "Robotics Engineering", "summary": "Expand your expertise with the technical depth and project work experience you need to progress further in a robotics career on the MEng Robotics Engineering programme at University of Central Lancashire (UCLan).", "level": "bachelor", "degree": "Bachelor", "tuition_fee": {"value": 10465, "unit": "year", "currency": "EUR"}, "fulltime_duration": {"value": 48, "unit": "month"}, "density": {"parttime": true, "fulltime": true}, "methods": {"face2face": true, "online": false, "blended": false}, "organisation_id": 217, "organisation": "University of Central Lancashire (UCLan)", "venues": [{"city": "Preston", "country": "United Kingdom", "area": "England", "display_area": true}], "discipline_title": "Artificial Intelligence", "discipline_id": 330}, {"id": 290421, "title": "Applied Information Technology", "summary": "Interested in computer science? The Applied Information Technology programme trains you in the skills needed by today's developers with a focus on AI", "level": "bachelor", "degree": "Bachelor", "tuition_fee": {"value": 947, "unit": "year", "currency": "EUR"}, "fulltime_duration": {"value": 36, "unit": "month"}, "density": {"parttime": false, "fulltime": true}, "methods": {"face2face": true, "online": false, "blended": false}, "organisation_id": 11167, "organisation": "Karel de Grote University of Applied Arts and Sciences  (KdG)", "venues": [{"city": "Antwerpen", "country": "Belgium", "area": "Flanders", "display_area": false}], "discipline_title": "Artificial Intelligence", "discipline_id": 330}, {"id": 258784, "title": "Computer Science (Artificial Intelligence) (Hons)", "summary": "The&nbsp;Computer Science (Artificial Intelligence) (Hons) at&nbsp;Heriot-Watt Dubai is oriented to providing computer science students with the latest techniques in Artificial Intelligence.", "level": "bachelor", "degree": "B.Sc.", "tuition_fee": {"value": 15525, "unit": "year", "currency": "EUR"}, "fulltime_duration": {"value": 48, "unit": "month"}, "density": {"parttime": false, "fulltime": true}, "methods": {"face2face": true, "online": false, "blended": false}, "organisation_id": 19009, "organisation": "Heriot-Watt Dubai", "venues": [{"city": "Dubai", "country": "United Arab Emirates", "area": "Dubayy", "display_area": false}], "discipline_title": "Artificial Intelligence", "discipline_id": 330}, {"id": 260119, "title": "Artificial Intelligence", "summary": "Studying Artificial Intelligence (Lifestyle Informatics) at&nbsp;Vrije Universiteit Amsterdam&nbsp;is your route to success.&nbsp;", "level": "bachelor", "degree": "B.Sc.", "tuition_fee": {"value": 2143, "unit": "year", "currency": "EUR"}, "fulltime_duration": {"value": 36, "unit": "month"}, "density": {"parttime": false, "fulltime": true}, "methods": {"face2face": true, "online": false, "blended": false}, "organisation_id": 81, "organisation": "Vrije Universiteit Amsterdam", "venues": [{"city": "Amsterdam", "country": "Netherlands", "area": "North Holland", "display_area": false}], "discipline_title": "Artificial Intelligence", "discipline_id": 330}, {"id": 260558, "title": "Robotics and Automation (Hons)", "summary": "Learn with this&nbsp;Robotics and Automation (Hons) programme from&nbsp;Leeds Beckett University&nbsp;to design and implement robotic products and systems that have the potential to revolutionise our everyday lives and working practices.", "level": "bachelor", "degree": "B.Eng.", "tuition_fee": {"value": 10465, "unit": "year", "currency": "EUR"}, "fulltime_duration": {"value": 36, "unit": "month"}, "parttime_duration": {"value": 72, "unit": "month"}, "density": {"parttime": true, "fulltime": true}, "methods": {"face2face": true, "online": false, "blended": false}, "organisation_id": 482, "organisation": "Leeds Beckett University", "venues": [{"city": "Leeds", "country": "United Kingdom", "area": "England", "display_area": true}], "discipline_title": "Artificial Intelligence", "discipline_id": 330}, {"id": 260584, "title": "Robotics and Automation", "summary": "Be part of the robotics revolution - make robots come 'alive' and develop their ability to think and make decisions that assist human activity with this&nbsp;Robotics and Automation programme from&nbsp;Leeds Beckett University.", "level": "bachelor", "degree": "Bachelor", "tuition_fee": {"value": 10465, "unit": "year", "currency": "EUR"}, "fulltime_duration": {"value": 48, "unit": "month"}, "parttime_duration": {"value": 96, "unit": "month"}, "density": {"parttime": true, "fulltime": true}, "methods": {"face2face": true, "online": false, "blended": false}, "organisation_id": 482, "organisation": "Leeds Beckett University", "venues": [{"city": "Leeds", "country": "United Kingdom", "area": "England", "display_area": true}], "discipline_title": "Artificial Intelligence", "discipline_id": 330}, {"id": 107615, "title": "Robotics Engineering (Honours)", "summary": "Get the latest learning in robotics technologies, preparing you to become a key player in developing the robots that will populate our future. The Robotics Engineering (Honours) degree at Flinders University combines electronics, signal processing and programming in the design, development and application of robots, and their integration with other systems in the work environment.", "level": "bachelor", "degree": "B.Eng.", "tuition_fee": {"value": 22082, "unit": "year", "currency": "EUR"}, "fulltime_duration": {"value": 48, "unit": "month"}, "density": {"parttime": true, "fulltime": true}, "methods": {"face2face": true, "online": false, "blended": true}, "organisation_id": 11944, "organisation": "Flinders University", "venues": [{"city": "Adelaide", "country": "Australia", "area": "South Australia", "display_area": true}], "discipline_title": "Artificial Intelligence", "discipline_id": 330}, {"id": 177948, "title": "Engineering - Robotics", "summary": "The&nbsp;Engineering - Robotics program from&nbsp;Olin College of Engineering deals with the design, construction, operation and application of robots and computer systems including actuation, control, sensory feedback and information processing, integrating significant technology from multiple disciplines, with a focus on the fusion of electrical, software and mechanical engineering.", "level": "bachelor", "degree": "Bachelor", "tuition_fee": {"value": 48212, "unit": "year", "currency": "EUR"}, "density": {"parttime": false, "fulltime": true}, "methods": {"face2face": true, "online": false, "blended": false}, "organisation_id": 16865, "organisation": "Olin College of Engineering", "venues": [{"city": "Needham", "country": "United States", "area": "Massachusetts", "display_area": true}], "discipline_title": "Artificial Intelligence", "discipline_id": 330}, {"id": 250644, "title": "Artificial Intelligence with Industrial Experience (Hons)", "summary": "This Artificial Intelligence with Industrial Experience (Hons) programme is offered at The University of Manchester.&nbsp;One of the challenges in computing is to make computers demonstrate intelligent behaviour, so that they can solve new problems or cope with the unknown. Current achievements include image and voice recognition, and NASA's Mars Rovers.", "level": "bachelor", "degree": "Bachelor", "tuition_fee": {"value": 10465, "unit": "year", "currency": "EUR"}, "fulltime_duration": {"value": 60, "unit": "month"}, "density": {"parttime": false, "fulltime": true}, "methods": {"face2face": true, "online": false, "blended": false}, "organisation_id": 255, "organisation": "The University of Manchester", "venues": [{"city": "Manchester", "country": "United Kingdom", "area": "England", "display_area": true}], "discipline_title": "Artificial Intelligence", "discipline_id": 330}, {"id": 248821, "title": "Machine Intelligence and Robotics", "summary": "The presence of microchips or integrated circuits in nearly every kind of modern machine allows for some degree of intelligence in most mechanical and electronic devices.", "level": "bachelor", "degree": "Bachelor", "tuition_fee": {"value": 1200, "unit": "year", "currency": "EUR"}, "fulltime_duration": {"value": 48, "unit": "month"}, "density": {"parttime": false, "fulltime": true}, "methods": {"face2face": true, "online": false, "blended": false}, "organisation_id": 18773, "organisation": "The University for Information Science and Technology \"St. Paul The Apostle\" - UIST", "venues": [{"city": "Ohrid", "country": "Macedonia (FYROM)", "area": "Ohrid", "display_area": false}], "discipline_title": "Artificial Intelligence", "discipline_id": 330}, {"id": 101341, "title": "Artificial Intelligence and Robotics (Hons)", "summary": "Artificial Intelligence and Robotics (Hons)&nbsp;&nbsp;degree offered at University of Bedfordshire&nbsp;brings together these two areas, and offers conceptual grounding in intelligent systems, and the chance to apply theoretical knowledge in a practical setting.", "level": "bachelor", "degree": "B.Sc.", "tuition_fee": {"value": 10465, "unit": "year", "currency": "EUR"}, "fulltime_duration": {"value": 36, "unit": "month"}, "density": {"parttime": true, "fulltime": true}, "methods": {"face2face": true, "online": false, "blended": false}, "organisation_id": 248, "organisation": "University of Bedfordshire", "venues": [{"city": "Grantham", "country": "United Kingdom", "area": "England", "display_area": true}], "discipline_title": "Artificial Intelligence", "discipline_id": 330}, {"id": 85337, "title": "Artificial Intelligence and Robotics", "summary": "The Artificial Intelligence and Robotics&nbsp;degree at Aberystwyth University&nbsp;involves the development of artificial systems, and is becoming increasingly relevant in commercial and domestic life.", "level": "bachelor", "degree": "B.Sc.", "tuition_fee": {"value": 10182, "unit": "year", "currency": "EUR"}, "fulltime_duration": {"value": 36, "unit": "month"}, "density": {"parttime": false, "fulltime": true}, "methods": {"face2face": true, "online": false, "blended": false}, "organisation_id": 112, "organisation": "Aberystwyth University", "venues": [{"city": "Aberystwyth", "country": "United Kingdom", "area": "Wales", "display_area": true}], "discipline_title": "Artificial Intelligence", "discipline_id": 330}, {"id": 20333, "title": "Computer Science with Artificial Intelligence (Hons)", "summary": "On this integrated Computer Science with Artificial Intelligence (Hons) from University of York, you will gain a thorough grounding in computer science then focus on themes such as natural language processing, machine learning, computer vision, intelligent agents and game AI.", "level": "bachelor", "degree": "Bachelor", "tuition_fee": {"value": 10465, "unit": "year", "currency": "EUR"}, "fulltime_duration": {"value": 48, "unit": "month"}, "density": {"parttime": false, "fulltime": true}, "methods": {"face2face": true, "online": false, "blended": false}, "organisation_id": 265, "organisation": "University of York", "venues": [{"city": "York", "country": "United Kingdom", "area": "England", "display_area": true}], "discipline_title": "Artificial Intelligence", "discipline_id": 330}, {"id": 236584, "title": "Computer Science (Artificial Intelligence)", "summary": "Our specialist three-year Computer Science (Artificial Intelligence)&nbsp;programme at&nbsp;Royal Holloway University of London&nbsp;will give you all the knowledge, skills and practical experience you need to pursue a career at the cutting edge of AI and help to turn technological innovations into meaningful solutions that transform the way we live.", "level": "bachelor", "degree": "B.Sc.", "tuition_fee": {"value": 10465, "unit": "year", "currency": "EUR"}, "fulltime_duration": {"value": 36, "unit": "month"}, "density": {"parttime": false, "fulltime": true}, "methods": {"face2face": true, "online": false, "blended": false}, "organisation_id": 307, "organisation": "Royal Holloway University of London", "venues": [{"city": "London", "country": "United Kingdom", "area": "England", "display_area": true}], "discipline_title": "Artificial Intelligence", "discipline_id": 330}, {"id": 38807, "title": "Electronic Engineering with Artificial Intelligence", "summary": "This four-year MEng Electronic Engineering with Artificial Intelligence degree, focuses on the design and implementation of state-of-the-art artificial intelligence techniques, with consideration of image processing and computer vision. Electronic Engineering with Artificial Intelligence&nbsp; is offered by University of Southampton.&nbsp;", "level": "bachelor", "degree": "Bachelor", "tuition_fee": {"value": 10465, "unit": "year", "currency": "EUR"}, "fulltime_duration": {"value": 48, "unit": "month"}, "density": {"parttime": false, "fulltime": true}, "methods": {"face2face": true, "online": false, "blended": false}, "organisation_id": 357, "organisation": "University of Southampton", "venues": [{"city": "Southampton", "country": "United Kingdom", "area": "England", "display_area": true}], "discipline_title": "Artificial Intelligence", "discipline_id": 330}, {"id": 287680, "title": "Artificial Intelligence with Industrial Experience", "summary": "This is a five year programme in Artificial Intelligence with Industrial Experience and involves you undertaking a one year work placement in industry between the third and fourth years of your study at The University of Manchester&nbsp;.", "level": "bachelor", "degree": "Bachelor", "tuition_fee": {"value": 10465, "unit": "year", "currency": "EUR"}, "fulltime_duration": {"value": 60, "unit": "month"}, "density": {"parttime": false, "fulltime": true}, "methods": {"face2face": true, "online": false, "blended": false}, "organisation_id": 255, "organisation": "The University of Manchester", "venues": [{"city": "Manchester", "country": "United Kingdom", "area": "England", "display_area": true}], "discipline_title": "Artificial Intelligence", "discipline_id": 330}, {"id": 202637, "title": "(Hons) Industrial Automation and Robotics", "summary": "The (Hons) Industrial Automation and Robotics Programme at&nbsp;University of Kuala Lumpur equips the&nbsp;individual with the theoretical and practical capabilities in the field of electrical, electronics, control, automation, management and robotics.", "level": "bachelor", "degree": "B.Eng.", "tuition_fee": {"value": 3408, "unit": "year", "currency": "EUR"}, "fulltime_duration": {"value": 48, "unit": "month"}, "density": {"parttime": false, "fulltime": true}, "methods": {"face2face": true, "online": false, "blended": false}, "organisation_id": 17394, "organisation": "University of Kuala Lumpur", "venues": [{"city": "Kuala Lumpur", "country": "Malaysia", "area": "Kuala Lumpur", "display_area": false}], "discipline_title": "Artificial Intelligence", "discipline_id": 330}, {"id": 203449, "title": "Robotics with a Year in Industry (Hons)", "summary": "Robotics is on the cusp of an exciting new era as robots become more intelligent and find applications in an ever more diverse range of industries including consumer and healthcare robotics.&nbsp;", "level": "bachelor", "degree": "B.Eng.", "tuition_fee": {"value": 10465, "unit": "year", "currency": "EUR"}, "fulltime_duration": {"value": 48, "unit": "month"}, "density": {"parttime": false, "fulltime": true}, "methods": {"face2face": true, "online": false, "blended": false}, "organisation_id": 290, "organisation": "Liverpool Hope University", "venues": [{"city": "Liverpool", "country": "United Kingdom", "area": "England", "display_area": true}], "discipline_title": "Artificial Intelligence", "discipline_id": 330}, {"id": 80336, "title": "Computer Science and Artificial Intelligence with Year in Industry (Hons)", "summary": "This Computer Science and Artificial Intelligence with Year in Industry (Hons) degree at University of Nottingham is designed to offer both a general understanding of computer science as well as specialist skills in artificial intelligence. We also offer an industrial placement to expand and refine the skills you have built so far in the course.", "level": "bachelor", "degree": "B.Sc.", "tuition_fee": {"value": 10465, "unit": "year", "currency": "EUR"}, "fulltime_duration": {"value": 48, "unit": "month"}, "density": {"parttime": false, "fulltime": true}, "methods": {"face2face": true, "online": false, "blended": false}, "organisation_id": 166, "organisation": "University of Nottingham", "venues": [{"city": "Nottingham", "country": "United Kingdom", "area": "England", "display_area": true}], "discipline_title": "Artificial Intelligence", "discipline_id": 330}, {"id": 96305, "title": "Computer Science - Artificial Intelligence", "summary": "Behind every awesome website, must-have mobile app, or mission-critical data management system is a computer scientist\u2014or a team of computer scientists\u2014that made it happen. The&nbsp;Computer Science - Artificial Intelligence program is offered at&nbsp;Indiana University Bloomington.", "level": "bachelor", "degree": "B.Sc.", "tuition_fee": {"value": 35411, "unit": "year", "currency": "EUR"}, "fulltime_duration": {"value": 48, "unit": "month"}, "density": {"parttime": false, "fulltime": true}, "methods": {"face2face": true, "online": false, "blended": false}, "organisation_id": 11821, "organisation": "Indiana University Bloomington", "venues": [{"city": "Bloomington", "country": "United States", "area": "Indiana", "display_area": true}], "discipline_title": "Artificial Intelligence", "discipline_id": 330}, {"id": 80342, "title": "Computer Science with Artificial Intelligence (Hons)", "summary": "This Computer Science with Artificial Intelligence (Hons) degree at the University of Nottingham is designed to offer both a general understanding of computer science as well as specialist skills in artificial intelligence.", "level": "bachelor", "degree": "B.Sc.", "tuition_fee": {"value": 10465, "unit": "year", "currency": "EUR"}, "fulltime_duration": {"value": 36, "unit": "month"}, "density": {"parttime": false, "fulltime": true}, "methods": {"face2face": true, "online": false, "blended": false}, "organisation_id": 166, "organisation": "University of Nottingham", "venues": [{"city": "Nottingham", "country": "United Kingdom", "area": "England", "display_area": true}], "discipline_title": "Artificial Intelligence", "discipline_id": 330}, {"id": 236592, "title": "Computer Science (Artificial Intelligence) with a year in industry", "summary": "Our Computer Science (Artificial Intelligence) with a year in industry programme at&nbsp;Royal Holloway University of London&nbsp;will give you a strong foundation of knowledge, skills and practical experience to kickstart your computing career.&nbsp;", "level": "bachelor", "degree": "B.Sc.", "tuition_fee": {"value": 10465, "unit": "year", "currency": "EUR"}, "fulltime_duration": {"value": 48, "unit": "month"}, "density": {"parttime": false, "fulltime": true}, "methods": {"face2face": true, "online": false, "blended": false}, "organisation_id": 307, "organisation": "Royal Holloway University of London", "venues": [{"city": "London", "country": "United Kingdom", "area": "England", "display_area": true}], "discipline_title": "Artificial Intelligence", "discipline_id": 330}, {"id": 282007, "title": "Artificial Intelligence", "summary": "Autonomous vehicles, healthcare robots, intelligent household appliances, autonomous irrigation and fertilizer systems, smart digital assistants: Artificial Intelligence is finding its way into our everyday lives. Be at the forefront to help shape the great digital revolution. Explore the Artificial Intelligence degree offered by Johannes Kepler University Linz!", "level": "bachelor", "degree": "B.Sc.", "tuition_fee": {"value": 0, "unit": "year", "currency": "EUR"}, "fulltime_duration": {"value": 36, "unit": "month"}, "density": {"parttime": false, "fulltime": true}, "methods": {"face2face": true, "online": false, "blended": true}, "organisation_id": 508, "organisation": "Johannes Kepler University Linz", "venues": [{"city": "Linz", "country": "Austria", "area": "Upper Austria", "display_area": false}], "discipline_title": "Artificial Intelligence", "discipline_id": 330}, {"id": 82666, "title": "Computer Science & Artificial Intelligence (Hons)", "summary": "The Computer Science and Artificial Intelligence BSc (Hons) degree offered by the Loughborough University is a computing degree that allows students to specialise in AI through their project work and a number of specialist AI modules.", "level": "bachelor", "degree": "B.Sc.", "tuition_fee": {"value": 10465, "unit": "year", "currency": "EUR"}, "fulltime_duration": {"value": 36, "unit": "month"}, "density": {"parttime": false, "fulltime": true}, "methods": {"face2face": true, "online": false, "blended": false}, "organisation_id": 452, "organisation": "Loughborough University", "venues": [{"city": "Edinburgh", "country": "United Kingdom", "area": "Scotland", "display_area": true}], "discipline_title": "Artificial Intelligence", "discipline_id": 330}, {"id": 289821, "title": "Robotic Engineering", "summary": "Robots are increasingly important in our society. They are used in autonomous driving, domestic assistance, health care, industrial manufacturing, search and rescue operations, and hazardous environment exploration and monitoring.", "level": "bachelor", "degree": "B.Eng.", "tuition_fee": {"value": 10465, "unit": "year", "currency": "EUR"}, "fulltime_duration": {"value": 36, "unit": "month"}, "density": {"parttime": false, "fulltime": true}, "methods": {"face2face": true, "online": false, "blended": false}, "organisation_id": 620, "organisation": "University of Essex", "venues": [{"city": "Colchester", "country": "United Kingdom", "area": "England", "display_area": true}], "discipline_title": "Artificial Intelligence", "discipline_id": 330}, {"id": 85936, "title": "Computer Science (Artificial Intelligence) (Hons)", "summary": "The&nbsp;Computer Science (Artificial Intelligence) (Hons)&nbsp;programme at Heriot-Watt University is oriented to constructing robust and useable systems.&nbsp;", "level": "bachelor", "degree": "B.Sc.", "tuition_fee": {"value": 10465, "unit": "year", "currency": "EUR"}, "fulltime_duration": {"value": 48, "unit": "month"}, "density": {"parttime": false, "fulltime": true}, "methods": {"face2face": true, "online": false, "blended": false}, "organisation_id": 272, "organisation": "Heriot-Watt University", "venues": [{"city": "Edinburgh", "country": "United Kingdom", "area": "Scotland", "display_area": true}], "discipline_title": "Artificial Intelligence", "discipline_id": 330}, {"id": 120227, "title": "Computer Science (Algorithms)", "summary": "In addition to core courses in computer science, this Computer Science (Algorithms) program from&nbsp;Carleton University includes foundational courses on algorithms. These courses will teach you to design, analyze, experiment with and reason about algorithms that arise in modern applications such as search engines, games, social networks, markets, economics and computer networks.&nbsp;", "level": "bachelor", "degree": "Bachelor", "tuition_fee": {"value": 17898, "unit": "year", "currency": "EUR"}, "fulltime_duration": {"value": 48, "unit": "month"}, "density": {"parttime": false, "fulltime": true}, "methods": {"face2face": true, "online": false, "blended": false}, "organisation_id": 11922, "organisation": "Carleton University", "venues": [{"city": "Ottawa", "country": "Canada", "area": "Ontario", "display_area": false}], "discipline_title": "Artificial Intelligence", "discipline_id": 330}, {"id": 250637, "title": "Artificial Intelligence", "summary": "This Artificial Intelligence programme is offered at The University of Manchester.&nbsp;One of the challenges in computing is to make computers demonstrate intelligent behaviour, so that they can solve new problems or cope with the unknown. Current achievements include image and voice recognition, and NASA's Mars Rovers.&nbsp;", "level": "bachelor", "degree": "Bachelor", "tuition_fee": {"value": 10465, "unit": "year", "currency": "EUR"}, "fulltime_duration": {"value": 48, "unit": "month"}, "density": {"parttime": false, "fulltime": true}, "methods": {"face2face": true, "online": false, "blended": false}, "organisation_id": 255, "organisation": "The University of Manchester", "venues": [{"city": "Manchester", "country": "United Kingdom", "area": "England", "display_area": true}], "discipline_title": "Artificial Intelligence", "discipline_id": 330}, {"id": 159207, "title": "Computer Science with Artificial Intelligence (Hons)", "summary": "The Computer Science with Artificial Intelligence (Hons) programme of The University of Nottingham Malaysia is&nbsp;designed to develop both your general understanding of&nbsp;computer science and more specialist skills and knowledge in&nbsp;artificial intelligence (AI).", "level": "bachelor", "degree": "B.Sc.", "tuition_fee": {"value": 11254, "unit": "year", "currency": "EUR"}, "fulltime_duration": {"value": 36, "unit": "month"}, "density": {"parttime": false, "fulltime": true}, "methods": {"face2face": true, "online": false, "blended": false}, "organisation_id": 1296, "organisation": "The University Of Nottingham Malaysia", "venues": [{"city": "Kuala Lumpur", "country": "Malaysia", "area": "Kuala Lumpur", "display_area": false}], "discipline_title": "Artificial Intelligence", "discipline_id": 330}, {"id": 139050, "title": "Computer Science with Artificial Intelligence (Hons)", "summary": "The Computer Science with Artificial Intelligence (Hons) course from&nbsp;Northumbria University will provide you with knowledge of computer science topics and specialist skills in artificial intelligence, opening the door to a range of careers.", "level": "bachelor", "degree": "B.Sc.", "tuition_fee": {"value": 10465, "unit": "year", "currency": "EUR"}, "fulltime_duration": {"value": 36, "unit": "month"}, "density": {"parttime": false, "fulltime": true}, "methods": {"face2face": true, "online": false, "blended": false}, "organisation_id": 1241, "organisation": "Northumbria University", "venues": [{"city": "Newcastle upon Tyne", "country": "United Kingdom", "area": "England", "display_area": true}], "discipline_title": "Artificial Intelligence", "discipline_id": 330}, {"id": 135081, "title": "Computer Science - Artificial Intelligence Track", "summary": "The mission of the undergraduate program in&nbsp;Computer Science - Artificial Intelligence Track from&nbsp;Stanford University&nbsp;is to develop students' breadth of knowledge across the subject areas of computer science, including their ability to apply the defining processes of computer science theory, abstraction, design, and implementation to solve problems in the discipline.&nbsp;", "level": "bachelor", "degree": "B.Sc.", "tuition_fee": {"value": 32568, "unit": "year", "currency": "EUR"}, "fulltime_duration": {"value": 48, "unit": "month"}, "density": {"parttime": false, "fulltime": true}, "methods": {"face2face": true, "online": false, "blended": false}, "organisation_id": 11778, "organisation": "Stanford University", "venues": [{"city": "Stanford", "country": "United States", "area": "California", "display_area": true}], "discipline_title": "Artificial Intelligence", "discipline_id": 330}, {"id": 251520, "title": "Computer Science with Artificial Intelligence(Hons)", "summary": "Artificial intelligence (AI) is making a positive impact by helping tackle societal and global economic challenges, and is being put to use in virtually every sector of the economy. It also brings convenience to daily life, powering virtual personal assistants and smart home devices.&nbsp;Computer Science with Artificial Intelligence(Hons)&nbsp;is offered by University of Brighton.", "level": "bachelor", "degree": "B.Sc.", "tuition_fee": {"value": 10465, "unit": "year", "currency": "EUR"}, "fulltime_duration": {"value": 36, "unit": "month"}, "density": {"parttime": false, "fulltime": true}, "methods": {"face2face": true, "online": false, "blended": false}, "organisation_id": 524, "organisation": "University of Brighton", "venues": [{"city": "Brighton", "country": "United Kingdom", "area": "England", "display_area": true}], "discipline_title": "Artificial Intelligence", "discipline_id": 330}, {"id": 77162, "title": "Robotics (Hons)", "summary": "Robotics (Hons) programme is offered at University of Plymouth.Whether you are interested in mechatronics, artificial intelligence or the possibilities for biosensors, the BEng Robotics will encourage you to push your limits.", "level": "bachelor", "degree": "B.Eng.", "tuition_fee": {"value": 10465, "unit": "year", "currency": "EUR"}, "fulltime_duration": {"value": 36, "unit": "month"}, "density": {"parttime": false, "fulltime": true}, "methods": {"face2face": true, "online": false, "blended": false}, "organisation_id": 1773, "organisation": "University of Plymouth", "venues": [{"city": "Plymouth", "country": "United Kingdom", "area": "England", "display_area": true}], "discipline_title": "Artificial Intelligence", "discipline_id": 330}, {"id": 223851, "title": "Artificial Intelligence", "summary": "UAT\u2019s Artificial Intelligence degree derives inspiration from biology to design and build software systems that solve complex problems.", "level": "bachelor", "degree": "B.Sc.", "tuition_fee": {"value": 22413, "unit": "year", "currency": "EUR"}, "fulltime_duration": {"value": 48, "unit": "month"}, "density": {"parttime": false, "fulltime": true}, "methods": {"face2face": true, "online": false, "blended": false}, "organisation_id": 17970, "organisation": "University Of Advancing Technology", "venues": [{"city": "Tempe", "country": "United States", "area": "Arizona", "display_area": true}], "discipline_title": "Artificial Intelligence", "discipline_id": 330}, {"id": 263889, "title": "AI and Robotics (Hons)", "summary": "The B.S. in&nbsp;AI and Robotics (Hons)&nbsp;at Staffordshire University&nbsp;&nbsp;enables you to experience a comprehensive degree in the multi-discipline areas of Computing, Software, Robotics, Autonomous Vehicles (Automotive) and 3D games design.", "level": "bachelor", "degree": "B.Sc.", "tuition_fee": {"value": 10465, "unit": "year", "currency": "EUR"}, "fulltime_duration": {"value": 36, "unit": "month"}, "density": {"parttime": false, "fulltime": true}, "methods": {"face2face": true, "online": false, "blended": false}, "organisation_id": 844, "organisation": "Staffordshire University", "venues": [{"city": "Stoke-on-Trent", "country": "United Kingdom", "area": "England", "display_area": true}], "discipline_title": "Artificial Intelligence", "discipline_id": 330}, {"id": 288620, "title": "Creative Robotics (Hons)", "summary": "Taking a creative and humanistic approach, this Creative Robotics (Hons) degree offered at Falmouth University will challenge you to solve real-world problems through solutions which integrate physical computing with human-centred design.&nbsp;", "level": "bachelor", "degree": "B.Sc.", "tuition_fee": {"value": 10465, "unit": "year", "currency": "EUR"}, "fulltime_duration": {"value": 36, "unit": "month"}, "density": {"parttime": false, "fulltime": true}, "methods": {"face2face": true, "online": false, "blended": false}, "organisation_id": 392, "organisation": "Falmouth University", "venues": [{"city": "Falmouth", "country": "United Kingdom", "area": "England", "display_area": true}], "discipline_title": "Artificial Intelligence", "discipline_id": 330}, {"id": 95087, "title": "Computer Science and Artificial Intelligence (with an industrial placement year) (Hons)", "summary": "Computer Science and Artificial Intelligence (with an industrial placement year) (Hons)&nbsp;degree provided by University of Sussex explores the scientific basis of intelligence in animals and machines.", "level": "bachelor", "degree": "B.Sc.", "tuition_fee": {"value": 10465, "unit": "year", "currency": "EUR"}, "fulltime_duration": {"value": 48, "unit": "month"}, "density": {"parttime": false, "fulltime": true}, "methods": {"face2face": true, "online": false, "blended": false}, "organisation_id": 275, "organisation": "University of Sussex", "venues": [{"city": "Brighton", "country": "United Kingdom", "area": "England", "display_area": true}], "discipline_title": "Artificial Intelligence", "discipline_id": 330}, {"id": 83817, "title": "Artificial Intelligence and Computer Science with a Year in Industry", "summary": "Artificial Intelligence and Computer Science with a Year in Industry&nbsp;degree offered at University of Sheffield&nbsp;will help you to become more than just a programmer - you will also develop skills in teamwork, communication, systems design and entrepreneurship.&nbsp;", "level": "bachelor", "degree": "B.Sc.", "tuition_fee": {"value": 10465, "unit": "year", "currency": "EUR"}, "fulltime_duration": {"value": 48, "unit": "month"}, "density": {"parttime": false, "fulltime": true}, "methods": {"face2face": true, "online": false, "blended": false}, "organisation_id": 232, "organisation": "University of Sheffield", "venues": [{"city": "Sheffield", "country": "United Kingdom", "area": "England", "display_area": true}], "discipline_title": "Artificial Intelligence", "discipline_id": 330}, {"id": 21009, "title": "Computer Science (Artificial Intelligence)", "summary": "The Computer Science (Artificial Intelligence) course offered by Brunel University London will expose you to the foundations, theory and practical aspects of computer science and AI.", "level": "bachelor", "degree": "B.Sc.", "tuition_fee": {"value": 10465, "unit": "year", "currency": "EUR"}, "fulltime_duration": {"value": 36, "unit": "month"}, "density": {"parttime": false, "fulltime": true}, "methods": {"face2face": true, "online": false, "blended": false}, "organisation_id": 9881, "organisation": "Brunel University London", "venues": [{"city": "London", "country": "United Kingdom", "area": "England", "display_area": true}], "discipline_title": "Artificial Intelligence", "discipline_id": 330}, {"id": 273711, "title": "Electronic Engineering with Artificial Intelligence", "summary": "This four-year MEng Electronic Engineering with Artificial Intelligence degree, offered by University of Southampton, focuses on the design and implementation of state-of-the-art artificial intelligence techniques, with consideration of image processing and computer vision, machine learning, robotic systems, computational biology and finance.", "level": "bachelor", "degree": "Bachelor", "tuition_fee": {"value": 10465, "unit": "year", "currency": "EUR"}, "fulltime_duration": {"value": 48, "unit": "month"}, "density": {"parttime": false, "fulltime": true}, "methods": {"face2face": true, "online": false, "blended": false}, "organisation_id": 357, "organisation": "University of Southampton", "venues": [{"city": "Southampton", "country": "United Kingdom", "area": "England", "display_area": true}], "discipline_title": "Artificial Intelligence", "discipline_id": 330}, {"id": 235832, "title": "Information Technology - Robotics", "summary": "Apply now for this Information Technology - Robotics&nbsp;programme which is offered at the University of Santo Tomas.", "level": "bachelor", "degree": "B.Sc.", "tuition_fee": {"value": 1292, "unit": "year", "currency": "EUR"}, "fulltime_duration": {"value": 48, "unit": "month"}, "density": {"parttime": false, "fulltime": true}, "methods": {"face2face": true, "online": false, "blended": false}, "organisation_id": 17232, "organisation": "University of Santo Tomas", "venues": [{"city": "Manila", "country": "Philippines", "area": "National Capital Region", "display_area": false}], "discipline_title": "Artificial Intelligence", "discipline_id": 330}, {"id": 95099, "title": "Computer Science and Artificial Intelligence (Hons)", "summary": "Computer Science and Artificial Intelligence (Hons)&nbsp;degree provided by University of Sussexexplores the scientific basis of intelligence in animals and machines.&nbsp;", "level": "bachelor", "degree": "B.Sc.", "tuition_fee": {"value": 10465, "unit": "year", "currency": "EUR"}, "fulltime_duration": {"value": 36, "unit": "month"}, "density": {"parttime": false, "fulltime": true}, "methods": {"face2face": true, "online": false, "blended": false}, "organisation_id": 275, "organisation": "University of Sussex", "venues": [{"city": "Brighton", "country": "United Kingdom", "area": "England", "display_area": true}], "discipline_title": "Artificial Intelligence", "discipline_id": 330}, {"id": 223872, "title": "Robotics and Embedded Systems", "summary": "A Robotics Degree combining advancing robotics engineering with technological design.", "level": "bachelor", "degree": "B.Sc.", "tuition_fee": {"value": 22413, "unit": "year", "currency": "EUR"}, "fulltime_duration": {"value": 48, "unit": "month"}, "density": {"parttime": false, "fulltime": true}, "methods": {"face2face": true, "online": false, "blended": false}, "organisation_id": 17970, "organisation": "University Of Advancing Technology", "venues": [{"city": "Tempe", "country": "United States", "area": "Arizona", "display_area": true}], "discipline_title": "Artificial Intelligence", "discipline_id": 330}, {"id": 258657, "title": "Robotics and Artificial Intelligence", "summary": "Robotics and artificial intelligence is one of the greatest intellectual developments of the 21st century. It is increasingly relevant in commercial and domestic life and in transforming how we live, work, travel and learn.", "level": "bachelor", "degree": "B.Sc.", "tuition_fee": {"value": 10465, "unit": "year", "currency": "EUR"}, "fulltime_duration": {"value": 36, "unit": "month"}, "parttime_duration": {"value": 54, "unit": "month"}, "density": {"parttime": true, "fulltime": true}, "methods": {"face2face": true, "online": false, "blended": false}, "organisation_id": 11316, "organisation": "Edge Hill University", "venues": [{"city": "Cambridge", "country": "United Kingdom", "area": "England", "display_area": true}], "discipline_title": "Artificial Intelligence", "discipline_id": 330}, {"id": 68960, "title": "Robotics", "summary": "Advances in robotics technology continue to push the boundaries of what we previously thought possible. The&nbsp;Robotics degree at Middlesex University equip students with the technical knowledge and project experience for a career as a robotics engineer.", "level": "bachelor", "degree": "B.Eng.", "tuition_fee": {"value": 10465, "unit": "year", "currency": "EUR"}, "fulltime_duration": {"value": 36, "unit": "month"}, "density": {"parttime": false, "fulltime": true}, "methods": {"face2face": true, "online": false, "blended": false}, "organisation_id": 228, "organisation": "Middlesex University", "venues": [{"city": "London", "country": "United Kingdom", "area": "England", "display_area": true}], "discipline_title": "Artificial Intelligence", "discipline_id": 330}, {"id": 222053, "title": "Artificial Intelligence and Machine Learning", "summary": "Investigate the best concepts and techniques central to artificial intelligence, including representation, heuristic search, machine learning, genetic algorithms, planning, and games.", "level": "bachelor", "degree": "B.Sc.", "tuition_fee": {"value": 34788, "unit": "year", "currency": "EUR"}, "fulltime_duration": {"value": 48, "unit": "month"}, "density": {"parttime": false, "fulltime": true}, "methods": {"face2face": true, "online": false, "blended": false}, "organisation_id": 17934, "organisation": "Florida Southern College", "venues": [{"city": "Lakeland", "country": "United States", "area": "Florida", "display_area": true}], "discipline_title": "Artificial Intelligence", "discipline_id": 330}, {"id": 78370, "title": "Artificial Intelligence", "summary": "Artificial Intelligence (AI) is the attempt to build artificial systems that have intelligent behaviour. The Artificial Intelligence&nbsp;programme is offered by The University of Edinburgh.&nbsp;", "level": "bachelor", "degree": "B.Sc.", "tuition_fee": {"value": 2059, "unit": "year", "currency": "EUR"}, "fulltime_duration": {"value": 48, "unit": "month"}, "density": {"parttime": false, "fulltime": true}, "methods": {"face2face": true, "online": false, "blended": false}, "organisation_id": 43, "organisation": "The University of Edinburgh", "venues": [{"city": "Edinburgh", "country": "United Kingdom", "area": "Scotland", "display_area": true}], "discipline_title": "Artificial Intelligence", "discipline_id": 330}, {"id": 273704, "title": "Computer Science with Artificial Intelligence", "summary": "This four-year degree in MEng Computer Science with Artificial Intelligence, offered by University of Southampton, will help you to build on a thorough grounding in computer science, allowing you the opportunity to specialise and gain a greater understanding of the practical industrial applications of artificial intelligence.", "level": "bachelor", "degree": "B.Eng.", "tuition_fee": {"value": 10465, "unit": "year", "currency": "EUR"}, "fulltime_duration": {"value": 48, "unit": "month"}, "density": {"parttime": false, "fulltime": true}, "methods": {"face2face": true, "online": false, "blended": false}, "organisation_id": 357, "organisation": "University of Southampton", "venues": [{"city": "Southampton", "country": "United Kingdom", "area": "England", "display_area": true}], "discipline_title": "Artificial Intelligence", "discipline_id": 330}, {"id": 51494, "title": "Computer Science with Artificial Intelligence (Hons)", "summary": "The Computer Science with Artificial Intelligence (Hons) programme at University of Nottingham Ningbo China is designed to offer both a general understanding of computer science as well as specialist skills in artificial intelligence and, through its optional module choice, also offers you the opportunity to study computer science in the context of robotic systems.&nbsp;", "level": "bachelor", "degree": "B.Sc.", "tuition_fee": {"value": 14445, "unit": "year", "currency": "EUR"}, "fulltime_duration": {"value": 48, "unit": "month"}, "density": {"parttime": false, "fulltime": true}, "methods": {"face2face": true, "online": false, "blended": false}, "organisation_id": 10005, "organisation": "University of Nottingham Ningbo China", "venues": [{"city": "Ningbo", "country": "China", "area": "Zhejiang Sheng", "display_area": false}], "discipline_title": "Artificial Intelligence", "discipline_id": 330}, {"id": 182488, "title": "Robotics Engineering", "summary": "With Lawrence Technological University\u2019s Bachelor of Science in Robotics Engineering, you\u2019ll not only be well-positioned to hit the ground running early in your career, but you\u2019ll also gain the background and experience needed to face the challenges presented by this cutting-edge field.", "level": "bachelor", "degree": "B.Sc.", "tuition_fee": {"value": 1072, "unit": "credit", "currency": "EUR"}, "density": {"parttime": false, "fulltime": true}, "methods": {"face2face": true, "online": false, "blended": false}, "organisation_id": 17013, "organisation": "Lawrence Technological University", "venues": [{"city": "Southfield", "country": "United States", "area": "Michigan", "display_area": true}], "discipline_title": "Artificial Intelligence", "discipline_id": 330}, {"id": 105730, "title": "Robotics Engineering", "summary": "The UCSC robotics engineering program prepares graduates for rewarding careers at the interfaces between electrical, computer, and mechanical engineering.&nbsp;", "level": "bachelor", "degree": "B.Sc.", "tuition_fee": {"value": 39832, "unit": "year", "currency": "EUR"}, "fulltime_duration": {"value": 48, "unit": "month"}, "density": {"parttime": false, "fulltime": true}, "methods": {"face2face": true, "online": false, "blended": false}, "organisation_id": 11783, "organisation": "University of California, Santa Cruz", "venues": [{"city": "Santa Cruz", "country": "United States", "area": "California", "display_area": true}], "discipline_title": "Artificial Intelligence", "discipline_id": 330}, {"id": 195292, "title": "Artificial Intelligence", "summary": "The Artificial Intelligence program offered by Multimedia University&nbsp;equips students with the necessary knowledge and skills required to be successful in building the much-needed intelligent computer systems.", "level": "bachelor", "degree": "B.Sc.", "tuition_fee": {"value": 5823, "unit": "year", "currency": "EUR"}, "fulltime_duration": {"value": 48, "unit": "month"}, "density": {"parttime": false, "fulltime": true}, "methods": {"face2face": true, "online": false, "blended": false}, "organisation_id": 12805, "organisation": "Multimedia University", "venues": [{"city": "Jenjarum", "country": "Malaysia", "area": "Selangor", "display_area": false}], "discipline_title": "Artificial Intelligence", "discipline_id": 330}, {"id": 134422, "title": "Computer Science (Artificial Intelligence)", "summary": "This Computer Science (Artificial Intelligence) programme at University of Malaya equips students with the knowledge and skills to design and develop computer systems that emulate and exhibit human intelligence.", "level": "bachelor", "degree": "B.Sc.", "tuition_fee": {"value": 3932, "unit": "year", "currency": "EUR"}, "fulltime_duration": {"value": 42, "unit": "month"}, "density": {"parttime": false, "fulltime": true}, "methods": {"face2face": true, "online": false, "blended": false}, "organisation_id": 13140, "organisation": "University of Malaya", "venues": [{"city": "Kuala Lumpur", "country": "Malaysia", "area": "Kuala Lumpur", "display_area": false}], "discipline_title": "Artificial Intelligence", "discipline_id": 330}, {"id": 38362, "title": "Artificial Intelligence", "summary": "In the Artificial Intelligence&nbsp;programme at the University of Groningen, you will study intelligence and develop 'intelligent' and user-friendly products.", "level": "bachelor", "degree": "B.Sc.", "tuition_fee": {"value": 2143, "unit": "year", "currency": "EUR"}, "fulltime_duration": {"value": 36, "unit": "month"}, "density": {"parttime": false, "fulltime": true}, "methods": {"face2face": true, "online": false, "blended": false}, "organisation_id": 37, "organisation": "University of Groningen", "venues": [{"city": "Groningen", "country": "Netherlands", "area": "Province of Groningen", "display_area": false}], "discipline_title": "Artificial Intelligence", "discipline_id": 330}, {"id": 203450, "title": "Robotics (Hons)", "summary": "Robotics (Hons) from Liverpool Hope University is on the cusp of an exciting new era as robots become more intelligent and find applications in an ever more diverse range of industries including consumer and healthcare robotics.&nbsp;", "level": "bachelor", "degree": "Bachelor", "tuition_fee": {"value": 10465, "unit": "year", "currency": "EUR"}, "fulltime_duration": {"value": 48, "unit": "month"}, "density": {"parttime": false, "fulltime": true}, "methods": {"face2face": true, "online": false, "blended": false}, "organisation_id": 290, "organisation": "Liverpool Hope University", "venues": [{"city": "Liverpool", "country": "United Kingdom", "area": "England", "display_area": true}], "discipline_title": "Artificial Intelligence", "discipline_id": 330}, {"id": 85357, "title": "Artificial Intelligence and Robotics (inc Integrated Industrial and Professional Training)", "summary": "Artificial Intelligence and Robotics (inc Integrated Industrial and Professional Training) degree offered at Aberystwyth University involves the development of artificial systems, and is becoming increasingly relevant in commercial and domestic life.", "level": "bachelor", "degree": "B.Sc.", "tuition_fee": {"value": 10182, "unit": "year", "currency": "EUR"}, "fulltime_duration": {"value": 48, "unit": "month"}, "density": {"parttime": false, "fulltime": true}, "methods": {"face2face": true, "online": false, "blended": false}, "organisation_id": 112, "organisation": "Aberystwyth University", "venues": [{"city": "Aberystwyth", "country": "United Kingdom", "area": "Wales", "display_area": true}], "discipline_title": "Artificial Intelligence", "discipline_id": 330}, {"id": 38791, "title": "Computer Science with Artificial Intelligence", "summary": "This four-year degree in MEng Computer Science with Artificial Intelligence will help you to build on a thorough grounding in computer science, allowing you the opportunity to specialise and gain a greater understanding of the practical industrial applications of artificial intelligence.&nbsp;Computer Science with Artificial Intelligence is offered by University of Southampton.", "level": "bachelor", "degree": "Bachelor", "tuition_fee": {"value": 10465, "unit": "year", "currency": "EUR"}, "fulltime_duration": {"value": 48, "unit": "month"}, "density": {"parttime": false, "fulltime": true}, "methods": {"face2face": true, "online": false, "blended": false}, "organisation_id": 357, "organisation": "University of Southampton", "venues": [{"city": "Southampton", "country": "United Kingdom", "area": "England", "display_area": true}], "discipline_title": "Artificial Intelligence", "discipline_id": 330}, {"id": 77166, "title": "Robotics (Hons)", "summary": "Whether you are interested in mechatronics, artificial intelligence or the possibilities for biosensors, the BEng Robotics will encourage you to push your limits.&nbsp;", "level": "bachelor", "degree": "B.Eng.", "tuition_fee": {"value": 10465, "unit": "year", "currency": "EUR"}, "fulltime_duration": {"value": 36, "unit": "month"}, "density": {"parttime": false, "fulltime": true}, "methods": {"face2face": true, "online": false, "blended": false}, "organisation_id": 1773, "organisation": "University of Plymouth", "venues": [{"city": "Plymouth", "country": "United Kingdom", "area": "England", "display_area": true}], "discipline_title": "Artificial Intelligence", "discipline_id": 330}, {"id": 203448, "title": "Robotics (Hons)", "summary": "Robotics (Hons) from Liverpool Hope University is on the cusp of an exciting new era as robots become more intelligent and find applications in an ever more diverse range of industries including consumer and healthcare robotics. Our Robotics degree reflects recent software and hardware technological advances and exposes you to new, much sought-after skills and up-to-date areas of research.", "level": "bachelor", "degree": "B.Eng.", "tuition_fee": {"value": 10465, "unit": "year", "currency": "EUR"}, "fulltime_duration": {"value": 36, "unit": "month"}, "density": {"parttime": false, "fulltime": true}, "methods": {"face2face": true, "online": false, "blended": false}, "organisation_id": 290, "organisation": "Liverpool Hope University", "venues": [{"city": "Liverpool", "country": "United Kingdom", "area": "England", "display_area": true}], "discipline_title": "Artificial Intelligence", "discipline_id": 330}, {"id": 193957, "title": "Robotics Engineering", "summary": "Are you ready to join a&nbsp;revolutionary industry that is on the cusp of influencing every aspect of the way we work and live? If you enjoy solving technical challenges and love being creative, a major in robotics engineering could be the perfect fit for you. We offer a bachelor degree in Robotics Engineering at the&nbsp;Widener University.", "level": "bachelor", "degree": "B.Sc.", "tuition_fee": {"value": 44151, "unit": "year", "currency": "EUR"}, "fulltime_duration": {"value": 48, "unit": "month"}, "density": {"parttime": false, "fulltime": true}, "methods": {"face2face": true, "online": false, "blended": false}, "organisation_id": 12594, "organisation": "Widener University", "venues": [{"city": "Chester", "country": "United States", "area": "Pennsylvania", "display_area": true}], "discipline_title": "Artificial Intelligence", "discipline_id": 330}, {"id": 79203, "title": "Artificial Intelligence with Industrial Experience", "summary": "One of the challenges in computing is to make computers demonstrate intelligent behaviour, so that they can solve new problems or cope with the unknown.&nbsp; The Artificial Intelligence with Industrial Experience programme is&nbsp;offered at The University of Manchester .", "level": "bachelor", "degree": "B.Sc.", "tuition_fee": {"value": 10465, "unit": "year", "currency": "EUR"}, "fulltime_duration": {"value": 48, "unit": "month"}, "density": {"parttime": false, "fulltime": true}, "methods": {"face2face": true, "online": false, "blended": false}, "organisation_id": 255, "organisation": "The University of Manchester", "venues": [{"city": "Manchester", "country": "United Kingdom", "area": "England", "display_area": true}], "discipline_title": "Artificial Intelligence", "discipline_id": 330}, {"id": 79201, "title": "Artificial Intelligence", "summary": "One of the challenges in computing is to make computers demonstrate intelligent behaviour, so that they can solve new problems or cope with the unknown.&nbsp;The&nbsp;Artificial Intelligence programme is&nbsp;offered at The University of Manchester.", "level": "bachelor", "degree": "B.Sc.", "tuition_fee": {"value": 10465, "unit": "year", "currency": "EUR"}, "fulltime_duration": {"value": 36, "unit": "month"}, "density": {"parttime": false, "fulltime": true}, "methods": {"face2face": true, "online": false, "blended": false}, "organisation_id": 255, "organisation": "The University of Manchester", "venues": [{"city": "Manchester", "country": "United Kingdom", "area": "England", "display_area": true}], "discipline_title": "Artificial Intelligence", "discipline_id": 330}, {"id": 83803, "title": "Artificial Intelligence and Computer Science", "summary": "Artificial Intelligence and Computer Science&nbsp;degree offered at University of Sheffield will help you to become more than just a programmer - you will also develop skills in teamwork, communication, systems design and entrepreneurship.&nbsp;", "level": "bachelor", "degree": "B.Sc.", "tuition_fee": {"value": 10465, "unit": "year", "currency": "EUR"}, "fulltime_duration": {"value": 36, "unit": "month"}, "density": {"parttime": false, "fulltime": true}, "methods": {"face2face": true, "online": false, "blended": false}, "organisation_id": 232, "organisation": "University of Sheffield", "venues": [{"city": "Sheffield", "country": "United Kingdom", "area": "England", "display_area": true}], "discipline_title": "Artificial Intelligence", "discipline_id": 330}, {"id": 82950, "title": "Computer Science with Artificial Intelligence", "summary": "This Computer Science with Artificial Intelligence course at University of Leeds will allow you to gain fundamental skills such as programming, mathematics, network architectures and project management, while studying specialist artificial intelligence topics such as machine learning, image analysis, text analytics and their applications in areas from vision to automated reasoning.", "level": "bachelor", "degree": "B.Sc.", "fulltime_duration": {"value": 36, "unit": "month"}, "density": {"parttime": false, "fulltime": true}, "methods": {"face2face": true, "online": false, "blended": false}, "organisation_id": 151, "organisation": "University of Leeds", "venues": [{"city": "Leeds", "country": "United Kingdom", "area": "England", "display_area": true}], "discipline_title": "Artificial Intelligence", "discipline_id": 330}, {"id": 273895, "title": "Electronic Engineering with Artificial Intelligence", "summary": "Electronic Engineering with Artificial Intelligence,&nbsp;offered by University of Southampton,&nbsp;&nbsp;focuses on the design and implementation of state-of-the-art artificial intelligence techniques, with consideration of image processing and computer vision, machine learning, robotic systems, computational biology and finance.", "level": "bachelor", "degree": "Bachelor", "tuition_fee": {"value": 10465, "unit": "year", "currency": "EUR"}, "fulltime_duration": {"value": 48, "unit": "month"}, "density": {"parttime": false, "fulltime": true}, "methods": {"face2face": true, "online": false, "blended": false}, "organisation_id": 357, "organisation": "University of Southampton", "venues": [{"city": "Southampton", "country": "United Kingdom", "area": "England", "display_area": true}], "discipline_title": "Artificial Intelligence", "discipline_id": 330}, {"id": 239254, "title": "Robotics (Hons)", "summary": "The&nbsp;Robotics (Hons) programme at the Oxford Brookes University will develop you as a skilled computer scientist, with a strong knowledge of robotic engineering. We have developed our course in response to the needs and requirements of the emerging robotics market.", "level": "bachelor", "degree": "B.Sc.", "tuition_fee": {"value": 10465, "unit": "year", "currency": "EUR"}, "fulltime_duration": {"value": 36, "unit": "month"}, "parttime_duration": {"value": 96, "unit": "month"}, "density": {"parttime": true, "fulltime": true}, "methods": {"face2face": true, "online": false, "blended": false}, "organisation_id": 173, "organisation": "Oxford Brookes University", "venues": [{"city": "Oxford", "country": "United Kingdom", "area": "England", "display_area": true}], "discipline_title": "Artificial Intelligence", "discipline_id": 330}, {"id": 244878, "title": "Mechatronics and Robotics", "summary": "Robots and AI are transforming the way we live and work. Enjoy access to the superb facilities of this Mechatronics and Robotics from The University of Hull.", "level": "bachelor", "degree": "B.Eng.", "tuition_fee": {"value": 10465, "unit": "year", "currency": "EUR"}, "fulltime_duration": {"value": 36, "unit": "month"}, "density": {"parttime": false, "fulltime": true}, "methods": {"face2face": true, "online": false, "blended": false}, "organisation_id": 389, "organisation": "University of Hull", "venues": [{"city": "Hull", "country": "United Kingdom", "area": "England", "display_area": true}], "discipline_title": "Artificial Intelligence", "discipline_id": 330}, {"id": 67667, "title": "Mechatronics and Robotics", "summary": "The aim of the Mechatronics and Robotics programme offered by the Vilnius Gediminas Technical University is to prepare versatile professionals who will be able to design mechatronic and robotic systems, operate them and work in industry that require advanced integrated engineering knowledge.&nbsp;", "level": "bachelor", "degree": "Bachelor", "tuition_fee": {"value": 2595, "unit": "year", "currency": "EUR"}, "fulltime_duration": {"value": 48, "unit": "month"}, "density": {"parttime": false, "fulltime": true}, "methods": {"face2face": true, "online": false, "blended": false}, "organisation_id": 10427, "organisation": "Vilnius Gediminas Technical University", "venues": [{"city": "Vilnius", "country": "Lithuania", "area": "Vilniaus Apskritis", "display_area": false}], "discipline_title": "Artificial Intelligence", "discipline_id": 330}]