[{"id": 66909, "title": "Graduate Pathway in Computer Science or Computer Engineering", "summary": "The Graduate Pathway in Computer Science or Computer Engineering&nbsp;offers you the chance to enhance your English and academic ability. It will prepare you to successfully pursue graduate studies at University of South Florida.&nbsp;", "level": "preparation", "degree": "Pre-Master", "tuition_fee": {"value": 16479, "unit": "year", "currency": "EUR"}, "fulltime_duration": {"value": 6, "unit": "month"}, "density": {"parttime": false, "fulltime": true}, "methods": {"face2face": true, "online": false, "blended": false}, "organisation_id": 12254, "organisation": "INTO University of South Florida", "venues": [{"city": "Tampa", "country": "United States", "area": "Florida", "display_area": true}], "discipline_title": "Software Engineering", "discipline_id": 329}, {"id": 280961, "title": "International Foundation in Engineering and Science - Software Engineering", "summary": "The&nbsp;International Foundation in Engineering and Science - Software Engineering programme offered by The University of Manchester will prepare you&nbsp;for direct entry to Year 1 of an undergraduate degree in subjects including Engineering, Computer Science, Mathematics, Physics and Chemistry.", "level": "preparation", "degree": "Pre-Bachelor", "tuition_fee": {"value": 20133, "unit": "year", "currency": "EUR"}, "fulltime_duration": {"value": 9, "unit": "month"}, "density": {"parttime": false, "fulltime": true}, "methods": {"face2face": true, "online": false, "blended": false}, "organisation_id": 14340, "organisation": "INTO University of Manchester", "venues": [{"city": "Manchester", "country": "United Kingdom", "area": "England", "display_area": true}], "discipline_title": "Software Engineering", "discipline_id": 329}, {"id": 67028, "title": "Graduate Pathway in Electrical and Computer Engineering", "summary": "An INTO OSU Graduate Pathway in Electrical and Computer Engineering will prepare you to enter your next semester of a master?s degree program at Oregon State University.&nbsp;", "level": "preparation", "degree": "Pre-Master", "tuition_fee": {"value": 10948, "unit": "year", "currency": "EUR"}, "fulltime_duration": {"value": 3, "unit": "month"}, "density": {"parttime": false, "fulltime": true}, "methods": {"face2face": true, "online": false, "blended": false}, "organisation_id": 12279, "organisation": "INTO Oregon State University", "venues": [{"city": "Corvallis", "country": "United States", "area": "Oregon", "display_area": true}], "discipline_title": "Software Engineering", "discipline_id": 329}, {"id": 272240, "title": "Computer Science", "summary": "The Computer Science at the&nbsp;University of Warwick&nbsp;is designed to provide you with the knowledge and skills to be able to progress on to a range of Computing-related degree courses at university.&nbsp;", "level": "preparation", "degree": "Pre-Bachelor", "tuition_fee": {"value": 21213, "unit": "full", "currency": "EUR"}, "density": {"parttime": false, "fulltime": true}, "methods": {"face2face": true, "online": false, "blended": false}, "organisation_id": 183, "organisation": "University of Warwick", "venues": [{"city": "Coventry", "country": "United Kingdom", "area": "England", "display_area": true}], "discipline_title": "Software Engineering", "discipline_id": 329}, {"id": 280948, "title": "Graduate Pathway in Computer Engineering - High Performance Computing - Computer Engineering-M.S.", "summary": "The Graduate Pathway in Computer Engineering - High Performance Computing - Computer Engineering-M.S. program at&nbsp;INTO Colorado State University&nbsp;will prepare you to enter the second year of a master\u2019s degree program at Colorado State University.", "level": "preparation", "degree": "Pre-Master", "tuition_fee": {"value": 19991, "unit": "year", "currency": "EUR"}, "fulltime_duration": {"value": 6, "unit": "month"}, "density": {"parttime": false, "fulltime": true}, "methods": {"face2face": true, "online": false, "blended": false}, "organisation_id": 12160, "organisation": "INTO Colorado State University", "venues": [{"city": "Fort Collins", "country": "United States", "area": "Colorado", "display_area": true}], "discipline_title": "Software Engineering", "discipline_id": 329}, {"id": 281135, "title": "Graduate Pathway in Computer Engineering or Electrical Engineering Additional Areas of Study - Computer Engineering-M.S.", "summary": "The&nbsp;Graduate Pathway in Computer Engineering or Electrical Engineering Additional Areas of Study - Computer Engineering-M.S. program offered by&nbsp;INTO Colorado State University&nbsp;will prepare you to enter the second year of a master\u2019s degree program at Colorado State University.&nbsp;", "level": "preparation", "degree": "Pre-Master", "tuition_fee": {"value": 16331, "unit": "year", "currency": "EUR"}, "fulltime_duration": {"value": 6, "unit": "month"}, "density": {"parttime": false, "fulltime": true}, "methods": {"face2face": true, "online": false, "blended": false}, "organisation_id": 12160, "organisation": "INTO Colorado State University", "venues": [{"city": "Fort Collins", "country": "United States", "area": "Colorado", "display_area": true}], "discipline_title": "Software Engineering", "discipline_id": 329}, {"id": 275419, "title": "International Year One in Pre-Engineering - Computer Science", "summary": "The International Year One in Pre-Engineering&nbsp;- Computer Science will prepare you to enter your next semester of a bachelor\u2019s degree program at Drew University.&nbsp;", "level": "preparation", "degree": "Pre-Bachelor", "fulltime_duration": {"value": 24, "unit": "month"}, "density": {"parttime": false, "fulltime": true}, "methods": {"face2face": true, "online": false, "blended": false}, "organisation_id": 12278, "organisation": "INTO Drew University", "venues": [{"city": "Madison", "country": "United States", "area": "Alabama", "display_area": true}], "discipline_title": "Software Engineering", "discipline_id": 329}, {"id": 297189, "title": "Software Engineering", "summary": "Gain a highly sought after skill set from the&nbsp;Software Engineering&nbsp;offered by Coursera in partnership with Arizona State University.", "level": "preparation", "degree": "Pre-Master", "tuition_fee": {"value": 4159, "unit": "full", "currency": "EUR"}, "parttime_duration": {"value": 4, "unit": "month"}, "density": {"parttime": true, "fulltime": false}, "methods": {"face2face": false, "online": true, "blended": false}, "organisation_id": 17569, "organisation": "Coursera", "venues": [{"city": "Mountain View", "country": "United States", "area": "California", "display_area": true}], "discipline_title": "Software Engineering", "discipline_id": 329}, {"id": 151505, "title": "Graduate Pathway in Computer Engineering - Computer Engineering-M.E.", "summary": "The Graduate Pathway in Computer Engineering - Computer Engineering-M.E.&nbsp;program at&nbsp;INTO Colorado State University&nbsp;will prepare you to enter the second year of a master\u2019s degree program at Colorado State University.", "level": "preparation", "degree": "Pre-Master", "tuition_fee": {"value": 16331, "unit": "year", "currency": "EUR"}, "fulltime_duration": {"value": 6, "unit": "month"}, "density": {"parttime": false, "fulltime": true}, "methods": {"face2face": true, "online": false, "blended": false}, "organisation_id": 12160, "organisation": "INTO Colorado State University", "venues": [{"city": "Fort Collins", "country": "United States", "area": "Colorado", "display_area": true}], "discipline_title": "Software Engineering", "discipline_id": 329}, {"id": 278258, "title": "International Foundation in Science, Computing, Engineering and Mathematics - Computer Science (Security and Resilience)", "summary": "With the International Foundation in Science, Computing, Engineering and Mathematics - Computer Science (Security and Resilience) programme at INTO Newcastle University, you can prepare for direct entry to an undergraduate degree in a range of science or engineering related subject at Newcastle University.", "level": "preparation", "degree": "Pre-Bachelor", "tuition_fee": {"value": 22622, "unit": "year", "currency": "EUR"}, "fulltime_duration": {"value": 9, "unit": "month"}, "density": {"parttime": false, "fulltime": true}, "methods": {"face2face": true, "online": false, "blended": false}, "organisation_id": 7023, "organisation": "INTO Newcastle University", "venues": [{"city": "Newcastle upon Tyne", "country": "United Kingdom", "area": "England", "display_area": true}], "discipline_title": "Software Engineering", "discipline_id": 329}, {"id": 281540, "title": "International Foundation in Science and Engineering - Web Development", "summary": "The International Foundation in Science and Engineering - Web Development programme offered by INTO Manchester Metropolitan University will prepare you&nbsp;for direct entry to Year 1 of an undergraduate degree in a range of Computing, Mathematics, Engineering, Science related subjects.", "level": "preparation", "degree": "Pre-Bachelor", "tuition_fee": {"value": 17706, "unit": "year", "currency": "EUR"}, "fulltime_duration": {"value": 9, "unit": "month"}, "density": {"parttime": false, "fulltime": true}, "methods": {"face2face": true, "online": false, "blended": false}, "organisation_id": 8892, "organisation": "INTO Manchester Metropolitan University", "venues": [{"city": "Manchester", "country": "United Kingdom", "area": "England", "display_area": true}], "discipline_title": "Software Engineering", "discipline_id": 329}, {"id": 281301, "title": "International Foundation in Science and Engineering - Computer Science", "summary": "The International Foundation in Science and Engineering - Computer Science programme offered by INTO Manchester Metropolitan University will prepare you&nbsp;for direct entry to Year 1 of an undergraduate degree in a range of Computing, Mathematics, Engineering, Science related subjects.", "level": "preparation", "degree": "Pre-Bachelor", "tuition_fee": {"value": 17706, "unit": "year", "currency": "EUR"}, "fulltime_duration": {"value": 9, "unit": "month"}, "density": {"parttime": false, "fulltime": true}, "methods": {"face2face": true, "online": false, "blended": false}, "organisation_id": 8892, "organisation": "INTO Manchester Metropolitan University", "venues": [{"city": "Manchester", "country": "United Kingdom", "area": "England", "display_area": true}], "discipline_title": "Software Engineering", "discipline_id": 329}, {"id": 281131, "title": "Graduate Pathway in Computer Engineering or Electrical Engineering Additional Areas of Study - Computer Engineering-M.E.", "summary": "The&nbsp;Graduate Pathway in Computer Engineering or Electrical Engineering Additional Areas of Study - Computer Engineering-M.E. program offered by&nbsp;INTO Colorado State University&nbsp;will prepare you to enter the second year of a master\u2019s degree program at Colorado State University.&nbsp;", "level": "preparation", "degree": "Pre-Master", "tuition_fee": {"value": 16331, "unit": "year", "currency": "EUR"}, "fulltime_duration": {"value": 6, "unit": "month"}, "density": {"parttime": false, "fulltime": true}, "methods": {"face2face": true, "online": false, "blended": false}, "organisation_id": 12160, "organisation": "INTO Colorado State University", "venues": [{"city": "Fort Collins", "country": "United States", "area": "Colorado", "display_area": true}], "discipline_title": "Software Engineering", "discipline_id": 329}, {"id": 283761, "title": "Computer Science (Software Engineering) - Undergraduate Foundation Programme", "summary": "This one-year (3 term) (Hons) Computer Science (Software Engineering) - Undergraduate Foundation Programme at&nbsp;ONCAMPUS Hull&nbsp;offers successful students guaranteed progression to the University of Hull.&nbsp;", "level": "preparation", "degree": "Pre-Bachelor", "tuition_fee": {"value": 15834, "unit": "year", "currency": "EUR"}, "fulltime_duration": {"value": 9, "unit": "month"}, "density": {"parttime": false, "fulltime": true}, "methods": {"face2face": true, "online": false, "blended": false}, "organisation_id": 14007, "organisation": "ONCAMPUS Hull", "venues": [{"city": "Hull", "country": "United Kingdom", "area": "England", "display_area": true}], "discipline_title": "Software Engineering", "discipline_id": 329}, {"id": 280145, "title": "Graduate Diploma in Informatics - Software Engineering", "summary": "The Graduate Diploma in Informatics - Software Engineering offered by&nbsp;INTO City University London&nbsp;prepares you for direct entry to a postgraduate degree in a range of subject areas such as information science, software engineering, data science, human-computer interaction design, cyber security and library science.", "level": "preparation", "degree": "Pre-Master", "tuition_fee": {"value": 18951, "unit": "year", "currency": "EUR"}, "fulltime_duration": {"value": 9, "unit": "month"}, "density": {"parttime": false, "fulltime": true}, "methods": {"face2face": true, "online": false, "blended": false}, "organisation_id": 8888, "organisation": "INTO City University London", "venues": [{"city": "London", "country": "United Kingdom", "area": "England", "display_area": true}], "discipline_title": "Software Engineering", "discipline_id": 329}, {"id": 281139, "title": "Graduate Pathway in Computer Engineering or Electrical Engineering Additional Areas of Study - Electrical Engineering-M.S.", "summary": "The&nbsp;Graduate Pathway in Computer Engineering or Electrical Engineering Additional Areas of Study - Electrical Engineering-M.S. program offered by&nbsp;INTO Colorado State University&nbsp;will prepare you to enter the second year of a master\u2019s degree program at Colorado State University.&nbsp;", "level": "preparation", "degree": "Pre-Master", "tuition_fee": {"value": 16331, "unit": "year", "currency": "EUR"}, "fulltime_duration": {"value": 6, "unit": "month"}, "density": {"parttime": false, "fulltime": true}, "methods": {"face2face": true, "online": false, "blended": false}, "organisation_id": 12160, "organisation": "INTO Colorado State University", "venues": [{"city": "Fort Collins", "country": "United States", "area": "Colorado", "display_area": true}], "discipline_title": "Software Engineering", "discipline_id": 329}, {"id": 280947, "title": "Graduate Pathway in Computer Engineering - High Performance Computing - Computer Engineering-M.E.", "summary": "The Graduate Pathway in Computer Engineering - High Performance Computing - Computer Engineering-M.E. program at&nbsp;INTO Colorado State University&nbsp;will prepare you to enter the second year of a master\u2019s degree program at Colorado State University.", "level": "preparation", "degree": "Pre-Master", "tuition_fee": {"value": 16331, "unit": "year", "currency": "EUR"}, "fulltime_duration": {"value": 6, "unit": "month"}, "density": {"parttime": false, "fulltime": true}, "methods": {"face2face": true, "online": false, "blended": false}, "organisation_id": 12160, "organisation": "INTO Colorado State University", "venues": [{"city": "Fort Collins", "country": "United States", "area": "Colorado", "display_area": true}], "discipline_title": "Software Engineering", "discipline_id": 329}, {"id": 272819, "title": "International Foundation in Science and Engineering - Software Engineering", "summary": "The International Foundation in Science and Engineering - Software Engineering at INTO Manchester prepares you for direct entry on to the first year of a Computing, Mathematics, Engineering, Science or related undergraduate degree.", "level": "preparation", "degree": "Pre-Bachelor", "tuition_fee": {"value": 17706, "unit": "year", "currency": "EUR"}, "fulltime_duration": {"value": 9, "unit": "month"}, "density": {"parttime": false, "fulltime": true}, "methods": {"face2face": true, "online": false, "blended": false}, "organisation_id": 18816, "organisation": "INTO Manchester", "venues": [{"city": "Manchester", "country": "United Kingdom", "area": "England", "display_area": true}], "discipline_title": "Software Engineering", "discipline_id": 329}, {"id": 287522, "title": "Computer Hardware and Software Engineering - International Foundation Programme", "summary": "This one-year (3 term) Computer Hardware and Software Engineering - International Foundation Programme from ONCAMPUS Coventry can offer successful students&nbsp;progression to Coventry University.&nbsp;You will&nbsp;study your Foundation programme at our state-of-the-art Centre located at the heart of the Coventry University campus.", "level": "preparation", "degree": "Pre-Bachelor", "tuition_fee": {"value": 16394, "unit": "year", "currency": "EUR"}, "fulltime_duration": {"value": 9, "unit": "month"}, "density": {"parttime": false, "fulltime": true}, "methods": {"face2face": true, "online": false, "blended": false}, "organisation_id": 11517, "organisation": "ONCAMPUS Coventry", "venues": [{"city": "Coventry", "country": "United Kingdom", "area": "England", "display_area": true}], "discipline_title": "Software Engineering", "discipline_id": 329}, {"id": 66465, "title": "International Year One in Computer Science - Computer Engineering", "summary": "The&nbsp;International Year One in Computer Science - Computer Engineering&nbsp;will prepare you to enter the second year of University of South Florida's competitive undergraduate degree program in Computer Science/Computer Engineering.&nbsp;", "level": "preparation", "degree": "Pre-Bachelor", "tuition_fee": {"value": 13494, "unit": "year", "currency": "EUR"}, "fulltime_duration": {"value": 6, "unit": "month"}, "density": {"parttime": false, "fulltime": true}, "methods": {"face2face": true, "online": false, "blended": false}, "organisation_id": 12254, "organisation": "INTO University of South Florida", "venues": [{"city": "Tampa", "country": "United States", "area": "Florida", "display_area": true}], "discipline_title": "Software Engineering", "discipline_id": 329}, {"id": 278339, "title": "International Foundation in Physical Sciences and Engineering - Computer Systems Engineering with a Year in Industry", "summary": "The International Foundation in Physical Sciences and Engineering - Computer Systems Engineering with a Year in Industry at INTO&nbsp;University of East Anglia prepares you for direct entry to Year 1 of a science-related undergraduate degree, including Engineering, Environmental Sciences, Chemistry and Computing Sciences.", "level": "preparation", "degree": "Pre-Bachelor", "tuition_fee": {"value": 19228, "unit": "year", "currency": "EUR"}, "fulltime_duration": {"value": 9, "unit": "month"}, "density": {"parttime": false, "fulltime": true}, "methods": {"face2face": true, "online": false, "blended": false}, "organisation_id": 8867, "organisation": "INTO University of East Anglia", "venues": [{"city": "Norwich", "country": "United Kingdom", "area": "England", "display_area": true}], "discipline_title": "Software Engineering", "discipline_id": 329}, {"id": 284945, "title": "Software Engineering - Undergraduate Foundation Programme", "summary": "This one-year (3 term) Software Engineering - Undergraduate Foundation Programme from ONCAMPUS UK North offers successful students&nbsp;guaranteed progression to UCLan&nbsp;and the opportunity to apply to a number of other top UK universities through the UCAS process. You will&nbsp;study your Foundation programme at our Centre located at the heart of the UCLan campus.", "level": "preparation", "degree": "Pre-Bachelor", "tuition_fee": {"value": 15817, "unit": "year", "currency": "EUR"}, "fulltime_duration": {"value": 9, "unit": "month"}, "density": {"parttime": false, "fulltime": true}, "methods": {"face2face": true, "online": false, "blended": false}, "organisation_id": 11512, "organisation": "ONCAMPUS UK North", "venues": [{"city": "Preston", "country": "United Kingdom", "area": "England", "display_area": true}], "discipline_title": "Software Engineering", "discipline_id": 329}, {"id": 280946, "title": "Graduate Pathway in Computer Engineering - Electrical Engineering-M.S.", "summary": "The Graduate Pathway in Computer Engineering - Electrical Engineering-M.S.&nbsp;program at&nbsp;INTO Colorado State University&nbsp;will prepare you to enter the second year of a master\u2019s degree program at Colorado State University.", "level": "preparation", "degree": "Pre-Master", "tuition_fee": {"value": 16331, "unit": "year", "currency": "EUR"}, "fulltime_duration": {"value": 6, "unit": "month"}, "density": {"parttime": false, "fulltime": true}, "methods": {"face2face": true, "online": false, "blended": false}, "organisation_id": 12160, "organisation": "INTO Colorado State University", "venues": [{"city": "Fort Collins", "country": "United States", "area": "Colorado", "display_area": true}], "discipline_title": "Software Engineering", "discipline_id": 329}, {"id": 281137, "title": "Graduate Pathway in Computer Engineering or Electrical Engineering Additional Areas of Study - Electrical Engineering-M.E.", "summary": "The&nbsp;Graduate Pathway in Computer Engineering or Electrical Engineering Additional Areas of Study - Electrical Engineering-M.E. program offered by&nbsp;INTO Colorado State University&nbsp;will prepare you to enter the second year of a master\u2019s degree program at Colorado State University.&nbsp;", "level": "preparation", "degree": "Pre-Master", "tuition_fee": {"value": 16331, "unit": "year", "currency": "EUR"}, "fulltime_duration": {"value": 6, "unit": "month"}, "density": {"parttime": false, "fulltime": true}, "methods": {"face2face": true, "online": false, "blended": false}, "organisation_id": 12160, "organisation": "INTO Colorado State University", "venues": [{"city": "Fort Collins", "country": "United States", "area": "Colorado", "display_area": true}], "discipline_title": "Software Engineering", "discipline_id": 329}, {"id": 280942, "title": "Graduate Pathway in Computer Engineering - Computer Engineering-M.S.", "summary": "The Graduate Pathway in Computer Engineering - Computer Engineering-M.S.&nbsp;program at&nbsp;INTO Colorado State University&nbsp;will prepare you to enter the second year of a master\u2019s degree program at Colorado State University.", "level": "preparation", "degree": "Pre-Master", "tuition_fee": {"value": 16331, "unit": "year", "currency": "EUR"}, "fulltime_duration": {"value": 6, "unit": "month"}, "density": {"parttime": false, "fulltime": true}, "methods": {"face2face": true, "online": false, "blended": false}, "organisation_id": 12160, "organisation": "INTO Colorado State University", "venues": [{"city": "Fort Collins", "country": "United States", "area": "Colorado", "display_area": true}], "discipline_title": "Software Engineering", "discipline_id": 329}, {"id": 140950, "title": "Motorsport Engineering", "summary": "The&nbsp;Motorsport Engineering has been developed by University Centre Somerset, part of Bridgwater and Taunton College and Oxford Brookes University as preparation for a range of technical and management careers in motorsport engineering.", "level": "preparation", "degree": "Pre-Bachelor", "tuition_fee": {"value": 8565, "unit": "year", "currency": "EUR"}, "fulltime_duration": {"value": 24, "unit": "month"}, "parttime_duration": {"value": 36, "unit": "month"}, "density": {"parttime": true, "fulltime": true}, "methods": {"face2face": true, "online": false, "blended": false}, "organisation_id": 173, "organisation": "Oxford Brookes University", "venues": [{"city": "Oxford", "country": "United Kingdom", "area": "England", "display_area": true}], "discipline_title": "Software Engineering", "discipline_id": 329}, {"id": 230343, "title": "Engineering and Computer Science", "summary": "The College of Engineering and Computer Science is a world class college with top-tier research in environmental science, space science and engineering programs.", "level": "preparation", "degree": "Pre-Master", "tuition_fee": {"value": 25827, "unit": "year", "currency": "EUR"}, "fulltime_duration": {"value": 12, "unit": "month"}, "density": {"parttime": false, "fulltime": true}, "methods": {"face2face": true, "online": false, "blended": false}, "organisation_id": 12282, "organisation": "University of New Hampshire", "venues": [{"city": "Durham", "country": "United States", "area": "North Carolina", "display_area": true}], "discipline_title": "Software Engineering", "discipline_id": 329}, {"id": 292378, "title": "Computer Engineering", "summary": "Adjusting to college life in the United States can be challenging. The University of South Carolina offers world-class academics in a friendly, welcoming environment that sets you up for success and makes your transition as easy and productive as possible through this Computer Engineering program.", "level": "preparation", "degree": "Pre-Bachelor", "tuition_fee": {"value": 34343, "unit": "year", "currency": "EUR"}, "fulltime_duration": {"value": 12, "unit": "month"}, "density": {"parttime": false, "fulltime": true}, "methods": {"face2face": true, "online": false, "blended": false}, "organisation_id": 19773, "organisation": "University of South Carolina - International Accelerator", "venues": [{"city": "Columbia", "country": "United States", "area": "South Carolina", "display_area": true}], "discipline_title": "Software Engineering", "discipline_id": 329}]