[{"id": 276498, "title": "Computer Science", "summary": "With the PhD in Computer Science program at&nbsp;Pace University, students will be prepared to make original and innovative contributions to a field of study through research efforts.", "level": "phd", "degree": "Ph.D.", "tuition_fee": {"value": 1155, "unit": "credit", "currency": "EUR"}, "fulltime_duration": {"value": 36, "unit": "month"}, "density": {"parttime": false, "fulltime": true}, "methods": {"face2face": true, "online": false, "blended": false}, "organisation_id": 12502, "organisation": "Pace University", "venues": [{"city": "Pleasantville", "country": "United States", "area": "New York", "display_area": true}], "discipline_title": "Web Technologies & Cloud Computing", "discipline_id": 286}, {"id": 64394, "title": "Network Science", "summary": "The PhD program in Network Science at Central European University (CEU)&nbsp;is a research-oriented program that provides the only PhD degree in this field in Europe.&nbsp;It offers advanced training in theoretical and computational methods, challenging&nbsp;coursework on the basic concepts and theories of large-scale networks, and&nbsp;hands-on experience in taming massive datasets.", "level": "phd", "degree": "Ph.D.", "fulltime_duration": {"value": 36, "unit": "month"}, "density": {"parttime": false, "fulltime": true}, "methods": {"face2face": true, "online": false, "blended": false}, "organisation_id": 79, "organisation": "Central European University (CEU)", "venues": [{"city": "Vienna", "country": "Austria", "area": "Vienna", "display_area": false}], "discipline_title": "Web Technologies & Cloud Computing", "discipline_id": 286}, {"id": 66313, "title": "Computing - Computer Science", "summary": "The doctorate degree in Computing - Computer Science taught at the European University Cyprus (EUC) provides the future PhD holders with the necessary skills and abilities to become successful academics demonstrating an excellence in research and making a significant contribution to the local and international research community in the field of Computing/Computer Science.", "level": "phd", "degree": "Ph.D.", "tuition_fee": {"value": 4500, "unit": "year", "currency": "EUR"}, "fulltime_duration": {"value": 36, "unit": "month"}, "density": {"parttime": false, "fulltime": true}, "methods": {"face2face": true, "online": false, "blended": false}, "organisation_id": 1493, "organisation": "European University Cyprus (EUC)", "venues": [{"city": "Nicosia", "country": "Cyprus", "area": "Nicosia", "display_area": false}], "discipline_title": "Web Technologies & Cloud Computing", "discipline_id": 286}, {"id": 268856, "title": "Computer Science", "summary": "The&nbsp;Computer Science programme is offered by the&nbsp;Universidade de Aveiro.", "level": "phd", "degree": "Doctorate", "tuition_fee": {"value": 2750, "unit": "year", "currency": "EUR"}, "fulltime_duration": {"value": 48, "unit": "month"}, "density": {"parttime": false, "fulltime": true}, "methods": {"face2face": true, "online": false, "blended": false}, "organisation_id": 772, "organisation": "Universidade de Aveiro", "venues": [{"city": "Aveiro", "country": "Portugal", "area": "Aveiro", "display_area": false}], "discipline_title": "Web Technologies & Cloud Computing", "discipline_id": 286}, {"id": 268044, "title": "Computing", "summary": "There are plenty of reasons to start a PhD with us. We're internationally recognised for the quality of our research. We're developing a research culture of innovation and collaboration. We're home to experts with experience of producing important, interesting, relevant and successful research.", "level": "phd", "degree": "Ph.D.", "fulltime_duration": {"value": 36, "unit": "month"}, "parttime_duration": {"value": 72, "unit": "month"}, "density": {"parttime": true, "fulltime": true}, "methods": {"face2face": true, "online": false, "blended": false}, "organisation_id": 231, "organisation": "University of Portsmouth", "venues": [{"city": "Portsmouth", "country": "United Kingdom", "area": "England", "display_area": true}], "discipline_title": "Web Technologies & Cloud Computing", "discipline_id": 286}, {"id": 288846, "title": "Computer Science and Technology", "summary": "The courses in the Computer Science and Technology programme at Beijing Normal University - Hong Kong Baptist University United International College are designed for students who are interested in using computers to obtain, represent, store, process, transport and utilize information.", "level": "phd", "degree": "Ph. D.", "tuition_fee": {"value": 11479, "unit": "year", "currency": "EUR"}, "density": {"parttime": false, "fulltime": true}, "methods": {"face2face": true, "online": false, "blended": false}, "organisation_id": 19120, "organisation": "Beijing Normal University - Hong Kong Baptist University United International College", "venues": [{"city": "Zhuhai", "country": "China", "area": "Guangdong Sheng", "display_area": false}], "discipline_title": "Web Technologies & Cloud Computing", "discipline_id": 286}, {"id": 271551, "title": "Computational and Corpus Linguistics (Postgraduate Research)", "summary": "In this Computational and Corpus Linguistics (Postgraduate Research) PhD at&nbsp;University of Wolverhampton&nbsp;ideas from any of these areas will be considered, but applicants are also welcome to discuss their own topics and ideas with supervisors.", "level": "phd", "degree": "Ph.D.", "tuition_fee": {"value": 4986, "unit": "year", "currency": "EUR"}, "fulltime_duration": {"value": 48, "unit": "month"}, "parttime_duration": {"value": 96, "unit": "month"}, "density": {"parttime": true, "fulltime": true}, "methods": {"face2face": true, "online": true, "blended": false}, "organisation_id": 1180, "organisation": "University of Wolverhampton", "venues": [{"city": "Wolverhampton", "country": "United Kingdom", "area": "England", "display_area": true}], "discipline_title": "Web Technologies & Cloud Computing", "discipline_id": 286}, {"id": 284878, "title": "Computer Engineering", "summary": "Commencing to academic life or specialization after the basic university education begins with the graduate programs and advances further. The&nbsp;Computer Engineering programme is offered by&nbsp;Near East University.", "level": "phd", "degree": "Ph. D.", "tuition_fee": {"value": 2500, "unit": "year", "currency": "EUR"}, "density": {"parttime": false, "fulltime": true}, "methods": {"face2face": true, "online": false, "blended": false}, "organisation_id": 9264, "organisation": "Near East University", "venues": [{"city": "Mersin", "country": "Turkey", "area": "Mersin", "display_area": false}], "discipline_title": "Web Technologies & Cloud Computing", "discipline_id": 286}, {"id": 284881, "title": "Computer Information Systems", "summary": "Commencing to academic life or specialization after the basic university education begins with the graduate programs and advances further. The&nbsp;Computer Information Systems programme is offered by&nbsp;Near East University.", "level": "phd", "degree": "Ph.D.", "tuition_fee": {"value": 2500, "unit": "year", "currency": "EUR"}, "density": {"parttime": false, "fulltime": true}, "methods": {"face2face": true, "online": false, "blended": false}, "organisation_id": 9264, "organisation": "Near East University", "venues": [{"city": "Mersin", "country": "Turkey", "area": "Mersin", "display_area": false}], "discipline_title": "Web Technologies & Cloud Computing", "discipline_id": 286}, {"id": 285127, "title": "Computer Education and Instructional Technology", "summary": "The postgraduate education and research activities in Near East University have an important role in renewal, cathing up the quality and gaining the competition advantage. The&nbsp;Computer Education and Instructional Technology programme is offered by&nbsp;Near East University.", "level": "phd", "degree": "Ph.D.", "tuition_fee": {"value": 2500, "unit": "year", "currency": "EUR"}, "density": {"parttime": false, "fulltime": true}, "methods": {"face2face": true, "online": false, "blended": false}, "organisation_id": 9264, "organisation": "Near East University", "venues": [{"city": "Mersin", "country": "Turkey", "area": "Mersin", "display_area": false}], "discipline_title": "Web Technologies & Cloud Computing", "discipline_id": 286}, {"id": 16565, "title": "Information Technology, Mathematics and Physics", "summary": "The PhD programme in Information Technology, Mathematics and Physics from the University of Stavanger is made up of the following areas: Cybernetics and signal processing, Computer science, Mathematics, Physics.", "level": "phd", "degree": "Ph.D.", "density": {"parttime": false, "fulltime": true}, "methods": {"face2face": true, "online": false, "blended": false}, "organisation_id": 745, "organisation": "University of Stavanger", "venues": [{"city": "Stavanger", "country": "Norway", "area": "Rogaland", "display_area": false}], "discipline_title": "Web Technologies & Cloud Computing", "discipline_id": 286}, {"id": 256948, "title": "Informatics - ICSA - Computer Architecture, Compilation and System Software, Networks and Communication", "summary": "The&nbsp;Informatics - ICSA - Computer Architecture, Compilation and System Software, Networks and Communication programme offered by&nbsp;The University of Edinburgh&nbsp;will provide you with academic resources and industry links that are among the best in the world.", "level": "phd", "degree": "Ph.D.", "tuition_fee": {"value": 26587, "unit": "year", "currency": "EUR"}, "fulltime_duration": {"value": 36, "unit": "month"}, "parttime_duration": {"value": 72, "unit": "month"}, "density": {"parttime": true, "fulltime": true}, "methods": {"face2face": true, "online": false, "blended": false}, "organisation_id": 43, "organisation": "The University of Edinburgh", "venues": [{"city": "Edinburgh", "country": "United Kingdom", "area": "Scotland", "display_area": true}], "discipline_title": "Web Technologies & Cloud Computing", "discipline_id": 286}, {"id": 297547, "title": "Computing", "summary": "The Computing course at&nbsp;University of Central Lancashire (UCLan)&nbsp;&nbsp;aims to develop and enhance your understanding of professional practice through academic research.", "level": "phd", "degree": "Ph. D.", "tuition_fee": {"value": 2998, "unit": "year", "currency": "EUR"}, "parttime_duration": {"value": 84, "unit": "month"}, "density": {"parttime": true, "fulltime": false}, "methods": {"face2face": true, "online": false, "blended": false}, "organisation_id": 217, "organisation": "University of Central Lancashire (UCLan)", "venues": [{"city": "Preston", "country": "United Kingdom", "area": "England", "display_area": true}], "discipline_title": "Web Technologies & Cloud Computing", "discipline_id": 286}, {"id": 256959, "title": "Informatics - IPAB - Robotics, Computer Vision, Computer Graphics and Animation", "summary": "The&nbsp;Informatics - IPAB - Robotics, Computer Vision, Computer Graphics and Animation programme offered by&nbsp;The University of Edinburgh&nbsp;focuses on how to link computational perception, representation, transformation and generation processes to external worlds, in theory and in practice.", "level": "phd", "degree": "Ph.D.", "tuition_fee": {"value": 25117, "unit": "year", "currency": "EUR"}, "fulltime_duration": {"value": 36, "unit": "month"}, "parttime_duration": {"value": 72, "unit": "month"}, "density": {"parttime": true, "fulltime": true}, "methods": {"face2face": true, "online": false, "blended": false}, "organisation_id": 43, "organisation": "The University of Edinburgh", "venues": [{"city": "Edinburgh", "country": "United Kingdom", "area": "Scotland", "display_area": true}], "discipline_title": "Web Technologies & Cloud Computing", "discipline_id": 286}, {"id": 47566, "title": "Computer and Information Sciences", "summary": "In the&nbsp;Computer and Information Sciences programme at the&nbsp;University of Strathclyde, you can study an MPhil over the course of one year or a PhD over the course of three years here in Scotland.", "level": "phd", "degree": "Ph. D.", "tuition_fee": {"value": 4895, "unit": "year", "currency": "EUR"}, "fulltime_duration": {"value": 36, "unit": "month"}, "density": {"parttime": true, "fulltime": true}, "methods": {"face2face": true, "online": false, "blended": false}, "organisation_id": 249, "organisation": "University of Strathclyde", "venues": [{"city": "Glasgow", "country": "United Kingdom", "area": "Scotland", "display_area": true}], "discipline_title": "Web Technologies & Cloud Computing", "discipline_id": 286}, {"id": 231586, "title": "Computational Analysis and Modeling", "summary": "The College of Engineering and Science is the major participant in the interdisciplinary PhD in Computational Analysis and Modeling (CAM).&nbsp;", "level": "phd", "degree": "Ph.D.", "tuition_fee": {"value": 3180, "unit": "year", "currency": "EUR"}, "fulltime_duration": {"value": 36, "unit": "month"}, "density": {"parttime": false, "fulltime": true}, "methods": {"face2face": true, "online": false, "blended": false}, "organisation_id": 14930, "organisation": "Louisiana Tech University", "venues": [{"city": "Ruston", "country": "United States", "area": "Louisiana", "display_area": true}], "discipline_title": "Web Technologies & Cloud Computing", "discipline_id": 286}, {"id": 275783, "title": "Informatics and Computing - Ecological and Environmental Informatics", "summary": "The Ph.D. program in Informatics and Computing - Ecological and Environmental Informatics at Northern Arizona University prepares graduates for meaningful and fulfilling careers in the application of informatics and computing to critical areas of national need.&nbsp;", "level": "phd", "degree": "Ph.D.", "tuition_fee": {"value": 22629, "unit": "year", "currency": "EUR"}, "density": {"parttime": false, "fulltime": true}, "methods": {"face2face": true, "online": false, "blended": false}, "organisation_id": 11345, "organisation": "Northern Arizona University", "venues": [{"city": "Flagstaff", "country": "United States", "area": "Arizona", "display_area": true}], "discipline_title": "Web Technologies & Cloud Computing", "discipline_id": 286}, {"id": 217440, "title": "Network and Information Technologies", "summary": "The research lines and groups associated with the&nbsp;Network and Information Technologies programme at the Universitat Oberta de Catalunya (UOC) are organized around network and information technologies", "level": "phd", "degree": "Doctorate", "fulltime_duration": {"value": 36, "unit": "month"}, "parttime_duration": {"value": 60, "unit": "month"}, "density": {"parttime": true, "fulltime": true}, "methods": {"face2face": true, "online": true, "blended": false}, "organisation_id": 1358, "organisation": "Universitat Oberta de Catalunya (UOC)", "venues": [{"city": "Barcelona", "country": "Spain", "area": "Catalonia", "display_area": false}], "discipline_title": "Web Technologies & Cloud Computing", "discipline_id": 286}, {"id": 257100, "title": "Science and Technology Studies", "summary": "The University of Edinburgh has an international reputation as a leading centre of research in Science and Technology Studies (STS).", "level": "phd", "degree": "Ph.D.", "tuition_fee": {"value": 22741, "unit": "year", "currency": "EUR"}, "fulltime_duration": {"value": 36, "unit": "month"}, "parttime_duration": {"value": 72, "unit": "month"}, "density": {"parttime": true, "fulltime": true}, "methods": {"face2face": true, "online": false, "blended": false}, "organisation_id": 43, "organisation": "The University of Edinburgh", "venues": [{"city": "Edinburgh", "country": "United Kingdom", "area": "Scotland", "display_area": true}], "discipline_title": "Web Technologies & Cloud Computing", "discipline_id": 286}, {"id": 22295, "title": "Doctoral Program in Computer Science (MAP joint programme)", "summary": "MAPi is a strong commitment by three top Universities from the north of Portugal to create in this region a doctoral course in Computer Science of very high quality, internationally competitive, strongly based on excellent research units from these Universities.", "level": "phd", "degree": "Ph.D.", "tuition_fee": {"value": 3000, "unit": "year", "currency": "EUR"}, "fulltime_duration": {"value": 36, "unit": "month"}, "density": {"parttime": false, "fulltime": true}, "methods": {"face2face": true, "online": false, "blended": false}, "organisation_id": 486, "organisation": "University of Porto", "venues": [{"city": "Porto", "country": "Portugal", "area": "Porto", "display_area": false}], "discipline_title": "Web Technologies & Cloud Computing", "discipline_id": 286}, {"id": 275782, "title": "Informatics and Computing - Cyber and Software Systems", "summary": "The Ph.D. program in Informatics and Computing - Cyber and Software Systems at Northern Arizona University prepares graduates for meaningful and fulfilling careers in the application of informatics and computing to critical areas of national need.&nbsp;", "level": "phd", "degree": "Ph.D.", "tuition_fee": {"value": 22629, "unit": "year", "currency": "EUR"}, "density": {"parttime": false, "fulltime": true}, "methods": {"face2face": true, "online": false, "blended": false}, "organisation_id": 11345, "organisation": "Northern Arizona University", "venues": [{"city": "Flagstaff", "country": "United States", "area": "Arizona", "display_area": true}], "discipline_title": "Web Technologies & Cloud Computing", "discipline_id": 286}, {"id": 14276, "title": "Computer Science", "summary": "The Computer Science programme from&nbsp;University of Bristol&nbsp;brings together the research in computing, communications, electronics and photonics within the University.", "level": "phd", "degree": "Ph. D.", "tuition_fee": {"value": 4938, "unit": "year", "currency": "EUR"}, "fulltime_duration": {"value": 36, "unit": "month"}, "parttime_duration": {"value": 72, "unit": "month"}, "density": {"parttime": true, "fulltime": true}, "methods": {"face2face": true, "online": false, "blended": false}, "organisation_id": 147, "organisation": "University of Bristol", "venues": [{"city": "Bristol", "country": "United Kingdom", "area": "England", "display_area": true}], "discipline_title": "Web Technologies & Cloud Computing", "discipline_id": 286}, {"id": 159394, "title": "Institute for Digital Technologies", "summary": "The Institute for Digital Technologies aims to address major technological challenges, by focusing on six primary themes: Big Multimedia Data, Interactive 3D Media, Cybersecurity, Smart Living, Green Digital Technologies and Advanced 5G Systems.The\u00a0Institute for Digital Technologies programme is offered by the\u00a0Loughborough University.", "level": "phd", "degree": "Ph.D.", "tuition_fee": {"value": 23872, "unit": "year", "currency": "EUR"}, "fulltime_duration": {"value": 36, "unit": "month"}, "parttime_duration": {"value": 60, "unit": "month"}, "density": {"parttime": true, "fulltime": true}, "methods": {"face2face": true, "online": false, "blended": false}, "organisation_id": 452, "organisation": "Loughborough University", "venues": [{"city": "London", "country": "United Kingdom", "area": "England", "display_area": true}], "discipline_title": "Web Technologies & Cloud Computing", "discipline_id": 286}, {"id": 256842, "title": "EPSRC Centre for Doctoral Training in Robotics and Autonomous Systems", "summary": "The University of Edinburgh and Heriot-Watt University are jointly offering this innovative four-year EPSRC Centre for Doctoral Training in Robotics and Autonomous Systems programme, which combines a strong general grounding in current theory, methods and applications with flexibility for individualised study and a specialised PhD project.", "level": "phd", "degree": "Ph.D.", "tuition_fee": {"value": 26587, "unit": "year", "currency": "EUR"}, "fulltime_duration": {"value": 48, "unit": "month"}, "density": {"parttime": false, "fulltime": true}, "methods": {"face2face": true, "online": false, "blended": false}, "organisation_id": 43, "organisation": "The University of Edinburgh", "venues": [{"city": "Edinburgh", "country": "United Kingdom", "area": "Scotland", "display_area": true}], "discipline_title": "Web Technologies & Cloud Computing", "discipline_id": 286}, {"id": 156690, "title": "Software Technology", "summary": "Part of 4TU Stan Ackermans Institute, the Software Technology&nbsp; programme from&nbsp;Eindhoven University of Technology (TU/e) offers a salaried two-year technological designer program on a doctorate level for MSc graduates with a degree in the field of Computer Science or a related field.", "level": "phd", "degree": "Ph. D.", "fulltime_duration": {"value": 24, "unit": "month"}, "density": {"parttime": false, "fulltime": true}, "methods": {"face2face": true, "online": false, "blended": false}, "organisation_id": 1, "organisation": "Eindhoven University of Technology (TU/e)", "venues": [{"city": "Eindhoven", "country": "Netherlands", "area": "North Brabant", "display_area": false}], "discipline_title": "Web Technologies & Cloud Computing", "discipline_id": 286}, {"id": 293586, "title": "Computer Science", "summary": "Research in the Computer Science programme from University College London (UCL)&nbsp;has made a deep, lasting and sustained impact on today's society.", "level": "phd", "degree": "Ph. D.", "tuition_fee": {"value": 27685, "unit": "year", "currency": "EUR"}, "fulltime_duration": {"value": 36, "unit": "month"}, "parttime_duration": {"value": 60, "unit": "month"}, "density": {"parttime": true, "fulltime": true}, "methods": {"face2face": true, "online": false, "blended": false}, "organisation_id": 271, "organisation": "University College London (UCL)", "venues": [{"city": "London", "country": "United Kingdom", "area": "England", "display_area": true}], "discipline_title": "Web Technologies & Cloud Computing", "discipline_id": 286}, {"id": 256687, "title": "Postgraduate research opportunities in Computer Science", "summary": "Excellent research opportunities await in the Postgraduate research opportunities in Computer Science from Liverpool John Moores University, enabling you to work at the forefront of developments with leading experts.", "level": "phd", "degree": "Ph. D.", "tuition_fee": {"value": 5657, "unit": "year", "currency": "EUR"}, "fulltime_duration": {"value": 33, "unit": "month"}, "parttime_duration": {"value": 45, "unit": "month"}, "density": {"parttime": true, "fulltime": true}, "methods": {"face2face": true, "online": false, "blended": false}, "organisation_id": 12638, "organisation": "Liverpool John Moores University", "venues": [{"city": "Liverpool", "country": "United Kingdom", "area": "England", "display_area": true}], "discipline_title": "Web Technologies & Cloud Computing", "discipline_id": 286}, {"id": 240708, "title": "Logical Methods in Computer Science", "summary": "The Logical Methods in Computer Science \u2013 LogiCS doctoral program is a PhD degree program, funded by the Austrian Science Fund FWF and run jointly by the three Austrian universities TU Wien (Vienna University of Technology), Graz University of Technology and Johannes Kepler University Linz.&nbsp;", "level": "phd", "degree": "Doctorate", "fulltime_duration": {"value": 36, "unit": "month"}, "density": {"parttime": false, "fulltime": true}, "methods": {"face2face": true, "online": false, "blended": false}, "organisation_id": 213, "organisation": "Vienna University of Technology", "venues": [{"city": "Vienna", "country": "Austria", "area": "Vienna", "display_area": false}], "discipline_title": "Web Technologies & Cloud Computing", "discipline_id": 286}, {"id": 256938, "title": "Informatics - ANC - Machine Learning, Computational Neuroscience, Computational Biology", "summary": "The&nbsp;Informatics - ANC - Machine Learning, Computational Neuroscience, Computational Biology programme offered by&nbsp;The University of Edinburgh&nbsp;is a world-leading institute dedicated to the theoretical and empirical study of adaptive processes in both artificial and biological systems. We are one of the UK\u2019s largest and most prestigious academic teams in these fields.", "level": "phd", "degree": "Ph.D.", "tuition_fee": {"value": 26587, "unit": "year", "currency": "EUR"}, "fulltime_duration": {"value": 36, "unit": "month"}, "parttime_duration": {"value": 72, "unit": "month"}, "density": {"parttime": true, "fulltime": true}, "methods": {"face2face": true, "online": false, "blended": false}, "organisation_id": 43, "organisation": "The University of Edinburgh", "venues": [{"city": "Edinburgh", "country": "United Kingdom", "area": "Scotland", "display_area": true}], "discipline_title": "Web Technologies & Cloud Computing", "discipline_id": 286}, {"id": 286299, "title": "Computational Sciences and Engineering", "summary": "The Ph.D. program in Computer Science and Engineering aims to provide advanced education and a cutting edge research experience in computer engineering or in electrical and computer engineering crossing the boundary of the two disciplines.", "level": "phd", "degree": "Ph.D.", "tuition_fee": {"value": 0, "unit": "year", "currency": "EUR"}, "fulltime_duration": {"value": 48, "unit": "month"}, "density": {"parttime": false, "fulltime": true}, "methods": {"face2face": true, "online": false, "blended": false}, "organisation_id": 903, "organisation": "Koc University", "venues": [{"city": "Istanbul", "country": "Turkey", "area": "Istanbul", "display_area": false}], "discipline_title": "Web Technologies & Cloud Computing", "discipline_id": 286}, {"id": 23168, "title": "Informatics", "summary": "The Ph.D. Informatics&nbsp;from the Universit\u00e0 della Svizzera Italiana (USI) promotes the development of new professionals interested in academic or industrial research careers.&nbsp;", "level": "phd", "degree": "Ph.D.", "density": {"parttime": false, "fulltime": true}, "methods": {"face2face": true, "online": false, "blended": false}, "organisation_id": 195, "organisation": "Universit\u00e0 della Svizzera Italiana (USI)", "venues": [{"city": "Lugano", "country": "Switzerland", "area": "Ticino", "display_area": false}], "discipline_title": "Web Technologies & Cloud Computing", "discipline_id": 286}, {"id": 292884, "title": "Natural Language Processing", "summary": "Natural Language Processing at Mohamed bin Zayed University of Artificial Intelligence focuses on system development that allows computers to communicate with people using everyday language.&nbsp;", "level": "phd", "degree": "Ph.D.", "tuition_fee": {"value": 0, "unit": "year", "currency": "EUR"}, "fulltime_duration": {"value": 48, "unit": "month"}, "density": {"parttime": false, "fulltime": true}, "methods": {"face2face": true, "online": false, "blended": false}, "organisation_id": 19934, "organisation": "Mohamed bin Zayed University of Artificial Intelligence", "venues": [{"city": "Abu Dhabi", "country": "United Arab Emirates", "area": "Abu Z", "display_area": false}], "discipline_title": "Web Technologies & Cloud Computing", "discipline_id": 286}, {"id": 68284, "title": "Network Engineering", "summary": "The Telematics Engineering PhD Programme has a long trajectory. Its origins go back to the former Applied Mathematics and Telematics PhD Programme, which was characterized by applying the mathematical analysis for solving problems in the area of telecommunications, more precisely, it was focused on the Math involved in communication networks.", "level": "phd", "degree": "Ph.D.", "tuition_fee": {"value": 694, "unit": "year", "currency": "EUR"}, "fulltime_duration": {"value": 36, "unit": "month"}, "density": {"parttime": false, "fulltime": true}, "methods": {"face2face": true, "online": false, "blended": false}, "organisation_id": 354, "organisation": "Polytechnic University of Catalonia", "venues": [{"city": "Barcelona", "country": "Spain", "area": "Catalonia", "display_area": false}], "discipline_title": "Web Technologies & Cloud Computing", "discipline_id": 286}, {"id": 286300, "title": "Computer Science and Engineering", "summary": "The Ph.D. program in Computer Science and Engineering aims to provide advanced education and a cutting edge research experience in computer engineering or in electrical and computer engineering crossing the boundary of the two disciplines.&nbsp;", "level": "phd", "degree": "Ph. D.", "tuition_fee": {"value": 0, "unit": "year", "currency": "EUR"}, "fulltime_duration": {"value": 48, "unit": "month"}, "density": {"parttime": false, "fulltime": true}, "methods": {"face2face": true, "online": false, "blended": false}, "organisation_id": 903, "organisation": "Koc University", "venues": [{"city": "Istanbul", "country": "Turkey", "area": "Istanbul", "display_area": false}], "discipline_title": "Web Technologies & Cloud Computing", "discipline_id": 286}, {"id": 284473, "title": "Computer Science", "summary": "The Computer Science programme at Swansea University is widely acknowledged as a leading UK department, with a raft of rankings reflecting teaching and research excellence.&nbsp;", "level": "phd", "degree": "Ph.D.", "tuition_fee": {"value": 4895, "unit": "year", "currency": "EUR"}, "fulltime_duration": {"value": 36, "unit": "month"}, "parttime_duration": {"value": 72, "unit": "month"}, "density": {"parttime": true, "fulltime": true}, "methods": {"face2face": true, "online": false, "blended": false}, "organisation_id": 145, "organisation": "Swansea University", "venues": [{"city": "Swansea", "country": "United Kingdom", "area": "Wales", "display_area": true}], "discipline_title": "Web Technologies & Cloud Computing", "discipline_id": 286}, {"id": 70756, "title": "Computer Science", "summary": "The Computer Science programme at&nbsp;University of Lincoln&nbsp;offers the opportunity to work alongside academic staff whose research has been internationally recognised. Researchers in the School include Distinguished Professor of Image Engineering, Professor Nigel Allinson MBE, and Professor of Intelligent Robotics and Interactive Systems, Professor Marc Hanheide.&nbsp;", "level": "phd", "degree": "Ph. D.", "tuition_fee": {"value": 4986, "unit": "year", "currency": "EUR"}, "fulltime_duration": {"value": 18, "unit": "month"}, "parttime_duration": {"value": 24, "unit": "month"}, "density": {"parttime": true, "fulltime": true}, "methods": {"face2face": true, "online": false, "blended": false}, "organisation_id": 242, "organisation": "University of Lincoln", "venues": [{"city": "Lincoln", "country": "United Kingdom", "area": "England", "display_area": true}], "discipline_title": "Web Technologies & Cloud Computing", "discipline_id": 286}, {"id": 280427, "title": "Computational Neuroscience", "summary": "The Bernstein Center Freiburg (BCF) at the University of Freiburg offers a multi-disciplinary, international PhD program in Computational Neuroscience of Brain Disease.", "level": "phd", "degree": "Ph.D.", "fulltime_duration": {"value": 36, "unit": "month"}, "density": {"parttime": false, "fulltime": true}, "methods": {"face2face": true, "online": false, "blended": false}, "organisation_id": 259, "organisation": "University of Freiburg", "venues": [{"city": "Freiburg", "country": "Germany", "area": "Baden-W\u00fcrttemberg", "display_area": false}], "discipline_title": "Web Technologies & Cloud Computing", "discipline_id": 286}, {"id": 235899, "title": "Edinburgh Parallel Computing Centre (EPCC)", "summary": "The Edinburgh Parallel Computing Centre (EPCC) at The University of Edinburgh offers the opportunity to study for a PhD in areas related to high performance computing, software sustainability and data intensive computing.", "level": "phd", "degree": "Ph.D.", "tuition_fee": {"value": 26587, "unit": "year", "currency": "EUR"}, "fulltime_duration": {"value": 36, "unit": "month"}, "density": {"parttime": false, "fulltime": true}, "methods": {"face2face": true, "online": false, "blended": false}, "organisation_id": 43, "organisation": "The University of Edinburgh", "venues": [{"city": "Edinburgh", "country": "United Kingdom", "area": "Scotland", "display_area": true}], "discipline_title": "Web Technologies & Cloud Computing", "discipline_id": 286}, {"id": 282662, "title": "Computer Science", "summary": "The PhD in Computer Science at the University of Surrey will give you the knowledge, skills and abilities needed for a career in academia, research and development work in industry, and for a wide variety of professional opportunities.", "level": "phd", "degree": "Ph.D.", "tuition_fee": {"value": 4895, "unit": "year", "currency": "EUR"}, "fulltime_duration": {"value": 48, "unit": "month"}, "parttime_duration": {"value": 96, "unit": "month"}, "density": {"parttime": true, "fulltime": true}, "methods": {"face2face": true, "online": false, "blended": false}, "organisation_id": 189, "organisation": "University of Surrey", "venues": [{"city": "Guildford", "country": "United Kingdom", "area": "England", "display_area": true}], "discipline_title": "Web Technologies & Cloud Computing", "discipline_id": 286}, {"id": 48285, "title": "Communication Networks and Protocols", "summary": "The\u00a0Communication Networks and Protocols\u00a0programme is offered by the Bangor University.", "level": "phd", "degree": "Ph. D.", "tuition_fee": {"value": 4899, "unit": "year", "currency": "EUR"}, "fulltime_duration": {"value": 36, "unit": "month"}, "density": {"parttime": false, "fulltime": true}, "methods": {"face2face": true, "online": false, "blended": false}, "organisation_id": 427, "organisation": "Bangor University", "venues": [{"city": "Bangor", "country": "United Kingdom", "area": "Wales", "display_area": true}], "discipline_title": "Web Technologies & Cloud Computing", "discipline_id": 286}, {"id": 275777, "title": "Informatics and Computing", "summary": "The Ph.D. program in Informatics and Computing at Northern Arizona University prepares graduates for meaningful and fulfilling careers in the application of informatics and computing to critical areas of national need.&nbsp;", "level": "phd", "degree": "Ph.D.", "tuition_fee": {"value": 22629, "unit": "year", "currency": "EUR"}, "density": {"parttime": false, "fulltime": true}, "methods": {"face2face": true, "online": false, "blended": false}, "organisation_id": 11345, "organisation": "Northern Arizona University", "venues": [{"city": "Flagstaff", "country": "United States", "area": "Arizona", "display_area": true}], "discipline_title": "Web Technologies & Cloud Computing", "discipline_id": 286}, {"id": 49213, "title": "Doctor of Information Technology (DIT)", "summary": "This Doctor of Information Technology (DIT) is an applied doctoral degree program is designed by&nbsp;Walden University to enhance your technical expertise while helping you develop the leadership skills you need to guide your organization in an increasingly competitive marketplace.", "level": "phd", "degree": "Doctorate", "tuition_fee": {"value": 15443, "unit": "year", "currency": "EUR"}, "parttime_duration": {"value": 56, "unit": "month"}, "density": {"parttime": true, "fulltime": false}, "methods": {"face2face": false, "online": true, "blended": false}, "organisation_id": 10396, "organisation": "Walden University", "venues": [{"city": "Minneapolis", "country": "United States", "area": "Minnesota", "display_area": true}], "discipline_title": "Web Technologies & Cloud Computing", "discipline_id": 286}]