[{"id": 281050, "title": "Cybersecurity for Identity Protection", "summary": "This Cybersecurity for Identity Protection offered by Coursera in partnership with EIT Digital empowers students, professionals and wider community to deal with cybersecurity attacks and risks focused on identity management and it is an introduction to the upcoming full course focused on cybersecurity awareness.", "level": "short", "degree": "Certificate", "parttime_duration": {"value": 1, "unit": "month"}, "density": {"parttime": true, "fulltime": false}, "methods": {"face2face": false, "online": true, "blended": false}, "organisation_id": 17569, "organisation": "Coursera", "venues": [{"city": "Mountain View", "country": "United States", "area": "California", "display_area": true}], "discipline_title": "Cyber Security", "discipline_id": 323}, {"id": 75346, "title": "Network Security", "summary": "The&nbsp;Network Security&nbsp;programme offered by The Open University UK&nbsp;will provide you with the knowledge, understanding and practical experience of managing secure communication across a large-scale internetwork using Cisco equipment. You will also be expected to undertake individual research to contextualise your Cisco study in the broader security management environment.", "level": "short", "degree": "Short Course", "parttime_duration": {"value": 6, "unit": "month"}, "density": {"parttime": true, "fulltime": false}, "methods": {"face2face": false, "online": true, "blended": false}, "organisation_id": 1865, "organisation": "The Open University UK", "venues": [{"city": "Milton Keynes", "country": "United Kingdom", "area": "England", "display_area": true}], "discipline_title": "Cyber Security", "discipline_id": 323}, {"id": 269400, "title": "G Suite Administrator Fundamentals", "summary": "The G Suite Administrator Fundamentals is offered by Coursera in partnership with Google Cloud.", "level": "short", "degree": "Certificate", "parttime_duration": {"value": 1, "unit": "month"}, "density": {"parttime": true, "fulltime": false}, "methods": {"face2face": false, "online": true, "blended": false}, "organisation_id": 17570, "organisation": "Coursera - Google Cloud", "venues": [{"city": "Mountain View", "country": "United States", "area": "California", "display_area": true}], "discipline_title": "Cyber Security", "discipline_id": 323}, {"id": 75709, "title": "Cybersecurity for Automation, Control, and SCADA Systems", "summary": "The move to using open standards such as Ethernet, TCP/IP, and web technologies in supervisory control and data acquisition (SCADA) and process control networks has begun to expose these systems to the same cyberattacks that have wreaked so much havoc. Learn more in the&nbsp;Cybersecurity for Automation, Control, and SCADA Systems programme at Engineering Institute of Technology.", "level": "short", "degree": "Certificate", "parttime_duration": {"value": 42, "unit": "day"}, "density": {"parttime": true, "fulltime": false}, "methods": {"face2face": false, "online": true, "blended": false}, "organisation_id": 12928, "organisation": "Engineering Institute of Technology", "venues": [{"city": "Perth", "country": "Australia", "area": "Western Australia", "display_area": true}], "discipline_title": "Cyber Security", "discipline_id": 323}, {"id": 210132, "title": "Cyber Security in Manufacturing", "summary": "This Cyber Security in Manufacturing offered by Coursera in partnership with SUNY Buffalo is part of the Digital Manufacturing and Design Technology Specialization.", "level": "short", "degree": "Certificate", "parttime_duration": {"value": 1, "unit": "month"}, "density": {"parttime": true, "fulltime": false}, "methods": {"face2face": false, "online": true, "blended": false}, "organisation_id": 17546, "organisation": "Coursera - SUNY Buffalo", "venues": [{"city": "Mountain View", "country": "United States", "area": "California", "display_area": true}], "discipline_title": "Cyber Security", "discipline_id": 323}, {"id": 292370, "title": "Executive Programme", "summary": "The Executive Programme from&nbsp;United Business Institutes&nbsp;offers selective courses towards experienced executives and entrepreneurs from all over the world.&nbsp;&nbsp;", "level": "short", "degree": "Certificate", "density": {"parttime": false, "fulltime": true}, "methods": {"face2face": true, "online": false, "blended": false}, "organisation_id": 13066, "organisation": "United Business Institutes", "venues": [{"city": "Ettelbruck", "country": "Luxembourg", "area": "Diekirch", "display_area": false}], "discipline_title": "Cyber Security", "discipline_id": 323}, {"id": 295351, "title": "Cybersecurity for Business", "summary": "Developed by the Technical University of Madrid together with Ferrovial, one of the leading infrastructure and services operators, the Cybersecurity for Business course from&nbsp;EIT Digital Master School&nbsp;covers the main detection and protection mechanisms an organisation needs to empower its staff and optimise its processes in order to defend itself against the most common cybersecurity threats.", "level": "short", "degree": "Certificate", "tuition_fee": {"value": 1000, "unit": "full", "currency": "EUR"}, "density": {"parttime": true, "fulltime": false}, "methods": {"face2face": true, "online": true, "blended": false}, "organisation_id": 20013, "organisation": "EIT Digital Professional School", "venues": [{"city": "Paris", "country": "France", "area": "\u00cele-de-France", "display_area": false}, {"city": "Berlin", "country": "Germany", "area": "Berlin", "display_area": false}, {"city": "Madrid", "country": "Spain", "area": "Madrid", "display_area": false}], "discipline_title": "Cyber Security", "discipline_id": 323}, {"id": 293079, "title": "Security in Google Cloud Platform", "summary": "Launch your career in Cloud Security. This self-paced Security in Google Cloud Platform Specialization offered by Coursera in partnership with Google Cloud gives a broad study of security controls and techniques on GCP.", "level": "short", "degree": "Short Course", "parttime_duration": {"value": 1, "unit": "month"}, "density": {"parttime": true, "fulltime": false}, "methods": {"face2face": false, "online": true, "blended": false}, "organisation_id": 17570, "organisation": "Coursera - Google Cloud", "venues": [{"city": "Mountain View", "country": "United States", "area": "California", "display_area": true}], "discipline_title": "Cyber Security", "discipline_id": 323}, {"id": 295594, "title": "Cyber Security Risk and Strategy", "summary": "Cyber security is everyone\u2019s responsibility. Prevent attacks, mitigate risk, and get up to speed with best practice cyber governance with this Cyber Security Risk and Strategy course from RMIT University.", "level": "short", "degree": "Short Course", "tuition_fee": {"value": 955, "unit": "full", "currency": "EUR"}, "parttime_duration": {"value": 42, "unit": "day"}, "density": {"parttime": true, "fulltime": false}, "methods": {"face2face": false, "online": true, "blended": false}, "organisation_id": 19451, "organisation": "RMIT Future Skills", "venues": [{"city": "Melbourne", "country": "Australia", "area": "Victoria", "display_area": true}], "discipline_title": "Cyber Security", "discipline_id": 323}, {"id": 294641, "title": "Introduction to Cyber Security", "summary": "Understand online security and protect your digital life, whether at home or work with this&nbsp;Introduction to Cyber Security course from&nbsp;The Open University by FutureLearn.", "level": "short", "degree": "Short Course", "tuition_fee": {"value": 0, "unit": "year", "currency": "EUR"}, "parttime_duration": {"value": 2, "unit": "month"}, "density": {"parttime": true, "fulltime": false}, "methods": {"face2face": false, "online": true, "blended": false}, "organisation_id": 19983, "organisation": "FutureLearn", "venues": [{"city": "London", "country": "United Kingdom", "area": "England", "display_area": true}], "discipline_title": "Cyber Security", "discipline_id": 323}, {"id": 113638, "title": "The Economics of Cybersecurity", "summary": "This economics course provides an introduction to the field of cybersecurity through the lens of economic principles.", "level": "short", "degree": "Certificate", "fulltime_duration": {"value": 2, "unit": "month"}, "density": {"parttime": false, "fulltime": true}, "methods": {"face2face": false, "online": true, "blended": false}, "organisation_id": 9612, "organisation": "Delft University of Technology (TU Delft)", "venues": [{"city": "Delft", "country": "Netherlands", "area": "South Holland", "display_area": false}], "discipline_title": "Cyber Security", "discipline_id": 323}, {"id": 295379, "title": "Cyber Security Audit training and certification", "summary": "In this 3-day training you will learn how to excel  in a Cyber security Audit and you will be prepared to take the official  ISACA Cybersecurity Audit Certificate", "level": "short", "degree": "Certificate", "density": {"parttime": false, "fulltime": true}, "methods": {"face2face": true, "online": false, "blended": false}, "organisation_id": 10516, "organisation": "IMF Academy", "venues": [{"city": "Eindhoven", "country": "Netherlands", "area": "North Brabant", "display_area": false}], "discipline_title": "Cyber Security", "discipline_id": 323}, {"id": 279562, "title": "Cyber Security for Business Executives", "summary": "This Cyber Security for Business Executives course from the&nbsp;Executive Education&nbsp;at Imperial College London&nbsp;brings together insights from business, government/regulatory and technology domains to provide a 360 degree view of cyber security to non-technical decision makers.", "level": "short", "degree": "Short Course", "tuition_fee": {"value": 3949, "unit": "full", "currency": "EUR"}, "fulltime_duration": {"value": 3, "unit": "day"}, "density": {"parttime": false, "fulltime": true}, "methods": {"face2face": true, "online": false, "blended": false}, "organisation_id": 190, "organisation": "Imperial College London", "venues": [{"city": "London", "country": "United Kingdom", "area": "England", "display_area": true}], "discipline_title": "Cyber Security", "discipline_id": 323}, {"id": 93164, "title": "Cybersecurity: The Intersection of Policy and Technology", "summary": "In a world with almost limitless data collection capability, where cyber attacks can propagate instantaneously and where the identity or location of an adversary may not be known, individuals and institutions are increasingly vulnerable to network based intrusions that disrupt productivity, jeopardize privacy, and threaten national security.\u00a0", "level": "short", "degree": "Short Course", "tuition_fee": {"value": 8411, "unit": "module", "currency": "EUR"}, "fulltime_duration": {"value": 5, "unit": "day"}, "density": {"parttime": false, "fulltime": true}, "methods": {"face2face": true, "online": false, "blended": false}, "organisation_id": 13454, "organisation": "Harvard Kennedy School", "venues": [{"city": "Cambridge", "country": "United States", "area": "Massachusetts", "display_area": true}], "discipline_title": "Cyber Security", "discipline_id": 323}, {"id": 276322, "title": "(C1 IT) Information Technology - SAP Training and Cyber Security", "summary": "Information Technology - SAP Training and Cyber Security from&nbsp;Stephan Consulting International is organized and could be selected according to the provided modules.&nbsp;", "level": "short", "degree": "Certificate", "tuition_fee": {"value": 2680, "unit": "full", "currency": "EUR"}, "fulltime_duration": {"value": 14, "unit": "day"}, "density": {"parttime": false, "fulltime": true}, "methods": {"face2face": true, "online": false, "blended": false}, "organisation_id": 19545, "organisation": "SCI - Stephan Consulting International", "venues": [{"city": "Gundheimerhof", "country": "Germany", "area": "Rhineland-Palatinate", "display_area": false}], "discipline_title": "Cyber Security", "discipline_id": 323}, {"id": 269368, "title": "Premium IT Security Bundle", "summary": "This Premium IT Security Bundle from&nbsp;The Learning People is packed with everything you need to become a cyber security expert.", "level": "short", "degree": "Certificate", "parttime_duration": {"value": 6, "unit": "month"}, "density": {"parttime": true, "fulltime": false}, "methods": {"face2face": false, "online": true, "blended": false}, "organisation_id": 19305, "organisation": "The Learning People", "venues": [{"city": "Hove", "country": "United Kingdom", "area": "England", "display_area": true}, {"city": "Sydney", "country": "Australia", "area": "New South Wales", "display_area": true}, {"city": "Christchurch", "country": "New Zealand", "area": "Canterbury", "display_area": false}], "discipline_title": "Cyber Security", "discipline_id": 323}, {"id": 269371, "title": "CompTIA Cyber Security Bundle", "summary": "From hardware and software to networking and security, the CompTIA Cyber Security Bundle from&nbsp;The Learning People covers it all.", "level": "short", "degree": "Short Course", "parttime_duration": {"value": 6, "unit": "month"}, "density": {"parttime": true, "fulltime": false}, "methods": {"face2face": false, "online": true, "blended": false}, "organisation_id": 19305, "organisation": "The Learning People", "venues": [{"city": "Hove", "country": "United Kingdom", "area": "England", "display_area": true}, {"city": "Sydney", "country": "Australia", "area": "New South Wales", "display_area": true}, {"city": "Christchurch", "country": "New Zealand", "area": "Canterbury", "display_area": false}], "discipline_title": "Cyber Security", "discipline_id": 323}, {"id": 269356, "title": "Premium Cyber Security Collection", "summary": "This Premium Cyber Security Collection from&nbsp;The Learning People is packed with everything you need to become a cyber security expert.", "level": "short", "degree": "Certificate", "density": {"parttime": true, "fulltime": false}, "methods": {"face2face": false, "online": true, "blended": false}, "organisation_id": 19305, "organisation": "The Learning People", "venues": [{"city": "Hove", "country": "United Kingdom", "area": "England", "display_area": true}, {"city": "Sydney", "country": "Australia", "area": "New South Wales", "display_area": true}, {"city": "Christchurch", "country": "New Zealand", "area": "Canterbury", "display_area": false}], "discipline_title": "Cyber Security", "discipline_id": 323}, {"id": 171082, "title": "Cyber Security Economics", "summary": "This economics course provides an introduction to the field of cybersecurity through the lens of economic principles. The\u00a0Cyber Security Economics program is offered by the\u00a0Delft University of Technology (TU Delft). \u00a0", "level": "short", "degree": "Short Course", "tuition_fee": {"value": 0, "unit": "full", "currency": "EUR"}, "fulltime_duration": {"value": 70, "unit": "day"}, "density": {"parttime": false, "fulltime": true}, "methods": {"face2face": false, "online": true, "blended": false}, "organisation_id": 9612, "organisation": "Delft University of Technology (TU Delft)", "venues": [{"city": "Delft", "country": "Netherlands", "area": "South Holland", "display_area": false}], "discipline_title": "Cyber Security", "discipline_id": 323}, {"id": 269366, "title": "Cyber Security Collection", "summary": "From hardware and software to networking and security, the Cyber Security Collection offered by&nbsp;The Learning People covers it all.", "level": "short", "degree": "Certificate", "density": {"parttime": true, "fulltime": false}, "methods": {"face2face": false, "online": true, "blended": false}, "organisation_id": 19305, "organisation": "The Learning People", "venues": [{"city": "Hove", "country": "United Kingdom", "area": "England", "display_area": true}, {"city": "Sydney", "country": "Australia", "area": "New South Wales", "display_area": true}, {"city": "Christchurch", "country": "New Zealand", "area": "Canterbury", "display_area": false}], "discipline_title": "Cyber Security", "discipline_id": 323}, {"id": 174726, "title": "Cyber Security First Responder (CFR)", "summary": "Shut the door on hackers and become a Cyber  Security First Responder (CFR) now! This 5-day training is the most  wanted training next to and after the Certified Ethical Hacker (CEH)  training", "level": "short", "degree": "Certificate", "tuition_fee": {"value": 3950, "unit": "full", "currency": "EUR"}, "fulltime_duration": {"value": 5, "unit": "day"}, "density": {"parttime": false, "fulltime": true}, "methods": {"face2face": true, "online": false, "blended": false}, "organisation_id": 10516, "organisation": "IMF Academy", "venues": [{"city": "Eindhoven", "country": "Netherlands", "area": "North Brabant", "display_area": false}], "discipline_title": "Cyber Security", "discipline_id": 323}, {"id": 283221, "title": "Cybersecurity in the Energy Sector - a thorough understanding", "summary": "The&nbsp;Cybersecurity in the Energy Sector - a thorough understanding course is delivered by iSE The Institute of Sustainable Energy by InnoEnergy, one of Europe\u2019s leading experts in energy and innovation, and our expert partners Fraunhofer Academy, AFKC, and Kaspersky.&nbsp;", "level": "short", "degree": "Short Course", "tuition_fee": {"value": 850, "unit": "full", "currency": "EUR"}, "parttime_duration": {"value": 1, "unit": "month"}, "density": {"parttime": true, "fulltime": false}, "methods": {"face2face": false, "online": false, "blended": true}, "organisation_id": 17020, "organisation": "iSE The Institute of Sustainable Energy by InnoEnergy", "venues": [{"city": "Brussels", "country": "Belgium", "area": "Brussels Capital Region", "display_area": false}], "discipline_title": "Cyber Security", "discipline_id": 323}]