[{"id": 268832, "title": "Multimedia in Education", "summary": "The Doctoral Program in Multimedia in Education from Universidade de Aveiro aims to&nbsp;deepen and structure advanced skills in academic and professional fields.", "level": "phd", "degree": "Doctorate", "tuition_fee": {"value": 2325, "unit": "year", "currency": "EUR"}, "fulltime_duration": {"value": 36, "unit": "month"}, "density": {"parttime": false, "fulltime": true}, "methods": {"face2face": true, "online": false, "blended": false}, "organisation_id": 772, "organisation": "Universidade de Aveiro", "venues": [{"city": "Aveiro", "country": "Portugal", "area": "Aveiro", "display_area": false}], "discipline_title": "Video Games & Multimedia", "discipline_id": 280}, {"id": 256959, "title": "Informatics - IPAB - Robotics, Computer Vision, Computer Graphics and Animation", "summary": "The&nbsp;Informatics - IPAB - Robotics, Computer Vision, Computer Graphics and Animation programme offered by&nbsp;The University of Edinburgh&nbsp;focuses on how to link computational perception, representation, transformation and generation processes to external worlds, in theory and in practice.", "level": "phd", "degree": "Ph.D.", "tuition_fee": {"value": 25117, "unit": "year", "currency": "EUR"}, "fulltime_duration": {"value": 36, "unit": "month"}, "parttime_duration": {"value": 72, "unit": "month"}, "density": {"parttime": true, "fulltime": true}, "methods": {"face2face": true, "online": false, "blended": false}, "organisation_id": 43, "organisation": "The University of Edinburgh", "venues": [{"city": "Edinburgh", "country": "United Kingdom", "area": "Scotland", "display_area": true}], "discipline_title": "Video Games & Multimedia", "discipline_id": 280}, {"id": 269442, "title": "Multimedia and Design", "summary": "The aim of the study Multimedia and Design programme from&nbsp;Tomas Bata University in Zl\u00edn is to develop theoretical, scientific and creative activities in the field of multimedia and design, which is implemented as a border discipline between visual communications, industry and art. The study has an essential position for economy, trade, and specific issues of design.&nbsp;", "level": "phd", "degree": "Ph.D.", "tuition_fee": {"value": 2639, "unit": "year", "currency": "EUR"}, "fulltime_duration": {"value": 36, "unit": "month"}, "density": {"parttime": true, "fulltime": true}, "methods": {"face2face": true, "online": false, "blended": false}, "organisation_id": 534, "organisation": "Tomas Bata University in Zl\u00edn", "venues": [{"city": "Zl\u00edn", "country": "Czech Republic", "area": "Zl\u00ednsk\u00fd Kraj", "display_area": false}], "discipline_title": "Video Games & Multimedia", "discipline_id": 280}, {"id": 59286, "title": "Intelligent Games and Game Intelligence", "summary": "Develop the skills and strong relationships with leaders in the UK digital games industry that will help you pursue a successful career in games.", "level": "phd", "degree": "Ph.D.", "tuition_fee": {"value": 17016, "unit": "year", "currency": "EUR"}, "fulltime_duration": {"value": 48, "unit": "month"}, "density": {"parttime": false, "fulltime": true}, "methods": {"face2face": true, "online": false, "blended": false}, "organisation_id": 521, "organisation": "Goldsmiths, University of London", "venues": [{"city": "London", "country": "United Kingdom", "area": "England", "display_area": true}], "discipline_title": "Video Games & Multimedia", "discipline_id": 280}, {"id": 19153, "title": "Media Communications", "summary": "The 3rd-cycle study programme in Media Communications leads to \"doktorat znanosti\" (PhD degree).", "level": "phd", "degree": "Ph.D.", "tuition_fee": {"value": 3950, "unit": "year", "currency": "EUR"}, "parttime_duration": {"value": 36, "unit": "month"}, "density": {"parttime": true, "fulltime": false}, "methods": {"face2face": true, "online": false, "blended": false}, "organisation_id": 417, "organisation": "University of Maribor", "venues": [{"city": "Maribor", "country": "Slovenia", "area": "Maribor", "display_area": false}], "discipline_title": "Video Games & Multimedia", "discipline_id": 280}, {"id": 282237, "title": "Digital Media Arts", "summary": "The&nbsp;Digital Media Arts programme from the University of Surrey&nbsp;is an innovative programme that cuts across art, technology, and science, bringing together new forms of interactive storytelling and immersive experiences with contemporary film-making and game design, as well as film, media, and games history and criticism.&nbsp;", "level": "phd", "degree": "Ph.D.", "tuition_fee": {"value": 4895, "unit": "year", "currency": "EUR"}, "fulltime_duration": {"value": 48, "unit": "month"}, "parttime_duration": {"value": 96, "unit": "month"}, "density": {"parttime": true, "fulltime": true}, "methods": {"face2face": true, "online": false, "blended": false}, "organisation_id": 189, "organisation": "University of Surrey", "venues": [{"city": "Guildford", "country": "United Kingdom", "area": "England", "display_area": true}], "discipline_title": "Video Games & Multimedia", "discipline_id": 280}, {"id": 159406, "title": "Institute for Media and Creative Industries", "summary": "This Institute is dedicated to the media and creative industries; music, the press, radio, film, television, electronic games, literature, museums, drama, dance, art, tourism, journalism, and the internet. We work with the arts, the social sciences, and the humanities as equal intellectual lodestones.", "level": "phd", "degree": "Ph.D.", "tuition_fee": {"value": 19120, "unit": "year", "currency": "EUR"}, "fulltime_duration": {"value": 36, "unit": "month"}, "parttime_duration": {"value": 60, "unit": "month"}, "density": {"parttime": true, "fulltime": true}, "methods": {"face2face": true, "online": false, "blended": false}, "organisation_id": 452, "organisation": "Loughborough University", "venues": [{"city": "London", "country": "United Kingdom", "area": "England", "display_area": true}], "discipline_title": "Video Games & Multimedia", "discipline_id": 280}]