[{"id": 268862, "title": "Geosciences", "summary": "The Doctoral Program in Geosciences (UAveiro/UPorto) at&nbsp;Universidade de Aveiro&nbsp;aims to give students a comprehensive scientific training in fundamental and applied geology, including contributions&nbsp;to areas of social and economic importance, such as health, energy and environment.&nbsp;", "level": "phd", "degree": "Doctorate", "tuition_fee": {"value": 2750, "unit": "year", "currency": "EUR"}, "fulltime_duration": {"value": 36, "unit": "month"}, "density": {"parttime": false, "fulltime": true}, "methods": {"face2face": true, "online": false, "blended": false}, "organisation_id": 772, "organisation": "Universidade de Aveiro", "venues": [{"city": "Aveiro", "country": "Portugal", "area": "Aveiro", "display_area": false}], "discipline_title": "Geographical Information Systems (GIS)", "discipline_id": 130}, {"id": 284551, "title": "Geographic Information Science", "summary": "The course curriculum for the doctoral degree is designed to provide depth and breadth of knowledge in geographic theory and research methods. To be admitted to the Geography Doctoral program, a student must have completed a Master\u2019s Degree in Geography or in a related discipline.", "level": "phd", "degree": "Ph.D.", "tuition_fee": {"value": 14270, "unit": "year", "currency": "EUR"}, "fulltime_duration": {"value": 18, "unit": "month"}, "density": {"parttime": false, "fulltime": true}, "methods": {"face2face": true, "online": false, "blended": false}, "organisation_id": 14186, "organisation": "Texas State University", "venues": [{"city": "San Marcos", "country": "United States", "area": "Texas", "display_area": true}], "discipline_title": "Geographical Information Systems (GIS)", "discipline_id": 130}, {"id": 14309, "title": "Geographical Sciences (Physical Geography)", "summary": "The&nbsp;Geographical Sciences (Physical Geography)&nbsp;programme offered by the University of Bristol&nbsp;encompass a wide range of subjects at the leading edge of geographical research.", "level": "phd", "degree": "Ph.D.", "tuition_fee": {"value": 4938, "unit": "year", "currency": "EUR"}, "fulltime_duration": {"value": 36, "unit": "month"}, "parttime_duration": {"value": 72, "unit": "month"}, "density": {"parttime": true, "fulltime": true}, "methods": {"face2face": true, "online": false, "blended": false}, "organisation_id": 147, "organisation": "University of Bristol", "venues": [{"city": "Bristol", "country": "United Kingdom", "area": "England", "display_area": true}], "discipline_title": "Geographical Information Systems (GIS)", "discipline_id": 130}, {"id": 43161, "title": "Geoscience", "summary": "Aarhus University offers PhD programmes in all research fields represented at the Department which cover most disciplines of Earth Science. The research relates to Earth surface processes with focus on clastic and carbonate sedimentology, basin analysis, soil science, hydrology, glacial geology.", "level": "phd", "degree": "Ph.D.", "tuition_fee": {"value": 0, "unit": "year", "currency": "EUR"}, "fulltime_duration": {"value": 36, "unit": "month"}, "density": {"parttime": false, "fulltime": true}, "methods": {"face2face": true, "online": false, "blended": false}, "organisation_id": 26, "organisation": "Aarhus University", "venues": [{"city": "Aarhus", "country": "Denmark", "area": "Central Jutland", "display_area": false}], "discipline_title": "Geographical Information Systems (GIS)", "discipline_id": 130}, {"id": 27528, "title": "Geodesy and Cartography", "summary": "They master the principles of independent as well as team scientific work, methods of the scientific formulation of problems, choices of theoretical models and the selection of technological instruments and procedures.", "level": "phd", "degree": "Ph.D.", "tuition_fee": {"value": 3500, "unit": "year", "currency": "EUR"}, "fulltime_duration": {"value": 48, "unit": "month"}, "parttime_duration": {"value": 60, "unit": "month"}, "density": {"parttime": true, "fulltime": true}, "methods": {"face2face": true, "online": false, "blended": false}, "organisation_id": 1361, "organisation": "Slovak University of Technology in Bratislava", "venues": [{"city": "Bratislava", "country": "Slovakia", "area": "Bratislavsk\u00fd", "display_area": false}], "discipline_title": "Geographical Information Systems (GIS)", "discipline_id": 130}, {"id": 14411, "title": "Geographical Sciences (Human Geography)", "summary": "We have a large and vibrant graduate community, focusing both on PhDs by research and on taught programmes. The&nbsp;Geographical Sciences (Human Geography) program is offered by&nbsp;University of Bristol.&nbsp;", "level": "phd", "degree": "Ph.D.", "tuition_fee": {"value": 4938, "unit": "year", "currency": "EUR"}, "fulltime_duration": {"value": 48, "unit": "month"}, "parttime_duration": {"value": 84, "unit": "month"}, "density": {"parttime": true, "fulltime": true}, "methods": {"face2face": true, "online": false, "blended": false}, "organisation_id": 147, "organisation": "University of Bristol", "venues": [{"city": "Bristol", "country": "United Kingdom", "area": "England", "display_area": true}], "discipline_title": "Geographical Information Systems (GIS)", "discipline_id": 130}, {"id": 292983, "title": "Geospatial Science and Engineering - Geography Specialization", "summary": "The Geospatial Science and Engineering - Geography Specialization at&nbsp;South Dakota State University&nbsp;is an interdisciplinary program that combines advanced coursework with cutting-edge research to advance the field of geospatial sciences.&nbsp;", "level": "phd", "degree": "Ph.D.", "tuition_fee": {"value": 598, "unit": "credit", "currency": "EUR"}, "fulltime_duration": {"value": 36, "unit": "month"}, "density": {"parttime": false, "fulltime": true}, "methods": {"face2face": true, "online": false, "blended": false}, "organisation_id": 11701, "organisation": "South Dakota State University", "venues": [{"city": "Brookings", "country": "United States", "area": "South Dakota", "display_area": true}], "discipline_title": "Geographical Information Systems (GIS)", "discipline_id": 130}, {"id": 72600, "title": "City and Regional Planning", "summary": "City and regional planning (M.R.P., Ph.D.). Students learn to design, evaluate, and implement policies and programs that affect the social, economic, and physical development of urban and regional areas, including those in the Developing World.", "level": "phd", "degree": "Ph.D.", "tuition_fee": {"value": 27265, "unit": "year", "currency": "EUR"}, "density": {"parttime": false, "fulltime": true}, "methods": {"face2face": true, "online": false, "blended": false}, "organisation_id": 11718, "organisation": "Cornell University", "venues": [{"city": "Ithaca", "country": "United States", "area": "New York", "display_area": true}], "discipline_title": "Geographical Information Systems (GIS)", "discipline_id": 130}, {"id": 293647, "title": "Geography (practice-related)", "summary": "As well as providing world-leading disciplinary and interdisciplinary research training, the Geography (practice-related) programme from&nbsp;University College London (UCL) provide outstanding opportunities for networking across public, private and third sector organisations.", "level": "phd", "degree": "Ph. D.", "tuition_fee": {"value": 24415, "unit": "year", "currency": "EUR"}, "fulltime_duration": {"value": 36, "unit": "month"}, "parttime_duration": {"value": 60, "unit": "month"}, "density": {"parttime": true, "fulltime": true}, "methods": {"face2face": true, "online": false, "blended": false}, "organisation_id": 271, "organisation": "University College London (UCL)", "venues": [{"city": "London", "country": "United Kingdom", "area": "England", "display_area": true}, {"city": "London", "country": "United Kingdom", "area": "England", "display_area": true}], "discipline_title": "Geographical Information Systems (GIS)", "discipline_id": 130}, {"id": 271093, "title": "Human Geography", "summary": "The Human Geography programme from&nbsp;University of Lincoln offers the opportunity to work at doctoral level alongside academics whose research has been internationally recognised.", "level": "phd", "degree": "Ph. D.", "tuition_fee": {"value": 4986, "unit": "year", "currency": "EUR"}, "fulltime_duration": {"value": 18, "unit": "month"}, "parttime_duration": {"value": 24, "unit": "month"}, "density": {"parttime": true, "fulltime": true}, "methods": {"face2face": true, "online": false, "blended": false}, "organisation_id": 242, "organisation": "University of Lincoln", "venues": [{"city": "Lincoln", "country": "United Kingdom", "area": "England", "display_area": true}], "discipline_title": "Geographical Information Systems (GIS)", "discipline_id": 130}, {"id": 292991, "title": "Geospatial Science and Engineering - Remote Sensing Specialization", "summary": "The Geospatial Science and Engineering - Remote Sensing Specialization programme at&nbsp;South Dakota State University is an interdisciplinary program that combines advanced coursework with cutting-edge research to advance the field of geospatial sciences.", "level": "phd", "degree": "Ph.D.", "tuition_fee": {"value": 598, "unit": "credit", "currency": "EUR"}, "fulltime_duration": {"value": 36, "unit": "month"}, "density": {"parttime": false, "fulltime": true}, "methods": {"face2face": true, "online": false, "blended": false}, "organisation_id": 11701, "organisation": "South Dakota State University", "venues": [{"city": "Brookings", "country": "United States", "area": "South Dakota", "display_area": true}], "discipline_title": "Geographical Information Systems (GIS)", "discipline_id": 130}, {"id": 50378, "title": "Geomatics", "summary": "Whether focusing on geodesy or geospatial engineering, at the&nbsp;Geomatics programme from Newcastle University you will work with experts to produce research of an international standard.", "level": "phd", "degree": "Ph.D.", "fulltime_duration": {"value": 36, "unit": "month"}, "parttime_duration": {"value": 72, "unit": "month"}, "density": {"parttime": true, "fulltime": true}, "methods": {"face2face": true, "online": false, "blended": false}, "organisation_id": 179, "organisation": "Newcastle University", "venues": [{"city": "Newcastle upon Tyne", "country": "United Kingdom", "area": "England", "display_area": true}], "discipline_title": "Geographical Information Systems (GIS)", "discipline_id": 130}, {"id": 73104, "title": "Geodetic Science", "summary": "A student with the proper background typically needs three years beyond the MS in Geodetic Science to complete the PhD requirements. Students wishing direct entry into the PhD program with an equivalent MS from another program may need to take some MS-level geodetic science courses in order to fulfill prerequisites for the PhD courses.", "level": "phd", "degree": "Ph.D.", "tuition_fee": {"value": 35288, "unit": "year", "currency": "EUR"}, "fulltime_duration": {"value": 60, "unit": "month"}, "density": {"parttime": false, "fulltime": true}, "methods": {"face2face": true, "online": false, "blended": false}, "organisation_id": 11757, "organisation": "The Ohio State University", "venues": [{"city": "Columbus", "country": "United States", "area": "Ohio", "display_area": true}], "discipline_title": "Geographical Information Systems (GIS)", "discipline_id": 130}, {"id": 270695, "title": "Principles of GIS and Remote Sensing", "summary": "The&nbsp;Principles of GIS and Remote Sensing programme is offered by Northern (Arctic) Federal University.", "level": "phd", "degree": "Ph.D.", "fulltime_duration": {"value": 1, "unit": "month"}, "density": {"parttime": false, "fulltime": true}, "methods": {"face2face": true, "online": false, "blended": false}, "organisation_id": 10313, "organisation": "Northern (Arctic) Federal University", "venues": [{"city": "Arkhangel\u2019sk", "country": "Russia", "area": "Arkhangelskaya", "display_area": false}], "discipline_title": "Geographical Information Systems (GIS)", "discipline_id": 130}, {"id": 156645, "title": "GNSS Technology", "summary": "The GNSS Technology program offered by Samara National Research University\u00a0allows to educate highly qualified scientists, capable to develop hardware and software for GNSS data processing, and perform research in the subject area.", "level": "phd", "degree": "Ph.D.", "tuition_fee": {"value": 2366, "unit": "year", "currency": "EUR"}, "fulltime_duration": {"value": 36, "unit": "month"}, "density": {"parttime": false, "fulltime": true}, "methods": {"face2face": true, "online": false, "blended": false}, "organisation_id": 10497, "organisation": "Samara University", "venues": [{"city": "Samara", "country": "Russia"}], "discipline_title": "Geographical Information Systems (GIS)", "discipline_id": 130}, {"id": 73258, "title": "Regional Science", "summary": "The Ph.D. program is designed to provide students with a thorough understanding of regional, interregional, location, and conflict theory in the context of physical and policy spaces and the framework of existing economic, social, and political systems.", "level": "phd", "degree": "Ph.D.", "tuition_fee": {"value": 27265, "unit": "year", "currency": "EUR"}, "density": {"parttime": false, "fulltime": true}, "methods": {"face2face": true, "online": false, "blended": false}, "organisation_id": 11718, "organisation": "Cornell University", "venues": [{"city": "Ithaca", "country": "United States", "area": "New York", "display_area": true}], "discipline_title": "Geographical Information Systems (GIS)", "discipline_id": 130}]