[{"discipline_id": 54, "discipline_title": "Agriculture & Forestry", "parent": null}, {"discipline_id": 300, "discipline_title": "Agriculture", "parent": {"discipline_id": 54, "discipline_title": "Agriculture & Forestry", "parent": null}}, {"discipline_id": 301, "discipline_title": "Animal Sciences", "parent": {"discipline_id": 54, "discipline_title": "Agriculture & Forestry", "parent": null}}, {"discipline_id": 302, "discipline_title": "Aquaculture & Fisheries", "parent": {"discipline_id": 54, "discipline_title": "Agriculture & Forestry", "parent": null}}, {"discipline_id": 303, "discipline_title": "Forestry", "parent": {"discipline_id": 54, "discipline_title": "Agriculture & Forestry", "parent": null}}, {"discipline_id": 304, "discipline_title": "Horticulture", "parent": {"discipline_id": 54, "discipline_title": "Agriculture & Forestry", "parent": null}}, {"discipline_id": 305, "discipline_title": "Plant & Crop Sciences", "parent": {"discipline_id": 54, "discipline_title": "Agriculture & Forestry", "parent": null}}, {"discipline_id": 12, "discipline_title": "Applied Sciences & Professions", "parent": null}, {"discipline_id": 56, "discipline_title": "Family & Consumer Science", "parent": {"discipline_id": 12, "discipline_title": "Applied Sciences & Professions", "parent": null}}, {"discipline_id": 59, "discipline_title": "Library Science", "parent": {"discipline_id": 12, "discipline_title": "Applied Sciences & Professions", "parent": null}}, {"discipline_id": 60, "discipline_title": "Military Science", "parent": {"discipline_id": 12, "discipline_title": "Applied Sciences & Professions", "parent": null}}, {"discipline_id": 62, "discipline_title": "Social Work", "parent": {"discipline_id": 12, "discipline_title": "Applied Sciences & Professions", "parent": null}}, {"discipline_id": 112, "discipline_title": "Forensic Science", "parent": {"discipline_id": 12, "discipline_title": "Applied Sciences & Professions", "parent": null}}, {"discipline_id": 132, "discipline_title": "Fashion, Textiles and Luxury Goods", "parent": {"discipline_id": 12, "discipline_title": "Applied Sciences & Professions", "parent": null}}, {"discipline_id": 297, "discipline_title": "Emergency & Disaster Management", "parent": {"discipline_id": 12, "discipline_title": "Applied Sciences & Professions", "parent": null}}, {"discipline_id": 298, "discipline_title": "Food Sciences", "parent": {"discipline_id": 12, "discipline_title": "Applied Sciences & Professions", "parent": null}}, {"discipline_id": 299, "discipline_title": "Museum Studies", "parent": {"discipline_id": 12, "discipline_title": "Applied Sciences & Professions", "parent": null}}, {"discipline_id": 321, "discipline_title": "Real Estate & Property Management", "parent": {"discipline_id": 12, "discipline_title": "Applied Sciences & Professions", "parent": null}}, {"discipline_id": 258, "discipline_title": "Arts, Design & Architecture", "parent": null}, {"discipline_id": 20, "discipline_title": "Architecture", "parent": {"discipline_id": 258, "discipline_title": "Arts, Design & Architecture", "parent": null}}, {"discipline_id": 53, "discipline_title": "Industrial Design", "parent": {"discipline_id": 258, "discipline_title": "Arts, Design & Architecture", "parent": null}}, {"discipline_id": 63, "discipline_title": "Design", "parent": {"discipline_id": 258, "discipline_title": "Arts, Design & Architecture", "parent": null}}, {"discipline_id": 68, "discipline_title": "Visual Arts", "parent": {"discipline_id": 258, "discipline_title": "Arts, Design & Architecture", "parent": null}}, {"discipline_id": 69, "discipline_title": "Film, Photography & Media", "parent": {"discipline_id": 258, "discipline_title": "Arts, Design & Architecture", "parent": null}}, {"discipline_id": 104, "discipline_title": "Music", "parent": {"discipline_id": 258, "discipline_title": "Arts, Design & Architecture", "parent": null}}, {"discipline_id": 259, "discipline_title": "Art History", "parent": {"discipline_id": 258, "discipline_title": "Arts, Design & Architecture", "parent": null}}, {"discipline_id": 260, "discipline_title": "Fashion Design", "parent": {"discipline_id": 258, "discipline_title": "Arts, Design & Architecture", "parent": null}}, {"discipline_id": 261, "discipline_title": "Graphic Design", "parent": {"discipline_id": 258, "discipline_title": "Arts, Design & Architecture", "parent": null}}, {"discipline_id": 262, "discipline_title": "Interior Design", "parent": {"discipline_id": 258, "discipline_title": "Arts, Design & Architecture", "parent": null}}, {"discipline_id": 263, "discipline_title": "Landscape Architecture", "parent": {"discipline_id": 258, "discipline_title": "Arts, Design & Architecture", "parent": null}}, {"discipline_id": 264, "discipline_title": "Music History", "parent": {"discipline_id": 258, "discipline_title": "Arts, Design & Architecture", "parent": null}}, {"discipline_id": 265, "discipline_title": "User Experience Design", "parent": {"discipline_id": 258, "discipline_title": "Arts, Design & Architecture", "parent": null}}, {"discipline_id": 318, "discipline_title": "Theatre & Dance", "parent": {"discipline_id": 258, "discipline_title": "Arts, Design & Architecture", "parent": null}}, {"discipline_id": 328, "discipline_title": "Urban Planning", "parent": {"discipline_id": 258, "discipline_title": "Arts, Design & Architecture", "parent": null}}, {"discipline_id": 23, "discipline_title": "Business & Management", "parent": null}, {"discipline_id": 25, "discipline_title": "Project Management", "parent": {"discipline_id": 23, "discipline_title": "Business & Management", "parent": null}}, {"discipline_id": 45, "discipline_title": "Business Administration", "parent": {"discipline_id": 23, "discipline_title": "Business & Management", "parent": null}}, {"discipline_id": 86, "discipline_title": "Entrepreneurship", "parent": {"discipline_id": 23, "discipline_title": "Business & Management", "parent": null}}, {"discipline_id": 87, "discipline_title": "Finance", "parent": {"discipline_id": 23, "discipline_title": "Business & Management", "parent": null}}, {"discipline_id": 88, "discipline_title": "Marketing", "parent": {"discipline_id": 23, "discipline_title": "Business & Management", "parent": null}}, {"discipline_id": 89, "discipline_title": "Management, Organisation & Leadership", "parent": {"discipline_id": 23, "discipline_title": "Business & Management", "parent": null}}, {"discipline_id": 93, "discipline_title": "Accounting", "parent": {"discipline_id": 23, "discipline_title": "Business & Management", "parent": null}}, {"discipline_id": 101, "discipline_title": "Public Administration", "parent": {"discipline_id": 23, "discipline_title": "Business & Management", "parent": null}}, {"discipline_id": 111, "discipline_title": "Human Resource Management", "parent": {"discipline_id": 23, "discipline_title": "Business & Management", "parent": null}}, {"discipline_id": 133, "discipline_title": "Supply Chain Management & Logistics", "parent": {"discipline_id": 23, "discipline_title": "Business & Management", "parent": null}}, {"discipline_id": 232, "discipline_title": "Agribusiness", "parent": {"discipline_id": 23, "discipline_title": "Business & Management", "parent": null}}, {"discipline_id": 233, "discipline_title": "Auditing", "parent": {"discipline_id": 23, "discipline_title": "Business & Management", "parent": null}}, {"discipline_id": 234, "discipline_title": "Business Intelligence & Analytics", "parent": {"discipline_id": 23, "discipline_title": "Business & Management", "parent": null}}, {"discipline_id": 235, "discipline_title": "Commerce", "parent": {"discipline_id": 23, "discipline_title": "Business & Management", "parent": null}}, {"discipline_id": 236, "discipline_title": "Corporate Communication", "parent": {"discipline_id": 23, "discipline_title": "Business & Management", "parent": null}}, {"discipline_id": 237, "discipline_title": "Corporate Social Responsibility", "parent": {"discipline_id": 23, "discipline_title": "Business & Management", "parent": null}}, {"discipline_id": 238, "discipline_title": "Executive MBA", "parent": {"discipline_id": 23, "discipline_title": "Business & Management", "parent": null}}, {"discipline_id": 239, "discipline_title": "Forensic Accounting", "parent": {"discipline_id": 23, "discipline_title": "Business & Management", "parent": null}}, {"discipline_id": 240, "discipline_title": "Innovation Management", "parent": {"discipline_id": 23, "discipline_title": "Business & Management", "parent": null}}, {"discipline_id": 241, "discipline_title": "International Business", "parent": {"discipline_id": 23, "discipline_title": "Business & Management", "parent": null}}, {"discipline_id": 242, "discipline_title": "Master in Business Administration (MBA)", "parent": {"discipline_id": 23, "discipline_title": "Business & Management", "parent": null}}, {"discipline_id": 243, "discipline_title": "Master in Management (MIM)", "parent": {"discipline_id": 23, "discipline_title": "Business & Management", "parent": null}}, {"discipline_id": 244, "discipline_title": "Retail Management", "parent": {"discipline_id": 23, "discipline_title": "Business & Management", "parent": null}}, {"discipline_id": 245, "discipline_title": "Risk Management", "parent": {"discipline_id": 23, "discipline_title": "Business & Management", "parent": null}}, {"discipline_id": 246, "discipline_title": "Strategic Management", "parent": {"discipline_id": 23, "discipline_title": "Business & Management", "parent": null}}, {"discipline_id": 247, "discipline_title": "Taxation", "parent": {"discipline_id": 23, "discipline_title": "Business & Management", "parent": null}}, {"discipline_id": 248, "discipline_title": "Technology Management", "parent": {"discipline_id": 23, "discipline_title": "Business & Management", "parent": null}}, {"discipline_id": 249, "discipline_title": "Transport Management", "parent": {"discipline_id": 23, "discipline_title": "Business & Management", "parent": null}}, {"discipline_id": 322, "discipline_title": "Digital Communication", "parent": {"discipline_id": 23, "discipline_title": "Business & Management", "parent": null}}, {"discipline_id": 324, "discipline_title": "Digital Marketing", "parent": {"discipline_id": 23, "discipline_title": "Business & Management", "parent": null}}, {"discipline_id": 325, "discipline_title": "Actuarial Science", "parent": {"discipline_id": 23, "discipline_title": "Business & Management", "parent": null}}, {"discipline_id": 24, "discipline_title": "Computer Science & IT", "parent": null}, {"discipline_id": 108, "discipline_title": "Informatics & Information Sciences", "parent": {"discipline_id": 24, "discipline_title": "Computer Science & IT", "parent": null}}, {"discipline_id": 130, "discipline_title": "Geographical Information Systems (GIS)", "parent": {"discipline_id": 24, "discipline_title": "Computer Science & IT", "parent": null}}, {"discipline_id": 279, "discipline_title": "Business Information Systems", "parent": {"discipline_id": 24, "discipline_title": "Computer Science & IT", "parent": null}}, {"discipline_id": 280, "discipline_title": "Video Games & Multimedia", "parent": {"discipline_id": 24, "discipline_title": "Computer Science & IT", "parent": null}}, {"discipline_id": 281, "discipline_title": "Computer Sciences", "parent": {"discipline_id": 24, "discipline_title": "Computer Science & IT", "parent": null}}, {"discipline_id": 282, "discipline_title": "Data Science & Big Data", "parent": {"discipline_id": 24, "discipline_title": "Computer Science & IT", "parent": null}}, {"discipline_id": 283, "discipline_title": "Health Informatics", "parent": {"discipline_id": 24, "discipline_title": "Computer Science & IT", "parent": null}}, {"discipline_id": 284, "discipline_title": "Human Computer Interaction", "parent": {"discipline_id": 24, "discipline_title": "Computer Science & IT", "parent": null}}, {"discipline_id": 285, "discipline_title": "IT Security", "parent": {"discipline_id": 24, "discipline_title": "Computer Science & IT", "parent": null}}, {"discipline_id": 286, "discipline_title": "Web Technologies & Cloud Computing", "parent": {"discipline_id": 24, "discipline_title": "Computer Science & IT", "parent": null}}, {"discipline_id": 323, "discipline_title": "Cyber Security", "parent": {"discipline_id": 24, "discipline_title": "Computer Science & IT", "parent": null}}, {"discipline_id": 329, "discipline_title": "Software Engineering", "parent": {"discipline_id": 24, "discipline_title": "Computer Science & IT", "parent": null}}, {"discipline_id": 330, "discipline_title": "Artificial Intelligence", "parent": {"discipline_id": 24, "discipline_title": "Computer Science & IT", "parent": null}}, {"discipline_id": 331, "discipline_title": "Machine Learning", "parent": {"discipline_id": 24, "discipline_title": "Computer Science & IT", "parent": null}}, {"discipline_id": 289, "discipline_title": "Education & Training", "parent": null}, {"discipline_id": 8, "discipline_title": "Education", "parent": {"discipline_id": 289, "discipline_title": "Education & Training", "parent": null}}, {"discipline_id": 97, "discipline_title": "Special Education", "parent": {"discipline_id": 289, "discipline_title": "Education & Training", "parent": null}}, {"discipline_id": 98, "discipline_title": "Educational Research", "parent": {"discipline_id": 289, "discipline_title": "Education & Training", "parent": null}}, {"discipline_id": 290, "discipline_title": "Adult Education", "parent": {"discipline_id": 289, "discipline_title": "Education & Training", "parent": null}}, {"discipline_id": 291, "discipline_title": "Coaching", "parent": {"discipline_id": 289, "discipline_title": "Education & Training", "parent": null}}, {"discipline_id": 292, "discipline_title": "Counselling", "parent": {"discipline_id": 289, "discipline_title": "Education & Training", "parent": null}}, {"discipline_id": 293, "discipline_title": "Educational Psychology", "parent": {"discipline_id": 289, "discipline_title": "Education & Training", "parent": null}}, {"discipline_id": 294, "discipline_title": "Pedagogy", "parent": {"discipline_id": 289, "discipline_title": "Education & Training", "parent": null}}, {"discipline_id": 295, "discipline_title": "Teaching", "parent": {"discipline_id": 289, "discipline_title": "Education & Training", "parent": null}}, {"discipline_id": 333, "discipline_title": "Early Childhood Education", "parent": {"discipline_id": 289, "discipline_title": "Education & Training", "parent": null}}, {"discipline_id": 7, "discipline_title": "Engineering & Technology", "parent": null}, {"discipline_id": 26, "discipline_title": "Industrial & Systems Engineering", "parent": {"discipline_id": 7, "discipline_title": "Engineering & Technology", "parent": null}}, {"discipline_id": 28, "discipline_title": "Environmental Engineering", "parent": {"discipline_id": 7, "discipline_title": "Engineering & Technology", "parent": null}}, {"discipline_id": 29, "discipline_title": "Civil Engineering & Construction", "parent": {"discipline_id": 7, "discipline_title": "Engineering & Technology", "parent": null}}, {"discipline_id": 30, "discipline_title": "Bio & Biomedical Engineering", "parent": {"discipline_id": 7, "discipline_title": "Engineering & Technology", "parent": null}}, {"discipline_id": 32, "discipline_title": "Chemical Engineering", "parent": {"discipline_id": 7, "discipline_title": "Engineering & Technology", "parent": null}}, {"discipline_id": 33, "discipline_title": "Materials Science & Engineering", "parent": {"discipline_id": 7, "discipline_title": "Engineering & Technology", "parent": null}}, {"discipline_id": 34, "discipline_title": "Electrical Engineering", "parent": {"discipline_id": 7, "discipline_title": "Engineering & Technology", "parent": null}}, {"discipline_id": 37, "discipline_title": "Aerospace Engineering", "parent": {"discipline_id": 7, "discipline_title": "Engineering & Technology", "parent": null}}, {"discipline_id": 39, "discipline_title": "Mechanical Engineering", "parent": {"discipline_id": 7, "discipline_title": "Engineering & Technology", "parent": null}}, {"discipline_id": 83, "discipline_title": "Electronics & Embedded Technology", "parent": {"discipline_id": 7, "discipline_title": "Engineering & Technology", "parent": null}}, {"discipline_id": 94, "discipline_title": "Energy & Power Engineering", "parent": {"discipline_id": 7, "discipline_title": "Engineering & Technology", "parent": null}}, {"discipline_id": 250, "discipline_title": "Automotive Engineering", "parent": {"discipline_id": 7, "discipline_title": "Engineering & Technology", "parent": null}}, {"discipline_id": 251, "discipline_title": "General Engineering & Technology", "parent": {"discipline_id": 7, "discipline_title": "Engineering & Technology", "parent": null}}, {"discipline_id": 252, "discipline_title": "Marine Engineering", "parent": {"discipline_id": 7, "discipline_title": "Engineering & Technology", "parent": null}}, {"discipline_id": 253, "discipline_title": "Mechatronics", "parent": {"discipline_id": 7, "discipline_title": "Engineering & Technology", "parent": null}}, {"discipline_id": 254, "discipline_title": "Mining, Oil & Gas", "parent": {"discipline_id": 7, "discipline_title": "Engineering & Technology", "parent": null}}, {"discipline_id": 255, "discipline_title": "Robotics", "parent": {"discipline_id": 7, "discipline_title": "Engineering & Technology", "parent": null}}, {"discipline_id": 256, "discipline_title": "Sustainable Energy", "parent": {"discipline_id": 7, "discipline_title": "Engineering & Technology", "parent": null}}, {"discipline_id": 257, "discipline_title": "Transportation Engineering", "parent": {"discipline_id": 7, "discipline_title": "Engineering & Technology", "parent": null}}, {"discipline_id": 117, "discipline_title": "Environmental Studies & Earth Sciences", "parent": null}, {"discipline_id": 47, "discipline_title": "Earth Sciences", "parent": {"discipline_id": 117, "discipline_title": "Environmental Studies & Earth Sciences", "parent": null}}, {"discipline_id": 119, "discipline_title": "Toxicology", "parent": {"discipline_id": 117, "discipline_title": "Environmental Studies & Earth Sciences", "parent": null}}, {"discipline_id": 122, "discipline_title": "Soil Science", "parent": {"discipline_id": 117, "discipline_title": "Environmental Studies & Earth Sciences", "parent": null}}, {"discipline_id": 123, "discipline_title": "Geology", "parent": {"discipline_id": 117, "discipline_title": "Environmental Studies & Earth Sciences", "parent": null}}, {"discipline_id": 124, "discipline_title": "Hydrology & Water Management", "parent": {"discipline_id": 117, "discipline_title": "Environmental Studies & Earth Sciences", "parent": null}}, {"discipline_id": 125, "discipline_title": "Climate Studies & Meteorology", "parent": {"discipline_id": 117, "discipline_title": "Environmental Studies & Earth Sciences", "parent": null}}, {"discipline_id": 126, "discipline_title": "Biodiversity & Conservation", "parent": {"discipline_id": 117, "discipline_title": "Environmental Studies & Earth Sciences", "parent": null}}, {"discipline_id": 127, "discipline_title": "Sustainable Development", "parent": {"discipline_id": 117, "discipline_title": "Environmental Studies & Earth Sciences", "parent": null}}, {"discipline_id": 128, "discipline_title": "Environmental Economics & Policy", "parent": {"discipline_id": 117, "discipline_title": "Environmental Studies & Earth Sciences", "parent": null}}, {"discipline_id": 287, "discipline_title": "Environmental Management", "parent": {"discipline_id": 117, "discipline_title": "Environmental Studies & Earth Sciences", "parent": null}}, {"discipline_id": 288, "discipline_title": "Natural Resource Management", "parent": {"discipline_id": 117, "discipline_title": "Environmental Studies & Earth Sciences", "parent": null}}, {"discipline_id": 314, "discipline_title": "Ecology", "parent": {"discipline_id": 117, "discipline_title": "Environmental Studies & Earth Sciences", "parent": null}}, {"discipline_id": 315, "discipline_title": "Environmental Sciences", "parent": {"discipline_id": 117, "discipline_title": "Environmental Studies & Earth Sciences", "parent": null}}, {"discipline_id": 64, "discipline_title": "Hospitality, Leisure & Sports", "parent": null}, {"discipline_id": 134, "discipline_title": "Sports Management", "parent": {"discipline_id": 64, "discipline_title": "Hospitality, Leisure & Sports", "parent": null}}, {"discipline_id": 311, "discipline_title": "Hospitality Management", "parent": {"discipline_id": 64, "discipline_title": "Hospitality, Leisure & Sports", "parent": null}}, {"discipline_id": 312, "discipline_title": "Culinary Arts", "parent": {"discipline_id": 64, "discipline_title": "Hospitality, Leisure & Sports", "parent": null}}, {"discipline_id": 313, "discipline_title": "Event Management", "parent": {"discipline_id": 64, "discipline_title": "Hospitality, Leisure & Sports", "parent": null}}, {"discipline_id": 317, "discipline_title": "Sports Sciences", "parent": {"discipline_id": 64, "discipline_title": "Hospitality, Leisure & Sports", "parent": null}}, {"discipline_id": 319, "discipline_title": "Tourism & Leisure", "parent": {"discipline_id": 64, "discipline_title": "Hospitality, Leisure & Sports", "parent": null}}, {"discipline_id": 9, "discipline_title": "Humanities", "parent": null}, {"discipline_id": 74, "discipline_title": "History", "parent": {"discipline_id": 9, "discipline_title": "Humanities", "parent": null}}, {"discipline_id": 77, "discipline_title": "Language Studies", "parent": {"discipline_id": 9, "discipline_title": "Humanities", "parent": null}}, {"discipline_id": 84, "discipline_title": "Philosophy & Ethics", "parent": {"discipline_id": 9, "discipline_title": "Humanities", "parent": null}}, {"discipline_id": 91, "discipline_title": "Languages", "parent": {"discipline_id": 9, "discipline_title": "Humanities", "parent": null}}, {"discipline_id": 99, "discipline_title": "Religious Studies & Theology", "parent": {"discipline_id": 9, "discipline_title": "Humanities", "parent": null}}, {"discipline_id": 266, "discipline_title": "Ancient History", "parent": {"discipline_id": 9, "discipline_title": "Humanities", "parent": null}}, {"discipline_id": 267, "discipline_title": "Christian Studies", "parent": {"discipline_id": 9, "discipline_title": "Humanities", "parent": null}}, {"discipline_id": 268, "discipline_title": "Creative Writing", "parent": {"discipline_id": 9, "discipline_title": "Humanities", "parent": null}}, {"discipline_id": 269, "discipline_title": "General Studies & Classics", "parent": {"discipline_id": 9, "discipline_title": "Humanities", "parent": null}}, {"discipline_id": 270, "discipline_title": "Islamic Studies", "parent": {"discipline_id": 9, "discipline_title": "Humanities", "parent": null}}, {"discipline_id": 271, "discipline_title": "Liberal Arts", "parent": {"discipline_id": 9, "discipline_title": "Humanities", "parent": null}}, {"discipline_id": 272, "discipline_title": "Literature", "parent": {"discipline_id": 9, "discipline_title": "Humanities", "parent": null}}, {"discipline_id": 273, "discipline_title": "Modern History", "parent": {"discipline_id": 9, "discipline_title": "Humanities", "parent": null}}, {"discipline_id": 332, "discipline_title": "Linguistics", "parent": {"discipline_id": 9, "discipline_title": "Humanities", "parent": null}}, {"discipline_id": 58, "discipline_title": "Journalism & Media", "parent": null}, {"discipline_id": 306, "discipline_title": "Journalism", "parent": {"discipline_id": 58, "discipline_title": "Journalism & Media", "parent": null}}, {"discipline_id": 307, "discipline_title": "Media Management", "parent": {"discipline_id": 58, "discipline_title": "Journalism & Media", "parent": null}}, {"discipline_id": 308, "discipline_title": "Media Studies & Mass Media", "parent": {"discipline_id": 58, "discipline_title": "Journalism & Media", "parent": null}}, {"discipline_id": 309, "discipline_title": "Public Relations", "parent": {"discipline_id": 58, "discipline_title": "Journalism & Media", "parent": null}}, {"discipline_id": 310, "discipline_title": "Translation & Interpreting", "parent": {"discipline_id": 58, "discipline_title": "Journalism & Media", "parent": null}}, {"discipline_id": 6, "discipline_title": "Law", "parent": null}, {"discipline_id": 48, "discipline_title": "European Law", "parent": {"discipline_id": 6, "discipline_title": "Law", "parent": null}}, {"discipline_id": 49, "discipline_title": "Patent & Intellectual Property Law", "parent": {"discipline_id": 6, "discipline_title": "Law", "parent": null}}, {"discipline_id": 85, "discipline_title": "International Law", "parent": {"discipline_id": 6, "discipline_title": "Law", "parent": null}}, {"discipline_id": 109, "discipline_title": "Criminal Law", "parent": {"discipline_id": 6, "discipline_title": "Law", "parent": null}}, {"discipline_id": 114, "discipline_title": "Civil & Private Law", "parent": {"discipline_id": 6, "discipline_title": "Law", "parent": null}}, {"discipline_id": 115, "discipline_title": "Public Law", "parent": {"discipline_id": 6, "discipline_title": "Law", "parent": null}}, {"discipline_id": 219, "discipline_title": "Business Law", "parent": {"discipline_id": 6, "discipline_title": "Law", "parent": null}}, {"discipline_id": 220, "discipline_title": "Legal Studies", "parent": {"discipline_id": 6, "discipline_title": "Law", "parent": null}}, {"discipline_id": 221, "discipline_title": "Master of Laws (LLM)", "parent": {"discipline_id": 6, "discipline_title": "Law", "parent": null}}, {"discipline_id": 10, "discipline_title": "Medicine & Health", "parent": null}, {"discipline_id": 31, "discipline_title": "Biomedicine", "parent": {"discipline_id": 10, "discipline_title": "Medicine & Health", "parent": null}}, {"discipline_id": 90, "discipline_title": "Public Health", "parent": {"discipline_id": 10, "discipline_title": "Medicine & Health", "parent": null}}, {"discipline_id": 92, "discipline_title": "Human Medicine", "parent": {"discipline_id": 10, "discipline_title": "Medicine & Health", "parent": null}}, {"discipline_id": 100, "discipline_title": "Dentistry", "parent": {"discipline_id": 10, "discipline_title": "Medicine & Health", "parent": null}}, {"discipline_id": 105, "discipline_title": "Physiotherapy", "parent": {"discipline_id": 10, "discipline_title": "Medicine & Health", "parent": null}}, {"discipline_id": 106, "discipline_title": "Pharmacy", "parent": {"discipline_id": 10, "discipline_title": "Medicine & Health", "parent": null}}, {"discipline_id": 107, "discipline_title": "Veterinary Medicine", "parent": {"discipline_id": 10, "discipline_title": "Medicine & Health", "parent": null}}, {"discipline_id": 113, "discipline_title": "Nursing", "parent": {"discipline_id": 10, "discipline_title": "Medicine & Health", "parent": null}}, {"discipline_id": 131, "discipline_title": "Nutrition & Dietetics", "parent": {"discipline_id": 10, "discipline_title": "Medicine & Health", "parent": null}}, {"discipline_id": 228, "discipline_title": "Complementary & Alternative Medicine", "parent": {"discipline_id": 10, "discipline_title": "Medicine & Health", "parent": null}}, {"discipline_id": 229, "discipline_title": "Health Management", "parent": {"discipline_id": 10, "discipline_title": "Medicine & Health", "parent": null}}, {"discipline_id": 230, "discipline_title": "Health Sciences", "parent": {"discipline_id": 10, "discipline_title": "Medicine & Health", "parent": null}}, {"discipline_id": 231, "discipline_title": "Midwifery", "parent": {"discipline_id": 10, "discipline_title": "Medicine & Health", "parent": null}}, {"discipline_id": 335, "discipline_title": "Clinical Psychology", "parent": {"discipline_id": 10, "discipline_title": "Medicine & Health", "parent": null}}, {"discipline_id": 11, "discipline_title": "Natural Sciences & Mathematics", "parent": null}, {"discipline_id": 38, "discipline_title": "Physics", "parent": {"discipline_id": 11, "discipline_title": "Natural Sciences & Mathematics", "parent": null}}, {"discipline_id": 40, "discipline_title": "Mathematics", "parent": {"discipline_id": 11, "discipline_title": "Natural Sciences & Mathematics", "parent": null}}, {"discipline_id": 46, "discipline_title": "Chemistry", "parent": {"discipline_id": 11, "discipline_title": "Natural Sciences & Mathematics", "parent": null}}, {"discipline_id": 52, "discipline_title": "Applied Mathematics", "parent": {"discipline_id": 11, "discipline_title": "Natural Sciences & Mathematics", "parent": null}}, {"discipline_id": 81, "discipline_title": "Biology", "parent": {"discipline_id": 11, "discipline_title": "Natural Sciences & Mathematics", "parent": null}}, {"discipline_id": 82, "discipline_title": "Astronomy & Space Sciences", "parent": {"discipline_id": 11, "discipline_title": "Natural Sciences & Mathematics", "parent": null}}, {"discipline_id": 118, "discipline_title": "Biotechnology", "parent": {"discipline_id": 11, "discipline_title": "Natural Sciences & Mathematics", "parent": null}}, {"discipline_id": 222, "discipline_title": "Natural Sciences", "parent": {"discipline_id": 11, "discipline_title": "Natural Sciences & Mathematics", "parent": null}}, {"discipline_id": 223, "discipline_title": "Financial Mathematics", "parent": {"discipline_id": 11, "discipline_title": "Natural Sciences & Mathematics", "parent": null}}, {"discipline_id": 224, "discipline_title": "Microbiology", "parent": {"discipline_id": 11, "discipline_title": "Natural Sciences & Mathematics", "parent": null}}, {"discipline_id": 225, "discipline_title": "Molecular Sciences", "parent": {"discipline_id": 11, "discipline_title": "Natural Sciences & Mathematics", "parent": null}}, {"discipline_id": 226, "discipline_title": "Neuroscience", "parent": {"discipline_id": 11, "discipline_title": "Natural Sciences & Mathematics", "parent": null}}, {"discipline_id": 227, "discipline_title": "Statistics", "parent": {"discipline_id": 11, "discipline_title": "Natural Sciences & Mathematics", "parent": null}}, {"discipline_id": 326, "discipline_title": "Bioinformatics", "parent": {"discipline_id": 11, "discipline_title": "Natural Sciences & Mathematics", "parent": null}}, {"discipline_id": 327, "discipline_title": "Biochemistry", "parent": {"discipline_id": 11, "discipline_title": "Natural Sciences & Mathematics", "parent": null}}, {"discipline_id": 334, "discipline_title": "Genetics", "parent": {"discipline_id": 11, "discipline_title": "Natural Sciences & Mathematics", "parent": null}}, {"discipline_id": 13, "discipline_title": "Social Sciences", "parent": null}, {"discipline_id": 4, "discipline_title": "Economics", "parent": {"discipline_id": 13, "discipline_title": "Social Sciences", "parent": null}}, {"discipline_id": 67, "discipline_title": "Area & Cultural Studies", "parent": {"discipline_id": 13, "discipline_title": "Social Sciences", "parent": null}}, {"discipline_id": 70, "discipline_title": "Archaeology", "parent": {"discipline_id": 13, "discipline_title": "Social Sciences", "parent": null}}, {"discipline_id": 71, "discipline_title": "Communication Sciences", "parent": {"discipline_id": 13, "discipline_title": "Social Sciences", "parent": null}}, {"discipline_id": 72, "discipline_title": "Anthropology", "parent": {"discipline_id": 13, "discipline_title": "Social Sciences", "parent": null}}, {"discipline_id": 73, "discipline_title": "Ethnic Studies", "parent": {"discipline_id": 13, "discipline_title": "Social Sciences", "parent": null}}, {"discipline_id": 75, "discipline_title": "Geography", "parent": {"discipline_id": 13, "discipline_title": "Social Sciences", "parent": null}}, {"discipline_id": 76, "discipline_title": "Gender & Sexuality Studies", "parent": {"discipline_id": 13, "discipline_title": "Social Sciences", "parent": null}}, {"discipline_id": 78, "discipline_title": "International Relations", "parent": {"discipline_id": 13, "discipline_title": "Social Sciences", "parent": null}}, {"discipline_id": 79, "discipline_title": "Psychology", "parent": {"discipline_id": 13, "discipline_title": "Social Sciences", "parent": null}}, {"discipline_id": 80, "discipline_title": "Sociology", "parent": {"discipline_id": 13, "discipline_title": "Social Sciences", "parent": null}}, {"discipline_id": 102, "discipline_title": "International Development", "parent": {"discipline_id": 13, "discipline_title": "Social Sciences", "parent": null}}, {"discipline_id": 103, "discipline_title": "Organisational Behaviour", "parent": {"discipline_id": 13, "discipline_title": "Social Sciences", "parent": null}}, {"discipline_id": 110, "discipline_title": "Econometrics", "parent": {"discipline_id": 13, "discipline_title": "Social Sciences", "parent": null}}, {"discipline_id": 274, "discipline_title": "American Studies", "parent": {"discipline_id": 13, "discipline_title": "Social Sciences", "parent": null}}, {"discipline_id": 275, "discipline_title": "Cognitive Sciences", "parent": {"discipline_id": 13, "discipline_title": "Social Sciences", "parent": null}}, {"discipline_id": 276, "discipline_title": "Criminology", "parent": {"discipline_id": 13, "discipline_title": "Social Sciences", "parent": null}}, {"discipline_id": 277, "discipline_title": "European Studies", "parent": {"discipline_id": 13, "discipline_title": "Social Sciences", "parent": null}}, {"discipline_id": 278, "discipline_title": "Public Policy", "parent": {"discipline_id": 13, "discipline_title": "Social Sciences", "parent": null}}, {"discipline_id": 316, "discipline_title": "Political Science", "parent": {"discipline_id": 13, "discipline_title": "Social Sciences", "parent": null}}, {"discipline_id": 320, "discipline_title": "Terrorism & Security", "parent": {"discipline_id": 13, "discipline_title": "Social Sciences", "parent": null}}]