[{"id": 283752, "title": "Mechatronics and Robotics - Undergraduate Foundation Programme", "summary": "This one-year (3 term) Mechatronics and Robotics - Undergraduate Foundation Programme at&nbsp;ONCAMPUS Hull&nbsp;offers successful students guaranteed progression to the University of Hull.&nbsp;", "level": "preparation", "degree": "Pre-Bachelor", "tuition_fee": {"value": 15834, "unit": "year", "currency": "EUR"}, "fulltime_duration": {"value": 9, "unit": "month"}, "density": {"parttime": false, "fulltime": true}, "methods": {"face2face": true, "online": false, "blended": false}, "organisation_id": 14007, "organisation": "ONCAMPUS Hull", "venues": [{"city": "Hull", "country": "United Kingdom", "area": "England", "display_area": true}], "discipline_title": "Artificial Intelligence", "discipline_id": 330}, {"id": 273411, "title": "International Foundation in Engineering and Science - Artificial Intelligence", "summary": "The&nbsp;International Foundation in Engineering and Science - Artificial Intelligence programme offered by The University of Manchester will prepare you&nbsp;for direct entry to Year 1 of an undergraduate degree in subjects including Engineering, Computer Science, Mathematics, Physics and Chemistry.", "level": "preparation", "degree": "Pre-Bachelor", "tuition_fee": {"value": 20133, "unit": "year", "currency": "EUR"}, "fulltime_duration": {"value": 9, "unit": "month"}, "density": {"parttime": false, "fulltime": true}, "methods": {"face2face": true, "online": false, "blended": false}, "organisation_id": 14340, "organisation": "INTO University of Manchester", "venues": [{"city": "Manchester", "country": "United Kingdom", "area": "England", "display_area": true}], "discipline_title": "Artificial Intelligence", "discipline_id": 330}, {"id": 284923, "title": "Robotics Engineering - Undergraduate Foundation Programme", "summary": "This one-year (3 term) Robotics Engineering - Undergraduate Foundation Programme from ONCAMPUS UK North offers successful students&nbsp;guaranteed progression to UCLan&nbsp;and the opportunity to apply to a number of other top UK universities through the UCAS process. You will&nbsp;study your Foundation programme at our Centre located at the heart of the UCLan campus.", "level": "preparation", "degree": "Pre-Bachelor", "tuition_fee": {"value": 15817, "unit": "year", "currency": "EUR"}, "fulltime_duration": {"value": 9, "unit": "month"}, "density": {"parttime": false, "fulltime": true}, "methods": {"face2face": true, "online": false, "blended": false}, "organisation_id": 11512, "organisation": "ONCAMPUS UK North", "venues": [{"city": "Preston", "country": "United Kingdom", "area": "England", "display_area": true}], "discipline_title": "Artificial Intelligence", "discipline_id": 330}, {"id": 176186, "title": "Artificial Intelligence MicroMasters Program", "summary": "EdX is an online learning platform trusted by over 12 million users offering the&nbsp;Artificial Intelligence MicroMasters Program&nbsp;in collaboration with&nbsp;Columbia University - ColumbiaX . Design the future!", "level": "preparation", "degree": "Pre-Master", "tuition_fee": {"value": 1178, "unit": "year", "currency": "EUR"}, "parttime_duration": {"value": 12, "unit": "month"}, "density": {"parttime": true, "fulltime": false}, "methods": {"face2face": false, "online": true, "blended": false}, "organisation_id": 16738, "organisation": "Columbia University - ColumbiaX", "venues": [{"city": "Manhattan", "country": "United States", "area": "New York", "display_area": true}], "discipline_title": "Artificial Intelligence", "discipline_id": 330}, {"id": 297185, "title": "AI and Machine Learning", "summary": "Gain in-demand skills in artificial intelligence and machine learning by studying statistical machine learning, deep learning, supervised and unsupervised learning, knowledge representation and reasoning with this&nbsp;AI and Machine Learning&nbsp;offered by Coursera in partnership with Arizona State University.", "level": "preparation", "degree": "Pre-Master", "tuition_fee": {"value": 4159, "unit": "full", "currency": "EUR"}, "parttime_duration": {"value": 4, "unit": "month"}, "density": {"parttime": true, "fulltime": false}, "methods": {"face2face": false, "online": true, "blended": false}, "organisation_id": 17569, "organisation": "Coursera", "venues": [{"city": "Mountain View", "country": "United States", "area": "California", "display_area": true}], "discipline_title": "Artificial Intelligence", "discipline_id": 330}]