[{"id": 292882, "title": "Machine Learning", "summary": "This Machine Learning program at Mohamed bin Zayed University of Artificial Intelligence tackles the scientific study of algorithms and statistical models that computer systems use to effectively perform a specific task without using explicit instructions, relying on patterns and inference instead.&nbsp;", "level": "phd", "degree": "Ph.D.", "tuition_fee": {"value": 0, "unit": "year", "currency": "EUR"}, "fulltime_duration": {"value": 48, "unit": "month"}, "density": {"parttime": false, "fulltime": true}, "methods": {"face2face": true, "online": false, "blended": false}, "organisation_id": 19934, "organisation": "Mohamed bin Zayed University of Artificial Intelligence", "venues": [{"city": "Abu Dhabi", "country": "United Arab Emirates", "area": "Abu Z", "display_area": false}], "discipline_title": "Machine Learning", "discipline_id": 331}, {"id": 295797, "title": "Enhancing Mangrove Forest Resilience Against Coastal Degradation and Climate Change Impacts Using Advanced Machine Learning", "summary": "Coventry University (CU) is inviting applications from suitably-qualified graduates for a fully-funded PhD studentship, in the Enhancing Mangrove Forest Resilience Against Coastal Degradation and Climate Change Impacts Using Advanced Machine Learning program.", "level": "phd", "degree": "Ph. D.", "tuition_fee": {"value": 0, "unit": "year", "currency": "EUR"}, "fulltime_duration": {"value": 36, "unit": "month"}, "density": {"parttime": false, "fulltime": true}, "methods": {"face2face": true, "online": false, "blended": false}, "organisation_id": 284, "organisation": "Coventry University", "venues": [{"city": "Coventry", "country": "United Kingdom", "area": "England", "display_area": true}], "discipline_title": "Machine Learning", "discipline_id": 331}, {"id": 295811, "title": "Accurate detection of true effective labour using electrohysterography - Towards remote pregnancy monitoring", "summary": "The Accurate detection of true effective labour using electrohysterography - Towards remote pregnancy monitoring in low-resource settings project from Coventry University&nbsp;involves working with an interdisciplinary team with expertise in engineering, electrophysiology, maternity care and service user engagement which would offer the student exposure to the application of data-driven approaches.", "level": "phd", "degree": "Ph.D.", "tuition_fee": {"value": 0, "unit": "year", "currency": "EUR"}, "fulltime_duration": {"value": 36, "unit": "month"}, "density": {"parttime": false, "fulltime": true}, "methods": {"face2face": true, "online": false, "blended": false}, "organisation_id": 284, "organisation": "Coventry University", "venues": [{"city": "Coventry", "country": "United Kingdom", "area": "England", "display_area": true}], "discipline_title": "Machine Learning", "discipline_id": 331}, {"id": 231586, "title": "Computational Analysis and Modeling", "summary": "The College of Engineering and Science is the major participant in the interdisciplinary PhD in Computational Analysis and Modeling (CAM).&nbsp;", "level": "phd", "degree": "Ph.D.", "tuition_fee": {"value": 3180, "unit": "year", "currency": "EUR"}, "fulltime_duration": {"value": 36, "unit": "month"}, "density": {"parttime": false, "fulltime": true}, "methods": {"face2face": true, "online": false, "blended": false}, "organisation_id": 14930, "organisation": "Louisiana Tech University", "venues": [{"city": "Ruston", "country": "United States", "area": "Louisiana", "display_area": true}], "discipline_title": "Machine Learning", "discipline_id": 331}, {"id": 295195, "title": "Sparsity and structures in large-scale machine learning problems.", "summary": "The main objective of this project is to investigate the design of efficient approaches to scale-up and improve state-of-the-art machine learning techniques, while providing theoretical guarantees on their behaviour.", "level": "phd", "degree": "Ph.D.", "density": {"parttime": false, "fulltime": true}, "methods": {"face2face": true, "online": false, "blended": false}, "organisation_id": 148, "organisation": "Cardiff University", "venues": [{"city": "Cardiff", "country": "United Kingdom", "area": "Wales", "display_area": true}], "discipline_title": "Machine Learning", "discipline_id": 331}, {"id": 269773, "title": "Robotics and Autonomous Systems", "summary": "FARSCOPE aims to train the next generation of innovators in the growing field of robotics and autonomous systems (RAS). The vision of the Robotics and Autonomous Systems programme from&nbsp;University of Bristol&nbsp;is ubiquity or robots everywhere enabling students to think beyond a robot's technology and about its environment.", "level": "phd", "degree": "Ph.D.", "tuition_fee": {"value": 4938, "unit": "year", "currency": "EUR"}, "fulltime_duration": {"value": 48, "unit": "month"}, "parttime_duration": {"value": 96, "unit": "month"}, "density": {"parttime": true, "fulltime": true}, "methods": {"face2face": true, "online": false, "blended": false}, "organisation_id": 147, "organisation": "University of Bristol", "venues": [{"city": "Bristol", "country": "United Kingdom", "area": "England", "display_area": true}], "discipline_title": "Machine Learning", "discipline_id": 331}, {"id": 292922, "title": "Robotics", "summary": "Part of 4TU Stan Ackermans Institute, the PDEng programme in Robotics from University of Twente (UT)&nbsp;focuses on creating technical solutions for the industrial sector (i.e. automatic welding robots), for maintenance and inspection (i.e. sewer inspection) and for medical use (like rehabilitation or surgical robotics).", "level": "phd", "degree": "Ph. D.", "fulltime_duration": {"value": 24, "unit": "month"}, "density": {"parttime": false, "fulltime": true}, "methods": {"face2face": true, "online": false, "blended": false}, "organisation_id": 16, "organisation": "University of Twente (UT)", "venues": [{"city": "Enschede", "country": "Netherlands", "area": "Overijssel", "display_area": false}], "discipline_title": "Machine Learning", "discipline_id": 331}, {"id": 294783, "title": "EPSRC DTP studentship in Sparsity and structures in large-scale machine learning problems", "summary": "This project aims at investigating, both from a theoretical and computational point of view, the design of novel model-based and data-driven feature extraction and sparsification strategies for the approximation of complex Machine Learning problems.&nbsp;", "level": "phd", "degree": "Ph.D.", "fulltime_duration": {"value": 42, "unit": "month"}, "density": {"parttime": false, "fulltime": true}, "methods": {"face2face": true, "online": false, "blended": false}, "organisation_id": 148, "organisation": "Cardiff University", "venues": [{"city": "Cardiff", "country": "United Kingdom", "area": "Wales", "display_area": true}], "discipline_title": "Machine Learning", "discipline_id": 331}, {"id": 296150, "title": "EPSRC DTP Hub for Sustainable Transport: Electrical Vehicle Routing Optimization Using Machine Learning", "summary": "In this project we will develop novel methods for optimizing the routes taken by electrical vehicles toward minimizing detours required for recharging and the corresponding delays caused by this.&nbsp;", "level": "phd", "degree": "Ph. D.", "fulltime_duration": {"value": 42, "unit": "month"}, "density": {"parttime": false, "fulltime": true}, "methods": {"face2face": true, "online": false, "blended": false}, "organisation_id": 148, "organisation": "Cardiff University", "venues": [{"city": "Cardiff", "country": "United Kingdom", "area": "Wales", "display_area": true}], "discipline_title": "Machine Learning", "discipline_id": 331}, {"id": 256938, "title": "Informatics - ANC - Machine Learning, Computational Neuroscience, Computational Biology", "summary": "The&nbsp;Informatics - ANC - Machine Learning, Computational Neuroscience, Computational Biology programme offered by&nbsp;The University of Edinburgh&nbsp;is a world-leading institute dedicated to the theoretical and empirical study of adaptive processes in both artificial and biological systems. We are one of the UK\u2019s largest and most prestigious academic teams in these fields.", "level": "phd", "degree": "Ph.D.", "tuition_fee": {"value": 26587, "unit": "year", "currency": "EUR"}, "fulltime_duration": {"value": 36, "unit": "month"}, "parttime_duration": {"value": 72, "unit": "month"}, "density": {"parttime": true, "fulltime": true}, "methods": {"face2face": true, "online": false, "blended": false}, "organisation_id": 43, "organisation": "The University of Edinburgh", "venues": [{"city": "Edinburgh", "country": "United Kingdom", "area": "Scotland", "display_area": true}], "discipline_title": "Machine Learning", "discipline_id": 331}, {"id": 295576, "title": "Machine Learning; Data Mining", "summary": "Deep Learning is another name for a set of algorithms that use a neural network as an architecture. Deep learning networks simulate interconnected brain tissue and are solving many important problems Our main areas of research will be the interaction between mathematics and neuroscience and applications of deep learning to medical data.", "level": "phd", "degree": "Ph. D.", "density": {"parttime": false, "fulltime": true}, "methods": {"face2face": true, "online": false, "blended": false}, "organisation_id": 148, "organisation": "Cardiff University", "venues": [{"city": "Cardiff", "country": "United Kingdom", "area": "Wales", "display_area": true}], "discipline_title": "Machine Learning", "discipline_id": 331}, {"id": 26643, "title": "Robotics", "summary": "The Centre for Robotics Research in the Department of Informatics has an international reputation in the field of robotics, mechanisms, kinematics, and their applications to medical science and production.", "level": "phd", "degree": "Ph.D.", "tuition_fee": {"value": 5996, "unit": "year", "currency": "EUR"}, "fulltime_duration": {"value": 36, "unit": "month"}, "parttime_duration": {"value": 72, "unit": "month"}, "density": {"parttime": true, "fulltime": true}, "methods": {"face2face": true, "online": false, "blended": false}, "organisation_id": 164, "organisation": "King's College London", "venues": [{"city": "London", "country": "United Kingdom", "area": "England", "display_area": true}], "discipline_title": "Machine Learning", "discipline_id": 331}, {"id": 295237, "title": "Game Theory - exploring novel reinforcement learning algorithms and_or other techniques from machine learning", "summary": "This project will aim to build on research by exploring novel reinforcement learning algorithms and/or other techniques from machine learning (such as deep learning).", "level": "phd", "degree": "Ph.D.", "density": {"parttime": false, "fulltime": true}, "methods": {"face2face": true, "online": false, "blended": false}, "organisation_id": 148, "organisation": "Cardiff University", "venues": [{"city": "Cardiff", "country": "United Kingdom", "area": "Wales", "display_area": true}], "discipline_title": "Machine Learning", "discipline_id": 331}, {"id": 295180, "title": "Machine Learning for Dimension Reduction in High-Dimensional Datasets", "summary": "This project will focus on the improvement of existing methodology for more accurate and computationally faster estimation algorithms to achieve SDR.&nbsp;", "level": "phd", "degree": "Ph.D.", "density": {"parttime": false, "fulltime": true}, "methods": {"face2face": true, "online": false, "blended": false}, "organisation_id": 148, "organisation": "Cardiff University", "venues": [{"city": "Cardiff", "country": "United Kingdom", "area": "Wales", "display_area": true}], "discipline_title": "Machine Learning", "discipline_id": 331}]