[{"id": 276886, "title": "Business Transformation with Google Cloud", "summary": "If you want to learn about cloud technology so you can excel in your role, help build the future of your business and thrive in the cloud era, then the Business Transformation with Google Cloud offered by Coursera in partnership with Google Cloud is for you.", "level": "short", "degree": "Certificate", "parttime_duration": {"value": 7, "unit": "day"}, "density": {"parttime": true, "fulltime": false}, "methods": {"face2face": false, "online": true, "blended": false}, "organisation_id": 17570, "organisation": "Coursera - Google Cloud", "venues": [{"city": "Mountain View", "country": "United States", "area": "California", "display_area": true}], "discipline_title": "Business Information Systems", "discipline_id": 279}, {"id": 194965, "title": "Lean Production", "summary": "EdX is an online learning platform trusted by over 12 million users offering the&nbsp;Lean Production Certificate in collaboration with Technical University of Munich - TUMx.&nbsp;Learn how to apply key elements of Lean Production, from minimizing inventory and reducing setup times, to using 5S and Kaizen, in order to improve quality and productivity in your workplace..", "level": "short", "degree": "Certificate", "parttime_duration": {"value": 42, "unit": "day"}, "density": {"parttime": true, "fulltime": false}, "methods": {"face2face": false, "online": true, "blended": false}, "organisation_id": 16787, "organisation": "Technical University of Munich - TUMx", "venues": [{"city": "Beijing", "country": "China", "area": "Beijing", "display_area": false}], "discipline_title": "Business Information Systems", "discipline_id": 279}, {"id": 217784, "title": "Legal Technology and Operations", "summary": "Can we use algorithms to predict court decisions? Can we design routine contracts in a way that parties understand them without a lawyer? Can we teach machines to exercise due diligence for an M&A transaction or bankruptcy case? How can law firms use technology and alternative providers to boost their service offerings?\u00a0Join Bucerius Law School this summer and explore the future of legal services.", "level": "short", "degree": "Certificate", "tuition_fee": {"value": 1900, "unit": "full", "currency": "EUR"}, "fulltime_duration": {"value": 19, "unit": "day"}, "density": {"parttime": false, "fulltime": true}, "methods": {"face2face": true, "online": false, "blended": false}, "organisation_id": 239, "organisation": "Bucerius Law School", "venues": [{"city": "Hamburg", "country": "Germany", "area": "Hamburg City", "display_area": false}], "discipline_title": "Business Information Systems", "discipline_id": 279}, {"id": 277376, "title": "Blockchain for Business - Introduction to Hyperledger Technologies", "summary": "EdX is an online learning platform trusted by over 12 million users offering the Blockchain for Business - Introduction to Hyperledger Technologies in collaboration with&nbsp;The Linux Foundation - LinuxFoundationX.&nbsp;A primer to blockchain and distributed ledger technologies.&nbsp;", "level": "short", "degree": "Certificate", "parttime_duration": {"value": 98, "unit": "day"}, "density": {"parttime": true, "fulltime": false}, "methods": {"face2face": false, "online": true, "blended": false}, "organisation_id": 16783, "organisation": "edX - online learning platform", "venues": [{"city": "San Francisco", "country": "United States", "area": "California", "display_area": true}], "discipline_title": "Business Information Systems", "discipline_id": 279}, {"id": 264208, "title": "Business Model Innovation", "summary": "EdX is an online learning platform trusted by over 12 million users offering the Business Model Innovation Professional Certificate in collaboration with&nbsp;Delft University of Technology (TU Delft) - DelftX.&nbsp;Improve, grow, and sustain your business.", "level": "short", "degree": "Short Course", "tuition_fee": {"value": 366, "unit": "full", "currency": "EUR"}, "parttime_duration": {"value": 8, "unit": "month"}, "density": {"parttime": true, "fulltime": false}, "methods": {"face2face": false, "online": true, "blended": false}, "organisation_id": 16743, "organisation": "Delft University of Technology (TU Delft) - DelftX", "venues": [{"city": "Delft", "country": "Netherlands", "area": "South Holland", "display_area": false}], "discipline_title": "Business Information Systems", "discipline_id": 279}, {"id": 276899, "title": "Infonomics I - Business Information Economics and Data Monetization", "summary": "This Infonomics I - Business Information Economics and Data Monetization&nbsp;offered by Coursera in partnership with&nbsp;University of Illinois&nbsp;in the two-part Infonomics series provides a non-technical perspective on and methods for understanding and taking advantage of information\u2019s unique economic characteristics.", "level": "short", "degree": "Certificate", "parttime_duration": {"value": 1, "unit": "month"}, "density": {"parttime": true, "fulltime": false}, "methods": {"face2face": false, "online": true, "blended": false}, "organisation_id": 17514, "organisation": "Coursera - University of Illinois", "venues": [{"city": "Mountain View", "country": "United States", "area": "California", "display_area": true}], "discipline_title": "Business Information Systems", "discipline_id": 279}, {"id": 194989, "title": "Six Sigma - Analyse, Improve, Control", "summary": "EdX is an online learning platform trusted by over 12 million users offering the Six Sigma - Analyse, Improve, Control Certificate in collaboration with Technical University of Munich - TUMx.&nbsp;Learn how to statistically analyse process data to determine the root cause for process problems and to implement quality management tools, such as 8D and the 5 Whys.", "level": "short", "degree": "Certificate", "parttime_duration": {"value": 56, "unit": "day"}, "density": {"parttime": true, "fulltime": false}, "methods": {"face2face": false, "online": true, "blended": false}, "organisation_id": 16787, "organisation": "Technical University of Munich - TUMx", "venues": [{"city": "Beijing", "country": "China", "area": "Beijing", "display_area": false}], "discipline_title": "Business Information Systems", "discipline_id": 279}, {"id": 270162, "title": "Business Process Management and IT", "summary": "This Business Process Management and IT&nbsp;course offered by Utrecht Summer School&nbsp;will provide both theoretical background and hands-on experience with business process management (BPM), improvement and innovation. On the one hand it is important for organizations to have grip on their processes, and to continually evaluate and improve their processes in an evolutionary way.", "level": "short", "degree": "Short Course", "tuition_fee": {"value": 850, "unit": "full", "currency": "EUR"}, "fulltime_duration": {"value": 14, "unit": "day"}, "density": {"parttime": false, "fulltime": true}, "methods": {"face2face": true, "online": false, "blended": false}, "organisation_id": 9393, "organisation": "Utrecht Summer School", "venues": [{"city": "Utrecht", "country": "Netherlands", "area": "Utrecht", "display_area": false}], "discipline_title": "Business Information Systems", "discipline_id": 279}, {"id": 43970, "title": "Cisco Networking (CCNA)", "summary": "As a Cisco Networking Academy Support Centre, The Open University UK offers the Cisco Networking (CCNA) version 6 curriculum that provides the foundational knowledge, understanding and skills needed to configure a small scale LAN/WAN using Cisco equipment.", "level": "short", "degree": "Short Course", "density": {"parttime": false, "fulltime": true}, "methods": {"face2face": false, "online": true, "blended": false}, "organisation_id": 1865, "organisation": "The Open University UK", "venues": [{"city": "Milton Keynes", "country": "United Kingdom", "area": "England", "display_area": true}], "discipline_title": "Business Information Systems", "discipline_id": 279}, {"id": 295349, "title": "Business Implications of AI", "summary": "Take the&nbsp;Business Implications of AI&nbsp;course from&nbsp;EIT Digital Master School&nbsp;and learn how to embrace the AI-tool kit! As AI technology is emerging, the key is to grasp how to maximise the trade-off between business impact and resources spent.", "level": "short", "degree": "Certificate", "tuition_fee": {"value": 2900, "unit": "full", "currency": "EUR"}, "density": {"parttime": true, "fulltime": false}, "methods": {"face2face": true, "online": true, "blended": false}, "organisation_id": 20013, "organisation": "EIT Digital Professional School", "venues": [{"city": "Paris", "country": "France", "area": "\u00cele-de-France", "display_area": false}, {"city": "Budapest", "country": "Hungary", "area": "Budapest", "display_area": false}, {"city": "Brussels", "country": "Belgium", "area": "Brussels Capital Region", "display_area": false}], "discipline_title": "Business Information Systems", "discipline_id": 279}, {"id": 269594, "title": "Introduction to Systematic Review and Meta-Analysis", "summary": "This Introduction to Systematic Review and Meta-Analysis offered by Coursera in partnership with John Hopkins University&nbsp;will introduce methods to perform systematic reviews and meta-analysis of clinical trials.", "level": "short", "degree": "Certificate", "parttime_duration": {"value": 2, "unit": "month"}, "density": {"parttime": true, "fulltime": false}, "methods": {"face2face": false, "online": true, "blended": false}, "organisation_id": 17574, "organisation": "Coursera - John Hopkins University", "venues": [{"city": "Mountain View", "country": "United States", "area": "California", "display_area": true}], "discipline_title": "Business Information Systems", "discipline_id": 279}, {"id": 263053, "title": "Six Sigma - Define and Measure", "summary": "EdX is an online learning platform trusted by over 12 million users offering the Six Sigma - Define and Measure Certificate in collaboration with&nbsp;Technical University of Munich - TUMx.&nbsp;An introduction to the Six Sigma methodology and DMAIC cycle for process improvement with a focus on the Define and Measure phases.", "level": "short", "degree": "Certificate", "parttime_duration": {"value": 56, "unit": "day"}, "density": {"parttime": true, "fulltime": false}, "methods": {"face2face": false, "online": true, "blended": false}, "organisation_id": 16787, "organisation": "Technical University of Munich - TUMx", "venues": [{"city": "M\u00fcnchen", "country": "Germany", "area": "Bavaria", "display_area": false}], "discipline_title": "Business Information Systems", "discipline_id": 279}, {"id": 281351, "title": "Infonomics II - Business Information Management and Measurement", "summary": "The Infonomics II - Business Information Management and Measurement offered by Coursera in partnership with&nbsp;University of Illinois will enlighten students on the critical but confounding issues of information ownership, property rights, and sovereignty.", "level": "short", "degree": "Certificate", "parttime_duration": {"value": 1, "unit": "month"}, "density": {"parttime": true, "fulltime": false}, "methods": {"face2face": false, "online": true, "blended": false}, "organisation_id": 17514, "organisation": "Coursera - University of Illinois", "venues": [{"city": "Mountain View", "country": "United States", "area": "California", "display_area": true}], "discipline_title": "Business Information Systems", "discipline_id": 279}, {"id": 223938, "title": "Sage 50 Accounts and Payroll Diploma", "summary": "Give your career a boost with the well-recognised Sage 50 Accounts &amp; Payroll Diploma course from Global Edulink, a leading online learning provider.", "level": "short", "degree": "Certificate", "tuition_fee": {"value": 339, "unit": "year", "currency": "EUR"}, "parttime_duration": {"value": 12, "unit": "month"}, "density": {"parttime": true, "fulltime": false}, "methods": {"face2face": false, "online": true, "blended": false}, "organisation_id": 17907, "organisation": "Global Edulink", "venues": [{"city": "London", "country": "United Kingdom", "area": "England", "display_area": true}], "discipline_title": "Business Information Systems", "discipline_id": 279}, {"id": 270048, "title": "Management Information Systems", "summary": "The&nbsp;Management Information Systems course is offered at&nbsp;Aarhus University.", "level": "short", "degree": "Short Course", "tuition_fee": {"value": 687, "unit": "full", "currency": "EUR"}, "fulltime_duration": {"value": 19, "unit": "day"}, "density": {"parttime": false, "fulltime": true}, "methods": {"face2face": true, "online": false, "blended": false}, "organisation_id": 26, "organisation": "Aarhus University", "venues": [{"city": "Aarhus", "country": "Denmark", "area": "Central Jutland", "display_area": false}], "discipline_title": "Business Information Systems", "discipline_id": 279}, {"id": 260882, "title": "Blockchain Technologies - Business Innovation and Application", "summary": "Blockchain technology has the potential to fundamentally change the way business is conducted, and to transform the foundations of our economic and social systems.", "level": "short", "degree": "Short Course", "tuition_fee": {"value": 3235, "unit": "full", "currency": "EUR"}, "parttime_duration": {"value": 42, "unit": "day"}, "density": {"parttime": true, "fulltime": false}, "methods": {"face2face": false, "online": true, "blended": false}, "organisation_id": 19562, "organisation": "MIT Sloan School of Management", "venues": [{"city": "Cambridge", "country": "United States", "area": "Massachusetts", "display_area": true}], "discipline_title": "Business Information Systems", "discipline_id": 279}, {"id": 292951, "title": "Agile Projects as Dynamic Capability", "summary": "The&nbsp;Agile Projects as Dynamic Capability course from&nbsp;Utrecht Summer School&nbsp;covers the Agile approach to projects from its conceptual foundations to the different methodologies and practical applications.&nbsp;", "level": "short", "degree": "Short Course", "tuition_fee": {"value": 860, "unit": "full", "currency": "EUR"}, "fulltime_duration": {"value": 5, "unit": "day"}, "density": {"parttime": false, "fulltime": true}, "methods": {"face2face": true, "online": false, "blended": false}, "organisation_id": 9393, "organisation": "Utrecht Summer School", "venues": [{"city": "Utrecht", "country": "Netherlands", "area": "Utrecht", "display_area": false}], "discipline_title": "Business Information Systems", "discipline_id": 279}, {"id": 260877, "title": "Artificial Intelligence - Implications for Business Strategy", "summary": "The Artificial Intelligence: Implications for Business Strategy online short course offers an introduction to key technologies, business insights, and case examples, bringing into sharp focus the reality of central AI technologies today and how they can be harnessed to support business needs. This MIT online short course is delivered in collaboration with GetSmarter.&nbsp;&nbsp;", "level": "short", "degree": "Short Course", "tuition_fee": {"value": 2588, "unit": "full", "currency": "EUR"}, "parttime_duration": {"value": 42, "unit": "day"}, "density": {"parttime": true, "fulltime": false}, "methods": {"face2face": false, "online": true, "blended": false}, "organisation_id": 19562, "organisation": "MIT Sloan School of Management", "venues": [{"city": "Cambridge", "country": "United States", "area": "Massachusetts", "display_area": true}], "discipline_title": "Business Information Systems", "discipline_id": 279}]