[{"id": 276844, "title": "GIS Data Acquisition and Map Design", "summary": "This GIS Data Acquisition and Map Design&nbsp;offered by Coursera in partnership with&nbsp;University of Toronto is part of the GIS, Mapping, and Spatial Analysis Specialization.&nbsp;", "level": "short", "degree": "Certificate", "parttime_duration": {"value": 2, "unit": "month"}, "density": {"parttime": true, "fulltime": false}, "methods": {"face2face": false, "online": true, "blended": false}, "organisation_id": 17569, "organisation": "Coursera", "venues": [{"city": "Mountain View", "country": "United States", "area": "California", "display_area": true}], "discipline_title": "Geographical Information Systems (GIS)", "discipline_id": 130}, {"id": 276773, "title": "GIS, Mapping, and Spatial Analysis", "summary": "Launch your career in mapping and GIS!. Learn the concepts, tools, and techniques to make great maps that answer geographic questions&nbsp;with this&nbsp;GIS, Mapping, and Spatial Analysis offered by Coursera in partnership with University of Toronto.", "level": "short", "degree": "Short Course", "parttime_duration": {"value": 5, "unit": "month"}, "density": {"parttime": true, "fulltime": false}, "methods": {"face2face": false, "online": true, "blended": false}, "organisation_id": 17569, "organisation": "Coursera", "venues": [{"city": "Mountain View", "country": "United States", "area": "California", "display_area": true}], "discipline_title": "Geographical Information Systems (GIS)", "discipline_id": 130}, {"id": 283252, "title": "Advanced Geographic Information Systems", "summary": "Florida Atlantic University offers a quality online Advanced Geographic Information Systems education. The online certificate program is designed for both beginners looking to begin a career in GIS and professionals looking to increase their skills, knowledge, and career advancement.", "level": "short", "degree": "Certificate", "tuition_fee": {"value": 665, "unit": "credit", "currency": "EUR"}, "density": {"parttime": true, "fulltime": false}, "methods": {"face2face": false, "online": true, "blended": false}, "organisation_id": 19782, "organisation": "Florida Atlantic University - Online", "venues": [{"city": "Boca Raton", "country": "United States", "area": "Florida", "display_area": true}], "discipline_title": "Geographical Information Systems (GIS)", "discipline_id": 130}, {"id": 276845, "title": "Spatial Analysis and Satellite Imagery in a GIS", "summary": "This Spatial Analysis and Satellite Imagery in a GIS&nbsp;offered by Coursera in partnership with&nbsp;University of Toronto is part of the GIS, Mapping, and Spatial Analysis Specialization.", "level": "short", "degree": "Certificate", "parttime_duration": {"value": 1, "unit": "month"}, "density": {"parttime": true, "fulltime": false}, "methods": {"face2face": false, "online": true, "blended": false}, "organisation_id": 17569, "organisation": "Coursera", "venues": [{"city": "Mountain View", "country": "United States", "area": "California", "display_area": true}], "discipline_title": "Geographical Information Systems (GIS)", "discipline_id": 130}, {"id": 276789, "title": "Introduction to GIS Mapping", "summary": "This Introduction to GIS Mapping&nbsp;offered by Coursera in partnership with&nbsp;University of Toronto is part of the GIS, Mapping, and Spatial Analysis Specialization.", "level": "short", "degree": "Certificate", "parttime_duration": {"value": 2, "unit": "month"}, "density": {"parttime": true, "fulltime": false}, "methods": {"face2face": false, "online": true, "blended": false}, "organisation_id": 17569, "organisation": "Coursera", "venues": [{"city": "Mountain View", "country": "United States", "area": "California", "display_area": true}], "discipline_title": "Geographical Information Systems (GIS)", "discipline_id": 130}, {"id": 292773, "title": "Sense making of GPS Data in a GIS environment", "summary": "This&nbsp;Sense making of GPS Data in a GIS environment course from&nbsp;Utrecht Summer School focuses on analysis of outdoor movements in space and transport network-based distances.&nbsp;", "level": "short", "degree": "Short Course", "tuition_fee": {"value": 300, "unit": "full", "currency": "EUR"}, "fulltime_duration": {"value": 7, "unit": "day"}, "density": {"parttime": false, "fulltime": true}, "methods": {"face2face": true, "online": false, "blended": false}, "organisation_id": 9393, "organisation": "Utrecht Summer School", "venues": [{"city": "Utrecht", "country": "Netherlands", "area": "Utrecht", "display_area": false}], "discipline_title": "Geographical Information Systems (GIS)", "discipline_id": 130}, {"id": 275989, "title": "Geographical Information Systems - Part 1", "summary": "This Geographical Information Systems - Part 1 offered by Coursera in partnership with \u00c9cole Polytechnique F\u00e9d\u00e9rale de Lausanne is organized into two parts presenting the theoretical and practical foundations of geographic information systems (GIS).", "level": "short", "degree": "Certificate", "parttime_duration": {"value": 2, "unit": "month"}, "density": {"parttime": true, "fulltime": false}, "methods": {"face2face": false, "online": true, "blended": false}, "organisation_id": 17569, "organisation": "Coursera", "venues": [{"city": "Mountain View", "country": "United States", "area": "California", "display_area": true}], "discipline_title": "Geographical Information Systems (GIS)", "discipline_id": 130}, {"id": 276842, "title": "GIS, Mapping, and Spatial Analysis Capstone", "summary": "This GIS, Mapping, and Spatial Analysis Capstone&nbsp;offered by Coursera in partnership with&nbsp;University of Toronto is part of the GIS, Mapping, and Spatial Analysis Specialization", "level": "short", "degree": "Certificate", "parttime_duration": {"value": 2, "unit": "month"}, "density": {"parttime": true, "fulltime": false}, "methods": {"face2face": false, "online": true, "blended": false}, "organisation_id": 17569, "organisation": "Coursera", "venues": [{"city": "Mountain View", "country": "United States", "area": "California", "display_area": true}], "discipline_title": "Geographical Information Systems (GIS)", "discipline_id": 130}, {"id": 269516, "title": "Geographic Information Systems (GIS)", "summary": "Map Your World With GIS. Explore the tools, concepts, and terminology of spatial analysis and modeling with this Geographic Information Systems (GIS) offered by Coursera in partnership with UC Davis.", "level": "short", "degree": "Short Course", "parttime_duration": {"value": 6, "unit": "month"}, "density": {"parttime": true, "fulltime": false}, "methods": {"face2face": false, "online": true, "blended": false}, "organisation_id": 17569, "organisation": "Coursera", "venues": [{"city": "Mountain View", "country": "United States", "area": "California", "display_area": true}], "discipline_title": "Geographical Information Systems (GIS)", "discipline_id": 130}, {"id": 271749, "title": "Switchyard Facility Planning, GIS SWGR", "summary": "This Switchyard Facility Planning, GIS SWGR course at IDC Technologies&nbsp;is aimed at engineers who are already working as electrical system designers as well as those who belong to any of the fields listed below and wish to prepare themselves for moving into the role of a substation designer.", "level": "short", "degree": "Certificate", "tuition_fee": {"value": 91, "unit": "full", "currency": "EUR"}, "parttime_duration": {"value": 1, "unit": "day"}, "density": {"parttime": true, "fulltime": false}, "methods": {"face2face": false, "online": true, "blended": false}, "organisation_id": 14765, "organisation": "IDC Technologies", "venues": [{"city": "Perth", "country": "Australia", "area": "Western Australia", "display_area": true}], "discipline_title": "Geographical Information Systems (GIS)", "discipline_id": 130}, {"id": 55779, "title": "Introducing Mapping, Spatial Data and GIS", "summary": "Investigate the power of maps and spatial data to document and illustrate local and global issues. Learn how to use Geographic Information Systems (GIS) to explore the world around you and share ideas. Apply GIS principles and tools to create your own maps from freely-available online spatial data.", "level": "short", "degree": "Short Course", "tuition_fee": {"value": 317, "unit": "full", "currency": "EUR"}, "parttime_duration": {"value": 3, "unit": "month"}, "density": {"parttime": true, "fulltime": false}, "methods": {"face2face": false, "online": true, "blended": false}, "organisation_id": 35, "organisation": "University of Oxford", "venues": [{"city": "Oxford", "country": "United Kingdom", "area": "England", "display_area": true}], "discipline_title": "Geographical Information Systems (GIS)", "discipline_id": 130}, {"id": 253044, "title": "Integrated Reservoir Modelling", "summary": "This hands-on Integrated Reservoir Modelling course at&nbsp;Universiti Teknologi PETRONAS&nbsp;provides participants with an overview of the integrated reservoir modeling process, tools and tasks.", "level": "short", "degree": "Short Course", "tuition_fee": {"value": 496, "unit": "full", "currency": "EUR"}, "fulltime_duration": {"value": 2, "unit": "day"}, "density": {"parttime": false, "fulltime": true}, "methods": {"face2face": true, "online": false, "blended": false}, "organisation_id": 19517, "organisation": "Centre for Advanced and Professional Education (CAPE)", "venues": [{"city": "Ipoh", "country": "Malaysia", "area": "Perak", "display_area": false}], "discipline_title": "Geographical Information Systems (GIS)", "discipline_id": 130}, {"id": 293459, "title": "Geographic Information Sciences", "summary": "The Geographic Information Sciences certificate at&nbsp;South Dakota State University&nbsp;&nbsp;academically trains you to meet the challenges of today\u2019s society by utilizing your knowledge of geography and various technologies to help solve geographical problems.&nbsp;", "level": "short", "degree": "Certificate", "parttime_duration": {"value": 12, "unit": "month"}, "density": {"parttime": true, "fulltime": false}, "methods": {"face2face": false, "online": true, "blended": false}, "organisation_id": 11701, "organisation": "South Dakota State University", "venues": [{"city": "Brookings", "country": "United States", "area": "South Dakota", "display_area": true}], "discipline_title": "Geographical Information Systems (GIS)", "discipline_id": 130}, {"id": 45552, "title": "Geographic Information Systems", "summary": "Geographic Information Systems (GIS) is an evolving technology that has changed greatly in the last decade and is affecting many disciplines. This certificate from Ferris State University has been designed to provide fundamental knowledge and skills needed to implement GIS in your business or organization.", "level": "short", "degree": "Certificate", "density": {"parttime": true, "fulltime": false}, "methods": {"face2face": false, "online": true, "blended": false}, "organisation_id": 10809, "organisation": "Ferris State University", "venues": [{"city": "Big Rapids", "country": "United States", "area": "Michigan", "display_area": true}], "discipline_title": "Geographical Information Systems (GIS)", "discipline_id": 130}, {"id": 286384, "title": "UNIGIS professional", "summary": "UNIGIS professional is a 1-year Certificate program for GIS. It provides application-oriented knowledge of Geoinformatics to develop  innovative solutions based on relevant concepts and methods.Find more information at: https://unigis.at/en", "level": "short", "degree": "Certificate", "tuition_fee": {"value": 5400, "unit": "year", "currency": "EUR"}, "parttime_duration": {"value": 12, "unit": "month"}, "density": {"parttime": true, "fulltime": false}, "methods": {"face2face": false, "online": true, "blended": false}, "organisation_id": 405, "organisation": "University of Salzburg", "venues": [{"city": "Salzburg", "country": "Austria", "area": "Salzburg", "display_area": false}], "discipline_title": "Geographical Information Systems (GIS)", "discipline_id": 130}, {"id": 21472, "title": "Applied Groundwater Modelling", "summary": "The\u00a0Applied Groundwater Modelling\u00a0short course from\u00a0IHE Delft Institute for Water Education\u00a0is designed to provide participants with principles and procedures of groundwater modelling and the use of computer models for groundwater resources management and protection.", "level": "short", "degree": "Short Course", "tuition_fee": {"value": 2850, "unit": "full", "currency": "EUR"}, "fulltime_duration": {"value": 18, "unit": "day"}, "density": {"parttime": false, "fulltime": true}, "methods": {"face2face": true, "online": false, "blended": false}, "organisation_id": 1162, "organisation": "IHE Delft Institute for Water Education", "venues": [{"city": "Delft", "country": "Netherlands", "area": "South Holland", "display_area": false}], "discipline_title": "Geographical Information Systems (GIS)", "discipline_id": 130}, {"id": 268946, "title": "Introduction to GIS for Human and Behavioral Scientists", "summary": "The Introduction to GIS for Human and Behavioral Scientists course at&nbsp;Utrecht Summer School is to provide students, that have a background in social, human or behavioral sciences, with an introduction to GIS (Geographic Information Systems).", "level": "short", "degree": "Short Course", "tuition_fee": {"value": 300, "unit": "full", "currency": "EUR"}, "fulltime_duration": {"value": 5, "unit": "day"}, "density": {"parttime": false, "fulltime": true}, "methods": {"face2face": true, "online": false, "blended": false}, "organisation_id": 9393, "organisation": "Utrecht Summer School", "venues": [{"city": "Utrecht", "country": "Netherlands", "area": "Utrecht", "display_area": false}], "discipline_title": "Geographical Information Systems (GIS)", "discipline_id": 130}, {"id": 151042, "title": "Post-Baccalaureate in Geographic Information Systems", "summary": "The Department of Geosciences at the University of West Georgia offers a 15-19 hour course of study leading to a Post-Baccalaureate in Geographic Information Systems program. The GIS Certificate is designed to meet the needs of students and community.", "level": "short", "degree": "Certificate", "tuition_fee": {"value": 579, "unit": "credit", "currency": "EUR"}, "parttime_duration": {"value": 12, "unit": "month"}, "density": {"parttime": true, "fulltime": false}, "methods": {"face2face": false, "online": true, "blended": false}, "organisation_id": 15042, "organisation": "University of West Georgia", "venues": [{"city": "Carrollton", "country": "United States", "area": "Georgia", "display_area": true}], "discipline_title": "Geographical Information Systems (GIS)", "discipline_id": 130}, {"id": 21450, "title": "GIS and Remote Sensing Applications for the Water Sector", "summary": "The aim of the GIS and Remote Sensing Applications for the Water Sector short course from IHE Delft Institute for Water Education is to provide both a solid theoretical understanding and a comprehensive practical introduction to the use of geographic information systems and remote sensing technologies for the analysis and solution of different water and environmental problems.", "level": "short", "degree": "Short Course", "tuition_fee": {"value": 1900, "unit": "full", "currency": "EUR"}, "fulltime_duration": {"value": 12, "unit": "day"}, "density": {"parttime": false, "fulltime": true}, "methods": {"face2face": true, "online": false, "blended": false}, "organisation_id": 1162, "organisation": "IHE Delft Institute for Water Education", "venues": [{"city": "Delft", "country": "Netherlands", "area": "South Holland", "display_area": false}], "discipline_title": "Geographical Information Systems (GIS)", "discipline_id": 130}]