[{"id": 216898, "title": "Computer Science", "summary": "The&nbsp;Computer Science program at the University of Findlay prepares you&nbsp;for technological careers needed in today\u2019s corporations. University of Findlay Computer Science students learn object-oriented programming languages, client/server applications development and data communication to stay on the cutting edge of this ever growing and changing field.", "level": "bachelor", "degree": "B.Sc.", "tuition_fee": {"value": 42155, "unit": "year", "currency": "EUR"}, "fulltime_duration": {"value": 48, "unit": "month"}, "density": {"parttime": false, "fulltime": true}, "methods": {"face2face": true, "online": false, "blended": false}, "organisation_id": 17753, "organisation": "University of Findlay", "venues": [{"city": "Findlay", "country": "United States", "area": "Ohio", "display_area": true}], "discipline_title": "Software Engineering", "discipline_id": 329}, {"id": 170670, "title": "Computer Science", "summary": "A bachelor\u2019s degree in Computer Science from University of Wisconsin Oshkosh empowers students to expertly design and implement computational solutions that tackle today\u2019s most challenging social, scientific, economic and business issues.", "level": "bachelor", "degree": "Bachelor", "tuition_fee": {"value": 14045, "unit": "year", "currency": "EUR"}, "fulltime_duration": {"value": 48, "unit": "month"}, "density": {"parttime": false, "fulltime": true}, "methods": {"face2face": true, "online": false, "blended": false}, "organisation_id": 16540, "organisation": "University of Wisconsin Oshkosh", "venues": [{"city": "Oshkosh", "country": "United States", "area": "Wisconsin", "display_area": true}], "discipline_title": "Software Engineering", "discipline_id": 329}, {"id": 106846, "title": "Computer Science", "summary": "The goal of the Department of Computer Science is to prepare students for an intriguing and satisfying career in computer science in industry, research, or academia. The huge number of technical jobs and the continuing shortage of people to fill them mean that opportunities are great for today's computer science graduates when seeking career options or to continue on to graduate school.", "level": "bachelor", "degree": "B.Sc.", "tuition_fee": {"value": 54818, "unit": "year", "currency": "EUR"}, "fulltime_duration": {"value": 48, "unit": "month"}, "density": {"parttime": false, "fulltime": true}, "methods": {"face2face": true, "online": false, "blended": false}, "organisation_id": 11777, "organisation": "University of Colorado at Boulder", "venues": [{"city": "Boulder", "country": "United States", "area": "Colorado", "display_area": true}], "discipline_title": "Software Engineering", "discipline_id": 329}, {"id": 225411, "title": "Computer Science - Media Arts", "summary": "The Computer Science - Media Arts double degree from&nbsp;University of New South Wales provides both a technical and creative foundation to the development and use of computer graphics.&nbsp;", "level": "bachelor", "degree": "B.Sc.", "tuition_fee": {"value": 28761, "unit": "year", "currency": "EUR"}, "fulltime_duration": {"value": 48, "unit": "month"}, "density": {"parttime": false, "fulltime": true}, "methods": {"face2face": true, "online": false, "blended": false}, "organisation_id": 12000, "organisation": "University of New South Wales", "venues": [{"city": "Kensington", "country": "Australia", "area": "New South Wales", "display_area": true}], "discipline_title": "Software Engineering", "discipline_id": 329}, {"id": 103119, "title": "Computer Systems Engineering (Hons)", "summary": "Computer Systems Engineering (Hons)&nbsp;&nbsp;degree offered at University of Bedfordshire&nbsp;offers you the chance to acquire valuable expertise and establish yourself in a highly rewarding career.", "level": "bachelor", "degree": "B.Eng.", "tuition_fee": {"value": 10465, "unit": "year", "currency": "EUR"}, "fulltime_duration": {"value": 36, "unit": "month"}, "density": {"parttime": false, "fulltime": true}, "methods": {"face2face": true, "online": false, "blended": false}, "organisation_id": 248, "organisation": "University of Bedfordshire", "venues": [{"city": "Milton Keynes", "country": "United Kingdom", "area": "England", "display_area": true}], "discipline_title": "Software Engineering", "discipline_id": 329}, {"id": 92977, "title": "Software Engineering", "summary": "Software Engineering at BIT is in the forefront of  national software programs and is a key program in the Ministry of Industry and Information Technology.The program, with software engineering as the key subject, includes software system development and software engineering management.", "level": "bachelor", "degree": "Bachelor", "tuition_fee": {"value": 4399, "unit": "year", "currency": "EUR"}, "fulltime_duration": {"value": 48, "unit": "month"}, "density": {"parttime": false, "fulltime": true}, "methods": {"face2face": true, "online": false, "blended": false}, "organisation_id": 13452, "organisation": "Beijing Institute of Technology", "venues": [{"city": "Beijing", "country": "China", "area": "Beijing", "display_area": false}], "discipline_title": "Software Engineering", "discipline_id": 329}, {"id": 255075, "title": "Digital And Technology Solutions - Software Engineering (Hons) (Degree Apprenticeship Route)", "summary": "The Digital And Technology Solutions - Software Engineering (Hons) (Degree Apprenticeship Route) degree offered by the&nbsp;University of Bolton allows you to invest in your workforce by combining university education, work-based learning and ongoing professional development.", "level": "bachelor", "degree": "B.Sc.", "fulltime_duration": {"value": 36, "unit": "month"}, "density": {"parttime": false, "fulltime": true}, "methods": {"face2face": true, "online": false, "blended": false}, "organisation_id": 16205, "organisation": "University of Bolton", "venues": [{"city": "Bolton", "country": "United Kingdom", "area": "England", "display_area": true}], "discipline_title": "Software Engineering", "discipline_id": 329}, {"id": 184873, "title": "Software Engineering", "summary": "Software engineering applies engineering concepts, techniques and methods to the development of software systems. The software engineering program develops engineering professionals with a mastery of software development theory, practice and process.", "level": "bachelor", "degree": "B.Sc.", "tuition_fee": {"value": 34861, "unit": "year", "currency": "EUR"}, "fulltime_duration": {"value": 48, "unit": "month"}, "density": {"parttime": false, "fulltime": true}, "methods": {"face2face": true, "online": false, "blended": false}, "organisation_id": 17028, "organisation": "Milwaukee School of Engineering", "venues": [{"city": "Milwaukee", "country": "United States", "area": "Wisconsin", "display_area": true}], "discipline_title": "Software Engineering", "discipline_id": 329}, {"id": 243208, "title": "Computer Science Technology", "summary": "The Computer Science Technology curriculum is designed for those students who are interested in careers in Computer Science. This program is flexible so that students may orient the major emphasis towards software aspect of computer science or to be the hardware realm of computer science.&nbsp;", "level": "bachelor", "degree": "B.Sc.", "fulltime_duration": {"value": 48, "unit": "month"}, "density": {"parttime": false, "fulltime": true}, "methods": {"face2face": true, "online": false, "blended": false}, "organisation_id": 18556, "organisation": "Savannah State University", "venues": [{"city": "Savannah", "country": "United States", "area": "Georgia", "display_area": true}], "discipline_title": "Software Engineering", "discipline_id": 329}, {"id": 47483, "title": "Game Design", "summary": "Do you like playing games and are you particularly curious about what it takes to make a game work, its looks, its mechanics, and its internal technical system? Then this programme may be something for you. This four year international major in Game Design from&nbsp;Hanze University of Applied Sciences, Groningen&nbsp;prepares you for becoming a designer in applied games and developer in gametools.", "level": "bachelor", "degree": "B.Sc.", "tuition_fee": {"value": 2083, "unit": "year", "currency": "EUR"}, "fulltime_duration": {"value": 48, "unit": "month"}, "density": {"parttime": false, "fulltime": true}, "methods": {"face2face": true, "online": false, "blended": false}, "organisation_id": 101, "organisation": "Hanze University of Applied Sciences, Groningen", "venues": [{"city": "Groningen", "country": "Netherlands", "area": "Province of Groningen", "display_area": false}], "discipline_title": "Software Engineering", "discipline_id": 329}, {"id": 202871, "title": "Computer Science", "summary": "One of our students writes this: With Computer Science, I know I can develop a foundation for anything related to technology, and with that, it will further allow me to aid in societal development as we grow toward a reliance on technology in our everyday lives. I can create applications to assist citizens in our everyday tasks.", "level": "bachelor", "degree": "B.Sc.", "tuition_fee": {"value": 33273, "unit": "year", "currency": "EUR"}, "fulltime_duration": {"value": 48, "unit": "month"}, "density": {"parttime": false, "fulltime": true}, "methods": {"face2face": true, "online": false, "blended": false}, "organisation_id": 17396, "organisation": "Hawai'i Pacific University", "venues": [{"city": "Honolulu", "country": "United States", "area": "Hawaii", "display_area": true}], "discipline_title": "Software Engineering", "discipline_id": 329}, {"id": 184863, "title": "Computer Engineering", "summary": "Computer engineers are at the forefront of technological innovation. MSOE\u2019s B.S. in computer engineering program balances hardware and software, building on the disciplines of electrical engineering and computer science.&nbsp;", "level": "bachelor", "degree": "B.Sc.", "tuition_fee": {"value": 38652, "unit": "year", "currency": "EUR"}, "fulltime_duration": {"value": 48, "unit": "month"}, "density": {"parttime": false, "fulltime": true}, "methods": {"face2face": true, "online": false, "blended": false}, "organisation_id": 17028, "organisation": "Milwaukee School of Engineering", "venues": [{"city": "Milwaukee", "country": "United States", "area": "Wisconsin", "display_area": true}], "discipline_title": "Software Engineering", "discipline_id": 329}, {"id": 222492, "title": "Computer Science and Game Design", "summary": "DigiPen's\u00a0BS in Computer Science and Game Design program prepares students to be hybrid engineer/designers who have strong programming and mathematics skills, combined with formal training in game design. Graduates will be skilled in gameplay programming, user interface programming, and artificial intelligence programming, and will be well-versed in game design theory and play-testing.", "level": "bachelor", "degree": "B.Sc.", "tuition_fee": {"value": 17112, "unit": "year", "currency": "EUR"}, "fulltime_duration": {"value": 48, "unit": "month"}, "density": {"parttime": false, "fulltime": true}, "methods": {"face2face": true, "online": false, "blended": false}, "organisation_id": 17943, "organisation": "DigiPen Institute of Technology", "venues": [{"city": "Redmond", "country": "United States", "area": "Washington", "display_area": true}], "discipline_title": "Software Engineering", "discipline_id": 329}, {"id": 135645, "title": "Computer Science - Media Arts", "summary": "The Computer Science - Media Arts double degree from&nbsp;University of New South Wales provides both a technical and creative foundation to the development and use of computer graphics.&nbsp;", "level": "bachelor", "degree": "B.Sc.", "tuition_fee": {"value": 28761, "unit": "year", "currency": "EUR"}, "fulltime_duration": {"value": 48, "unit": "month"}, "density": {"parttime": false, "fulltime": true}, "methods": {"face2face": true, "online": false, "blended": false}, "organisation_id": 12000, "organisation": "University of New South Wales", "venues": [{"city": "Kensington", "country": "Australia", "area": "New South Wales", "display_area": true}], "discipline_title": "Software Engineering", "discipline_id": 329}, {"id": 254684, "title": "Computer Science with Integrated Foundation Year (Hons)", "summary": "This Computer Science with Integrated Foundation Year (Hons) course at the University of Sunderland is a four-year version of our popular Computer Science (Hons)&nbsp;course, with an integrated foundation year. Study the fundamentals of computer science and systems administration. Design and develop for web, multimedia and mobile platforms.&nbsp;", "level": "bachelor", "degree": "B.Sc.", "tuition_fee": {"value": 10465, "unit": "year", "currency": "EUR"}, "fulltime_duration": {"value": 48, "unit": "month"}, "density": {"parttime": false, "fulltime": true}, "methods": {"face2face": true, "online": false, "blended": false}, "organisation_id": 551, "organisation": "University of Sunderland", "venues": [{"city": "Sunderland", "country": "United Kingdom", "area": "England", "display_area": true}], "discipline_title": "Software Engineering", "discipline_id": 329}, {"id": 180373, "title": "Computer Science", "summary": "A computer science degree can be broadly applied to any industry. From software development to artificial intelligence and beyond, the possibilities are endless. Students also learn how technology may be used for the common good in areas like earthquake forecasting.", "level": "bachelor", "degree": "B.Sc.", "tuition_fee": {"value": 365, "unit": "credit", "currency": "EUR"}, "fulltime_duration": {"value": 48, "unit": "month"}, "density": {"parttime": false, "fulltime": true}, "methods": {"face2face": true, "online": false, "blended": false}, "organisation_id": 16940, "organisation": "Eastern Nazarene College", "venues": [{"city": "Quincy", "country": "United States", "area": "Massachusetts", "display_area": true}], "discipline_title": "Software Engineering", "discipline_id": 329}, {"id": 213145, "title": "Computer Engineering", "summary": "Computer engineers design, develop, analyze, research, and manufacture hardware, software, and systems that process, store, and convey digital information. These systems include personal computers, workstations, mainframe computers, and embedded digital systems. This bachelor degree in Computer Engineering is offered by the University of Wisconsin Madison.&nbsp;", "level": "bachelor", "degree": "B.Sc.", "tuition_fee": {"value": 34922, "unit": "year", "currency": "EUR"}, "fulltime_duration": {"value": 48, "unit": "month"}, "density": {"parttime": false, "fulltime": true}, "methods": {"face2face": true, "online": false, "blended": false}, "organisation_id": 11728, "organisation": "University of Wisconsin Madison", "venues": [{"city": "Madison", "country": "United States", "area": "Wisconsin", "display_area": true}], "discipline_title": "Software Engineering", "discipline_id": 329}, {"id": 99662, "title": "Computer Engineering", "summary": "The Bachelor of Science degree in Computer Engineering gives the students the opportunity to acquire broad engineering skills and knowledge to enable them to design and implement computer and digital systems.", "level": "bachelor", "degree": "B.Sc.", "tuition_fee": {"value": 22424, "unit": "year", "currency": "EUR"}, "fulltime_duration": {"value": 48, "unit": "month"}, "density": {"parttime": false, "fulltime": true}, "methods": {"face2face": true, "online": false, "blended": false}, "organisation_id": 13122, "organisation": "The University of Texas at San Antonio", "venues": [{"city": "Helotes", "country": "United States", "area": "Texas", "display_area": true}], "discipline_title": "Software Engineering", "discipline_id": 329}, {"id": 210197, "title": "Computer Science", "summary": "Computer Science at&nbsp;Marymount University prepares students to design and build software products or complex, secure networks.", "level": "bachelor", "degree": "B.Sc.", "tuition_fee": {"value": 30685, "unit": "year", "currency": "EUR"}, "fulltime_duration": {"value": 48, "unit": "month"}, "density": {"parttime": false, "fulltime": true}, "methods": {"face2face": true, "online": false, "blended": false}, "organisation_id": 17550, "organisation": "Marymount University", "venues": [{"city": "Arlington", "country": "United States", "area": "Texas", "display_area": true}], "discipline_title": "Software Engineering", "discipline_id": 329}, {"id": 199754, "title": "Computer Engineering", "summary": "The Computer Engineering (CpE) major at the Union College provides a solid core of technical knowledge within a liberal arts education. This balanced program integrates computer science and electrical engineering.", "level": "bachelor", "degree": "B.Sc.", "tuition_fee": {"value": 52546, "unit": "year", "currency": "EUR"}, "fulltime_duration": {"value": 48, "unit": "month"}, "density": {"parttime": false, "fulltime": true}, "methods": {"face2face": true, "online": false, "blended": false}, "organisation_id": 17341, "organisation": "Union College", "venues": [{"city": "New York City", "country": "United States", "area": "New York", "display_area": true}], "discipline_title": "Software Engineering", "discipline_id": 329}, {"id": 181951, "title": "Computer Science", "summary": "The world has come to depend on rapid rates of digital progression, and computer scientists are in great demand. The&nbsp;Computer Science program is offered by&nbsp;Sewanee The University Of The South.", "level": "bachelor", "degree": "Bachelor", "tuition_fee": {"value": 53606, "unit": "year", "currency": "EUR"}, "fulltime_duration": {"value": 48, "unit": "month"}, "density": {"parttime": false, "fulltime": true}, "methods": {"face2face": true, "online": false, "blended": false}, "organisation_id": 16998, "organisation": "Sewanee The University Of The South", "venues": [{"city": "Winchester", "country": "United States", "area": "Tennessee", "display_area": true}], "discipline_title": "Software Engineering", "discipline_id": 329}, {"id": 89141, "title": "Software engineering (Honours)", "summary": "The&nbsp;Software engineering (Honours) program at Monash University&nbsp;is designed to address industry demand for tech-savvy graduates with large-scale software systems project capability. Why not join this young and exciting field of engineering, which is constantly evolving as new technologies emerge?", "level": "bachelor", "degree": "B.Eng.", "tuition_fee": {"value": 27454, "unit": "year", "currency": "EUR"}, "fulltime_duration": {"value": 48, "unit": "month"}, "parttime_duration": {"value": 96, "unit": "month"}, "density": {"parttime": true, "fulltime": true}, "methods": {"face2face": true, "online": false, "blended": false}, "organisation_id": 1618, "organisation": "Monash University", "venues": [{"city": "Caulfield North", "country": "Australia", "area": "Victoria", "display_area": true}], "discipline_title": "Software Engineering", "discipline_id": 329}, {"id": 160177, "title": "Computing (Virtual Reality and Industrial Simulation) (Hons)", "summary": "This Computing (Virtual Reality and Industrial Simulation) (Hons) programme from&nbsp;University of Northampton teaches you the power of virtual reality and industrial simulation in Computing, with a focus on 2D formats and development for use within a variety of platforms. Our specialist course covers the fundamental principles that are important to computing technology and meeting future demands.", "level": "bachelor", "degree": "B.Sc.", "tuition_fee": {"value": 10465, "unit": "year", "currency": "EUR"}, "fulltime_duration": {"value": 36, "unit": "month"}, "parttime_duration": {"value": 48, "unit": "month"}, "density": {"parttime": true, "fulltime": true}, "methods": {"face2face": true, "online": false, "blended": false}, "organisation_id": 434, "organisation": "University of Northampton", "venues": [{"city": "Northampton", "country": "United Kingdom", "area": "England", "display_area": true}], "discipline_title": "Software Engineering", "discipline_id": 329}, {"id": 204493, "title": "Computer Science - Web Development and Implementation", "summary": "The Bachelor of Science degree in Computer Science - Web Development and Implementation at&nbsp;Edinboro University is designed to prepare individuals to meet challenges in the rapidly growing and changing field of computer science.", "level": "bachelor", "degree": "B.Sc.", "tuition_fee": {"value": 12124, "unit": "year", "currency": "EUR"}, "fulltime_duration": {"value": 48, "unit": "month"}, "density": {"parttime": false, "fulltime": true}, "methods": {"face2face": true, "online": false, "blended": false}, "organisation_id": 17421, "organisation": "Edinboro University", "venues": [{"city": "Edinboro", "country": "United States", "area": "Pennsylvania", "display_area": true}], "discipline_title": "Software Engineering", "discipline_id": 329}, {"id": 177055, "title": "Computer Science", "summary": "Computation lies at the heart of many aspects of modern society. The Dickinson College Computer Science curriculum emphasizes the profound ideas and techniques that enable computers to solve problems, transcending any one application or technology.", "level": "bachelor", "degree": "B.Sc.", "tuition_fee": {"value": 51709, "unit": "year", "currency": "EUR"}, "fulltime_duration": {"value": 48, "unit": "month"}, "density": {"parttime": false, "fulltime": true}, "methods": {"face2face": true, "online": false, "blended": false}, "organisation_id": 16808, "organisation": "Dickinson College", "venues": [{"city": "Carlisle", "country": "United States", "area": "Pennsylvania", "display_area": true}], "discipline_title": "Software Engineering", "discipline_id": 329}, {"id": 99586, "title": "Game Studies", "summary": "Whether you want to contribute to blockbuster AAA titles, study virtual reality, or use gaming to help with medical therapies, Purdue University\u2019s game development and design major has a place for you. Purdue has been a leader in preparing students for careers in the games and animation industries. Alumni have worked for EA Games, Riot Games, and more.", "level": "bachelor", "degree": "B.Sc.", "tuition_fee": {"value": 28461, "unit": "year", "currency": "EUR"}, "fulltime_duration": {"value": 48, "unit": "month"}, "density": {"parttime": false, "fulltime": true}, "methods": {"face2face": true, "online": false, "blended": false}, "organisation_id": 11503, "organisation": "Purdue University", "venues": [{"city": "West Lafayette", "country": "United States", "area": "Indiana", "display_area": true}], "discipline_title": "Software Engineering", "discipline_id": 329}, {"id": 45280, "title": "Computer Science Professional Experience", "summary": "A degree in Computer Science Professional Experience at Queen's University Belfast teaches you practical skills about how to approach the specification, design, construction and use of computer systems, but it also equips you with the information and understanding to tackle emerging problems and opportunities in the world.", "level": "bachelor", "degree": "B.Sc.", "tuition_fee": {"value": 4972, "unit": "year", "currency": "EUR"}, "fulltime_duration": {"value": 48, "unit": "month"}, "density": {"parttime": false, "fulltime": true}, "methods": {"face2face": true, "online": false, "blended": false}, "organisation_id": 513, "organisation": "Queen's University Belfast", "venues": [{"city": "Belfast", "country": "United Kingdom", "area": "N Ireland", "display_area": true}], "discipline_title": "Software Engineering", "discipline_id": 329}, {"id": 98922, "title": "Computer Science", "summary": "The Computer Science major at&nbsp;University of North Carolina Greensboro&nbsp; provides undergraduates with a thorough background in the science of computing, with courses designed to teach the foundations of computing so that students are prepared for evolving technology. The program has more than 500 students and faculty members who actively research.", "level": "bachelor", "degree": "B.Sc.", "tuition_fee": {"value": 20853, "unit": "year", "currency": "EUR"}, "fulltime_duration": {"value": 48, "unit": "month"}, "density": {"parttime": false, "fulltime": true}, "methods": {"face2face": true, "online": false, "blended": false}, "organisation_id": 13596, "organisation": "University of North Carolina Greensboro", "venues": [{"city": "Greensboro", "country": "United States", "area": "North Carolina", "display_area": true}], "discipline_title": "Software Engineering", "discipline_id": 329}, {"id": 144377, "title": "Computer Science with High-Performance Graphics and Games Engineering", "summary": "By studying this Computer Science with High-Performance Graphics and Games Engineering&nbsp;course at&nbsp;University of Leeds&nbsp;you\u2019ll be well placed to join one of the most performance-driven applications of computer science \u2013 the multi-billion pound global games industry.&nbsp;", "level": "bachelor", "degree": "B.Sc.", "fulltime_duration": {"value": 48, "unit": "month"}, "density": {"parttime": false, "fulltime": true}, "methods": {"face2face": true, "online": false, "blended": false}, "organisation_id": 151, "organisation": "University of Leeds", "venues": [{"city": "Leeds", "country": "United Kingdom", "area": "England", "display_area": true}], "discipline_title": "Software Engineering", "discipline_id": 329}, {"id": 41123, "title": "Computer Science with Industrial Placement (Software Engineering) (Honours)", "summary": "This&nbsp;Computer Science with Industrial Placement (Software Engineering) (Honours) degree from Newcastle University in software engineering includes an industrial placement, equipping you with practical work experience and boosting your CV.", "level": "bachelor", "degree": "B.Sc.", "tuition_fee": {"value": 10465, "unit": "year", "currency": "EUR"}, "fulltime_duration": {"value": 48, "unit": "month"}, "density": {"parttime": false, "fulltime": true}, "methods": {"face2face": true, "online": false, "blended": false}, "organisation_id": 179, "organisation": "Newcastle University", "venues": [{"city": "Newcastle upon Tyne", "country": "United Kingdom", "area": "England", "display_area": true}], "discipline_title": "Software Engineering", "discipline_id": 329}, {"id": 109816, "title": "Software Engineering", "summary": "This Software Engineering major at&nbsp;Pennsylvania State University provides students with a strong foundation in software engineering through combination of classroom study, software development experience, and design projects. Design, analysis, verification, and maintenance of software systems are stressed.", "level": "bachelor", "degree": "B.Sc.", "tuition_fee": {"value": 32217, "unit": "year", "currency": "EUR"}, "fulltime_duration": {"value": 48, "unit": "month"}, "density": {"parttime": false, "fulltime": true}, "methods": {"face2face": true, "online": false, "blended": false}, "organisation_id": 11761, "organisation": "Pennsylvania State University", "venues": [{"city": "University Park", "country": "United States", "area": "Pennsylvania", "display_area": true}], "discipline_title": "Software Engineering", "discipline_id": 329}, {"id": 124587, "title": "Computer Science", "summary": "Computer Science is a growing field with a high demand for capable individuals who possess skills in programming, development of software systems, computing, and the flexibility to adapt as technology changes.&nbsp;&nbsp;", "level": "bachelor", "degree": "B.Sc.", "tuition_fee": {"value": 18749, "unit": "year", "currency": "EUR"}, "fulltime_duration": {"value": 48, "unit": "month"}, "density": {"parttime": false, "fulltime": true}, "methods": {"face2face": true, "online": false, "blended": false}, "organisation_id": 14136, "organisation": "Purdue University Fort Wayne", "venues": [{"city": "Fort Wayne", "country": "United States", "area": "Indiana", "display_area": true}], "discipline_title": "Software Engineering", "discipline_id": 329}, {"id": 258189, "title": "Computer Science, Web and Mobile Applications Concentration", "summary": "This concentration is designed to best prepare students to match the diverse requirements of employers.&nbsp; It also prepares students to pursue graduate studies in computing and other related areas.", "level": "bachelor", "degree": "B.Sc.", "tuition_fee": {"value": 9453, "unit": "year", "currency": "EUR"}, "density": {"parttime": false, "fulltime": true}, "methods": {"face2face": true, "online": false, "blended": false}, "organisation_id": 12106, "organisation": "University of North Carolina Charlotte", "venues": [{"city": "Charlotte", "country": "United States", "area": "North Carolina", "display_area": true}], "discipline_title": "Software Engineering", "discipline_id": 329}, {"id": 93652, "title": "Computer Science", "summary": "The Bachelor of Science degree in Computer Science from the Kent State University is intended to teach students how to understand, design and build complex computer software systems. Foundational coursework and materials explain the theories and practices of programming and designing software.&nbsp;", "level": "bachelor", "degree": "B.Sc.", "tuition_fee": {"value": 18491, "unit": "year", "currency": "EUR"}, "fulltime_duration": {"value": 48, "unit": "month"}, "density": {"parttime": false, "fulltime": true}, "methods": {"face2face": true, "online": false, "blended": false}, "organisation_id": 11520, "organisation": "Kent State University", "venues": [{"city": "Kent", "country": "United States", "area": "Ohio", "display_area": true}], "discipline_title": "Software Engineering", "discipline_id": 329}, {"id": 157276, "title": "Computer Science", "summary": "The Institute of Mathematics and Informatics offers the Computer Science programme of Eszterhazy Karoly University.", "level": "bachelor", "degree": "B.Sc.", "fulltime_duration": {"value": 36, "unit": "month"}, "density": {"parttime": false, "fulltime": true}, "methods": {"face2face": true, "online": false, "blended": false}, "organisation_id": 1962, "organisation": "Eszterhazy Karoly University", "venues": [{"city": "Eger", "country": "Hungary", "area": "Heves", "display_area": false}], "discipline_title": "Software Engineering", "discipline_id": 329}, {"id": 16012, "title": "Computer Science - Software Engineering", "summary": "Study all the essentials of computing and software, as well as key areas in mathematics, a major project and a six month placement in industry. We offer a bachelor degree in&nbsp;Computer Science - Software Engineering at the&nbsp;Maynooth University.&nbsp;", "level": "bachelor", "degree": "B.Sc.", "tuition_fee": {"value": 4317, "unit": "year", "currency": "EUR"}, "fulltime_duration": {"value": 48, "unit": "month"}, "density": {"parttime": false, "fulltime": true}, "methods": {"face2face": true, "online": false, "blended": false}, "organisation_id": 862, "organisation": "Maynooth University", "venues": [{"city": "Maynooth", "country": "Ireland", "area": "Leinster", "display_area": false}], "discipline_title": "Software Engineering", "discipline_id": 329}, {"id": 198732, "title": "Computer Engineering", "summary": "The&nbsp;Computer Engineering program from Lake Superior State University has been designed to put you in the high-demand computer market with the potential for good career growth.", "level": "bachelor", "degree": "B.Sc.", "tuition_fee": {"value": 462, "unit": "credit", "currency": "EUR"}, "fulltime_duration": {"value": 48, "unit": "month"}, "density": {"parttime": false, "fulltime": true}, "methods": {"face2face": true, "online": false, "blended": false}, "organisation_id": 17320, "organisation": "Lake Superior State University", "venues": [{"city": "Sault Sainte Marie", "country": "United States", "area": "Michigan", "display_area": true}], "discipline_title": "Software Engineering", "discipline_id": 329}, {"id": 109866, "title": "Computer Systems - Computer Hardware Technology", "summary": "The Computer Systems - Computer Hardware Technology program from Arizona State University offers students the opportunity to develop knowledge and skills in the broad area of digital systems, computer hardware and computer network applications.", "level": "bachelor", "degree": "B.Sc.", "tuition_fee": {"value": 28836, "unit": "year", "currency": "EUR"}, "fulltime_duration": {"value": 48, "unit": "month"}, "density": {"parttime": false, "fulltime": true}, "methods": {"face2face": true, "online": false, "blended": false}, "organisation_id": 11227, "organisation": "Arizona State University", "venues": [{"city": "Mesa", "country": "United States", "area": "Arizona", "display_area": true}], "discipline_title": "Software Engineering", "discipline_id": 329}, {"id": 139690, "title": "Computer Engineering", "summary": "Computer Engineering is now an option within the BS in Electrical Engineering program accredited by the Engineering Accreditation Commission of ABET. The program provides experiential learning, theory and design activity to produce high-demand engineers able to do both hardware and software.", "level": "bachelor", "degree": "Bachelor", "tuition_fee": {"value": 44040, "unit": "year", "currency": "EUR"}, "fulltime_duration": {"value": 48, "unit": "month"}, "density": {"parttime": false, "fulltime": true}, "methods": {"face2face": true, "online": false, "blended": false}, "organisation_id": 14852, "organisation": "Fairfield University", "venues": [{"city": "Fairfield", "country": "United States", "area": "Connecticut", "display_area": true}], "discipline_title": "Software Engineering", "discipline_id": 329}, {"id": 230083, "title": "Computing and Software Development", "summary": "Lake Washington Institute of Technology (LWTech) now offers an associate degree and applied bachelor's degree in computing and software development.", "level": "bachelor", "degree": "Bachelor", "tuition_fee": {"value": 5152, "unit": "module", "currency": "EUR"}, "fulltime_duration": {"value": 24, "unit": "month"}, "density": {"parttime": false, "fulltime": true}, "methods": {"face2face": true, "online": false, "blended": false}, "organisation_id": 18144, "organisation": "Lake Washington Institute of Technology", "venues": [{"city": "Kirkland", "country": "United States", "area": "Washington", "display_area": true}], "discipline_title": "Software Engineering", "discipline_id": 329}, {"id": 179321, "title": "Computer Science", "summary": "The Computer Science program from&nbsp;Westfield State University has as its focus core CS areas of software design, data representation, data management, and transmission of data via files and networks.&nbsp;", "level": "bachelor", "degree": "B.Sc.", "tuition_fee": {"value": 8742, "unit": "year", "currency": "EUR"}, "density": {"parttime": false, "fulltime": true}, "methods": {"face2face": true, "online": false, "blended": false}, "organisation_id": 16903, "organisation": "Westfield State University", "venues": [{"city": "Westfield", "country": "United States", "area": "Massachusetts", "display_area": true}], "discipline_title": "Software Engineering", "discipline_id": 329}, {"id": 215350, "title": "Computer Science", "summary": "A working knowledge of the latest technology is a necessity in today\u2019s world. The mastery of it opens many career doors, while giving you a wealth of transferrable skills in the process. Join others in becoming a tech master as a Computer Science major at Saint John Fisher College.", "level": "bachelor", "degree": "B.Sc.", "tuition_fee": {"value": 31738, "unit": "year", "currency": "EUR"}, "fulltime_duration": {"value": 48, "unit": "month"}, "density": {"parttime": false, "fulltime": true}, "methods": {"face2face": true, "online": false, "blended": false}, "organisation_id": 17695, "organisation": "Saint John Fisher College", "venues": [{"city": "Rochester", "country": "United States", "area": "Minnesota", "display_area": true}], "discipline_title": "Software Engineering", "discipline_id": 329}, {"id": 142151, "title": "Computer Information Systems", "summary": "The undergraduate programs&nbsp;at California State University Chico,&nbsp;prepare students for careers in diverse areas of application of Computer Science and Computer Information Systems. The MS program provides a strong graduate-level core foundation in Computer Science while also allowing exploration into various areas of interest in the discipline.", "level": "bachelor", "degree": "B.Sc.", "tuition_fee": {"value": 16052, "unit": "year", "currency": "EUR"}, "fulltime_duration": {"value": 48, "unit": "month"}, "density": {"parttime": false, "fulltime": true}, "methods": {"face2face": true, "online": false, "blended": false}, "organisation_id": 14995, "organisation": "California State University Chico", "venues": [{"city": "Chico", "country": "United States", "area": "California", "display_area": true}], "discipline_title": "Software Engineering", "discipline_id": 329}, {"id": 75638, "title": "Computer Engineering", "summary": "The Computer Engineering program of Northwestern University&nbsp;educates students in the basic principles and modern practices of the field of computer engineering.", "level": "bachelor", "degree": "B.Sc.", "tuition_fee": {"value": 51972, "unit": "year", "currency": "EUR"}, "fulltime_duration": {"value": 48, "unit": "month"}, "density": {"parttime": false, "fulltime": true}, "methods": {"face2face": true, "online": false, "blended": false}, "organisation_id": 11756, "organisation": "Northwestern University", "venues": [{"city": "Evanston", "country": "United States", "area": "Illinois", "display_area": true}], "discipline_title": "Software Engineering", "discipline_id": 329}, {"id": 232707, "title": "Software Engineering", "summary": "The&nbsp;Bachelor of Science in Software Engineering&nbsp;program is offered by Trine University.", "level": "bachelor", "degree": "B.Sc.", "tuition_fee": {"value": 29881, "unit": "year", "currency": "EUR"}, "fulltime_duration": {"value": 48, "unit": "month"}, "density": {"parttime": false, "fulltime": true}, "methods": {"face2face": true, "online": false, "blended": false}, "organisation_id": 18190, "organisation": "Trine University", "venues": [{"city": "Angola", "country": "United States", "area": "Indiana", "display_area": true}], "discipline_title": "Software Engineering", "discipline_id": 329}, {"id": 83924, "title": "Computer Science (Honours)", "summary": "This Computer Science (Honours) programme from&nbsp;Sheffield Hallam University provides a deep understanding of scientific and practical applications of computation in areas from programming language design to everyday software systems.", "level": "bachelor", "degree": "B.Sc.", "tuition_fee": {"value": 10465, "unit": "year", "currency": "EUR"}, "fulltime_duration": {"value": 36, "unit": "month"}, "density": {"parttime": false, "fulltime": true}, "methods": {"face2face": true, "online": false, "blended": false}, "organisation_id": 240, "organisation": "Sheffield Hallam University", "venues": [{"city": "Sheffield", "country": "United Kingdom", "area": "England", "display_area": true}], "discipline_title": "Software Engineering", "discipline_id": 329}, {"id": 93143, "title": "Computer Engineering Technology", "summary": "The Bachelor of Science degree in Computer Engineering Technology offered at the&nbsp;Kent State University provides students with the opportunity to study computer systems and software-hardware interface so that they are capable of analyzing the problems in the computer and networking industry and producing computer engineering, networking and software solutions.&nbsp;", "level": "bachelor", "degree": "B.Sc.", "tuition_fee": {"value": 18491, "unit": "year", "currency": "EUR"}, "fulltime_duration": {"value": 48, "unit": "month"}, "density": {"parttime": false, "fulltime": true}, "methods": {"face2face": true, "online": false, "blended": false}, "organisation_id": 11520, "organisation": "Kent State University", "venues": [{"city": "Kent", "country": "United States", "area": "Ohio", "display_area": true}], "discipline_title": "Software Engineering", "discipline_id": 329}, {"id": 169859, "title": "Computer Engineering", "summary": "Computer Engineers (CPE) are electrical engineers that have additional training in the areas of software design and hardware-software integration.\u00a0", "level": "bachelor", "degree": "B.Eng.", "tuition_fee": {"value": 44832, "unit": "year", "currency": "EUR"}, "density": {"parttime": false, "fulltime": true}, "methods": {"face2face": true, "online": false, "blended": false}, "organisation_id": 16511, "organisation": "Rose-Hulman  Institute of Technology", "venues": [{"city": "Terre Haute", "country": "United States", "area": "Indiana", "display_area": true}], "discipline_title": "Software Engineering", "discipline_id": 329}, {"id": 103750, "title": "Computer Science", "summary": "When people think of Computer Science at&nbsp;University of Canterbury they often just think of programming, but there are many more aspects to the field including communications and networks, software engineering, interaction design, computer security, information systems, graphics, operating systems, educational systems, artificial intelligence and embedded systems.", "level": "bachelor", "degree": "B.Sc.", "tuition_fee": {"value": 16873, "unit": "year", "currency": "EUR"}, "fulltime_duration": {"value": 36, "unit": "month"}, "density": {"parttime": false, "fulltime": true}, "methods": {"face2face": true, "online": false, "blended": false}, "organisation_id": 12621, "organisation": "University of Canterbury", "venues": [{"city": "Christchurch", "country": "New Zealand", "area": "Canterbury", "display_area": false}], "discipline_title": "Software Engineering", "discipline_id": 329}, {"id": 191569, "title": "Computer Science", "summary": "The Computer Science program from&nbsp;University of North Carolina Asheville prepares students for graduate studies in computer science and for careers in scientific and engineering applications, systems programming, and software development, while the information systems concentration prepares students for careers in commercial programming, systems analysis and design, and database management.&nbsp;", "level": "bachelor", "degree": "B.Sc.", "tuition_fee": {"value": 31644, "unit": "year", "currency": "EUR"}, "density": {"parttime": false, "fulltime": true}, "methods": {"face2face": true, "online": false, "blended": false}, "organisation_id": 17191, "organisation": "University of North Carolina Asheville", "venues": [{"city": "Asheville", "country": "United States", "area": "North Carolina", "display_area": true}], "discipline_title": "Software Engineering", "discipline_id": 329}, {"id": 82910, "title": "Software Engineering (Hons)", "summary": "Software Engineering (Hons) degree offered at Ulster University aims to achieve excellence in learning, teaching, research and technology transfer; empowering the Graduates of tomorrow.", "level": "bachelor", "degree": "B.Eng.", "tuition_fee": {"value": 10465, "unit": "year", "currency": "EUR"}, "fulltime_duration": {"value": 48, "unit": "month"}, "density": {"parttime": false, "fulltime": true}, "methods": {"face2face": true, "online": false, "blended": false}, "organisation_id": 1409, "organisation": "Ulster University", "venues": [{"city": "Newtownabbey", "country": "United Kingdom", "area": "N Ireland", "display_area": true}], "discipline_title": "Software Engineering", "discipline_id": 329}, {"id": 157594, "title": "Computer Science Engineering", "summary": "The Computer Science Engineering bachelor program is offered by&nbsp;Pallasz Ath\u00e9n\u00e9 University.", "level": "bachelor", "degree": "B.Sc.", "tuition_fee": {"value": 1900, "unit": "year", "currency": "EUR"}, "fulltime_duration": {"value": 42, "unit": "month"}, "density": {"parttime": false, "fulltime": true}, "methods": {"face2face": true, "online": false, "blended": false}, "organisation_id": 16029, "organisation": "Pallasz Ath\u00e9n\u00e9 University", "venues": [{"city": "Kecskem\u00e9t", "country": "Hungary", "area": "B\u00e1cs-Kiskun", "display_area": false}], "discipline_title": "Software Engineering", "discipline_id": 329}, {"id": 195970, "title": "Computer Engineering", "summary": "The Computer Engineering program from&nbsp;Tennessee Technological University is designed to meet the growing demand for engineers who have expertise in the design of both hardware as well as software of computers and computer-based systems.&nbsp;", "level": "bachelor", "degree": "Bachelor", "tuition_fee": {"value": 981, "unit": "credit", "currency": "EUR"}, "fulltime_duration": {"value": 48, "unit": "month"}, "density": {"parttime": false, "fulltime": true}, "methods": {"face2face": true, "online": false, "blended": false}, "organisation_id": 15443, "organisation": "Tennessee Technological University", "venues": [{"city": "Cookeville", "country": "United States", "area": "Tennessee", "display_area": true}], "discipline_title": "Software Engineering", "discipline_id": 329}, {"id": 229552, "title": "Computer Games Development", "summary": "Our Bachelor of Science in Computing with Computer Games Development is designed to give you the skills and knowledge to embark on a successful career in the games industry - one of the most dynamic and cutting-edge industries in the world today. This programme is offered by the&nbsp;Letterkenny Institute of Technology.&nbsp;", "level": "bachelor", "degree": "B.Sc.", "tuition_fee": {"value": 0, "unit": "year", "currency": "EUR"}, "fulltime_duration": {"value": 36, "unit": "month"}, "density": {"parttime": false, "fulltime": true}, "methods": {"face2face": true, "online": false, "blended": false}, "organisation_id": 1551, "organisation": "Letterkenny Institute of Technology", "venues": [{"city": "Letterkenny", "country": "Ireland", "area": "Ulster", "display_area": false}], "discipline_title": "Software Engineering", "discipline_id": 329}, {"id": 92670, "title": "Software Engineering", "summary": "The Software Engineering Major program offered by&nbsp;McGill University provides a broad introduction to the principles of computer science and covers in depth the design and development of software systems.", "level": "bachelor", "degree": "B.Sc.", "tuition_fee": {"value": 27811, "unit": "year", "currency": "EUR"}, "fulltime_duration": {"value": 48, "unit": "month"}, "density": {"parttime": false, "fulltime": true}, "methods": {"face2face": true, "online": false, "blended": false}, "organisation_id": 11742, "organisation": "McGill University", "venues": [{"city": "Qu\u00e9bec", "country": "Canada", "area": "Quebec", "display_area": false}], "discipline_title": "Software Engineering", "discipline_id": 329}, {"id": 292724, "title": "Smart Engineering of Production Technologies and Processes", "summary": "The digitalisation has long arrived in the industrial sector \u2013 and the fields of application are numerous. Join the Smart Engineering of Production Technologies and Processes from University of Applied Sciences St.P\u00f6lten&nbsp;and learn how smart digital technologies can be used effectively to improve processes in various industrial sectors and developed further as needed.&nbsp;", "level": "bachelor", "degree": "B.Sc.", "tuition_fee": {"value": 726, "unit": "year", "currency": "EUR"}, "fulltime_duration": {"value": 36, "unit": "month"}, "density": {"parttime": false, "fulltime": true}, "methods": {"face2face": true, "online": false, "blended": false}, "organisation_id": 244, "organisation": "University of Applied Sciences St.P\u00f6lten", "venues": [{"city": "Sankt P\u00f6lten", "country": "Austria", "area": "Lower Austria", "display_area": false}], "discipline_title": "Software Engineering", "discipline_id": 329}, {"id": 275030, "title": "Software Development (Hons)", "summary": "The Bachelor in Software Development (Hons) program offered by Anglia Ruskin University helps you take your coding and programming skills to the next level by learning to identify, design and test products that businesses need.", "level": "bachelor", "degree": "B.Sc.", "tuition_fee": {"value": 10465, "unit": "year", "currency": "EUR"}, "fulltime_duration": {"value": 36, "unit": "month"}, "density": {"parttime": false, "fulltime": true}, "methods": {"face2face": true, "online": false, "blended": false}, "organisation_id": 220, "organisation": "Anglia Ruskin University", "venues": [{"city": "Cambridge", "country": "United Kingdom", "area": "England", "display_area": true}], "discipline_title": "Software Engineering", "discipline_id": 329}, {"id": 45933, "title": "(Hons) Software Engineering", "summary": "The&nbsp;(Hons) Software Engineering degree from Swansea University can help you find your place in the ever-shifting digital landscape.&nbsp;", "level": "bachelor", "degree": "B.Sc.", "tuition_fee": {"value": 10182, "unit": "year", "currency": "EUR"}, "fulltime_duration": {"value": 36, "unit": "month"}, "density": {"parttime": false, "fulltime": true}, "methods": {"face2face": true, "online": false, "blended": false}, "organisation_id": 145, "organisation": "Swansea University", "venues": [{"city": "Swansea", "country": "United Kingdom", "area": "Wales", "display_area": true}], "discipline_title": "Software Engineering", "discipline_id": 329}, {"id": 102981, "title": "Computer Games Development (Hons)", "summary": "This Computer Games Development (Hons) course at&nbsp;University of South Wales&nbsp;places an emphasis on programming for computer games, but it also prepares you for a career in software development, and is your first step towards a rewarding career in the creative industries.", "level": "bachelor", "degree": "B.Sc.", "tuition_fee": {"value": 10182, "unit": "year", "currency": "EUR"}, "fulltime_duration": {"value": 36, "unit": "month"}, "density": {"parttime": false, "fulltime": true}, "methods": {"face2face": true, "online": false, "blended": false}, "organisation_id": 194, "organisation": "University of South Wales", "venues": [{"city": "Pontypridd", "country": "United Kingdom", "area": "Wales", "display_area": true}], "discipline_title": "Software Engineering", "discipline_id": 329}, {"id": 142776, "title": "Computer Generated Imagery (Hons)", "summary": "Computer Generated Imagery (CGI) is everywhere and if you are interested in the visual side of any industry, you can explore that with CGI. The&nbsp;Computer Generated Imagery (Hons) programme at Solent University brings the latest cutting-edge techniques and industry standard software into the curriculum, as well as offering you the flexibility to apply your learning in almost any field.", "level": "bachelor", "degree": "B.A.", "tuition_fee": {"value": 10465, "unit": "year", "currency": "EUR"}, "fulltime_duration": {"value": 36, "unit": "month"}, "density": {"parttime": false, "fulltime": true}, "methods": {"face2face": true, "online": false, "blended": false}, "organisation_id": 276, "organisation": "Solent University", "venues": [{"city": "Southampton", "country": "United Kingdom", "area": "England", "display_area": true}], "discipline_title": "Software Engineering", "discipline_id": 329}, {"id": 38658, "title": "Software Engineering (Hons)", "summary": "Are you interested in becoming a computer programmer, web developer or software engineer?&nbsp; This Software Engineering (Hons) course at&nbsp;Bournemouth University&nbsp;will prepare you for working in the fast-moving software industry.", "level": "bachelor", "degree": "B.Sc.", "tuition_fee": {"value": 10465, "unit": "year", "currency": "EUR"}, "fulltime_duration": {"value": 48, "unit": "month"}, "density": {"parttime": false, "fulltime": true}, "methods": {"face2face": true, "online": false, "blended": false}, "organisation_id": 158, "organisation": "Bournemouth University", "venues": [{"city": "Bournemouth", "country": "United Kingdom", "area": "England", "display_area": true}], "discipline_title": "Software Engineering", "discipline_id": 329}, {"id": 70637, "title": "(Hons) Games Computing", "summary": "The BSc (Hons) Games Computing programme at University of Lincoln aims to develop the skills and attributes required for roles in the competitive computing sector. The course is designed to help students develop as versatile professionals, capable of thriving in a wide range of post-university employment destinations.", "level": "bachelor", "degree": "B.Sc.", "tuition_fee": {"value": 10465, "unit": "year", "currency": "EUR"}, "fulltime_duration": {"value": 36, "unit": "month"}, "parttime_duration": {"value": 72, "unit": "month"}, "density": {"parttime": true, "fulltime": true}, "methods": {"face2face": true, "online": false, "blended": false}, "organisation_id": 242, "organisation": "University of Lincoln", "venues": [{"city": "Lincoln", "country": "United Kingdom", "area": "England", "display_area": true}], "discipline_title": "Software Engineering", "discipline_id": 329}, {"id": 157535, "title": "Computer Science (Hons)", "summary": "In the&nbsp;Computer Science (Hons) programme at Keele University, you\u2019ll learn the underpinning theories of software, hardware and computing techniques \u2013 and how to apply them in the real world.", "level": "bachelor", "degree": "B.Sc.", "tuition_fee": {"value": 10465, "unit": "year", "currency": "EUR"}, "fulltime_duration": {"value": 36, "unit": "month"}, "density": {"parttime": false, "fulltime": true}, "methods": {"face2face": true, "online": false, "blended": false}, "organisation_id": 253, "organisation": "Keele University", "venues": [{"city": "Keele", "country": "United Kingdom", "area": "England", "display_area": true}], "discipline_title": "Software Engineering", "discipline_id": 329}, {"id": 102715, "title": "Computer Games Design (Hons)", "summary": "This Computer Games Design (Hons) degree of University of South Wales&nbsp;focuses on the creative and artistic aspects of games production, giving you the practical skills to develop, produce and publish game titles. On this course, you'll learn how to develop your game in such a way that it could form the basis of a start-up games company.&nbsp;", "level": "bachelor", "degree": "B.A.", "tuition_fee": {"value": 10182, "unit": "year", "currency": "EUR"}, "fulltime_duration": {"value": 36, "unit": "month"}, "density": {"parttime": false, "fulltime": true}, "methods": {"face2face": true, "online": false, "blended": false}, "organisation_id": 194, "organisation": "University of South Wales", "venues": [{"city": "Cardiff", "country": "United Kingdom", "area": "Wales", "display_area": true}], "discipline_title": "Software Engineering", "discipline_id": 329}, {"id": 250887, "title": "Computer Science (with Foundation Year) (Hons)", "summary": "Computer Science (with Foundation Year) (Hons) at&nbsp;University of the West of England (UWE Bristol) shows you how to analyse complex problems, design the algorithms to solve them, and write the programs that put these solutions into practice.", "level": "bachelor", "degree": "B.Sc.", "tuition_fee": {"value": 15274, "unit": "year", "currency": "EUR"}, "fulltime_duration": {"value": 48, "unit": "month"}, "density": {"parttime": false, "fulltime": true}, "methods": {"face2face": true, "online": false, "blended": false}, "organisation_id": 150, "organisation": "University of the West of England (UWE Bristol)", "venues": [{"city": "Bristol", "country": "United Kingdom", "area": "England", "display_area": true}], "discipline_title": "Software Engineering", "discipline_id": 329}, {"id": 283892, "title": "(Hons) Applied Software Engineering", "summary": "The (Hons) Applied Software Engineering programme at Swansea University is an innovative and flexible way for individuals to gain a degree in Software Engineering whilst in employment.&nbsp;", "level": "bachelor", "degree": "B.Sc.", "tuition_fee": {"value": 10182, "unit": "year", "currency": "EUR"}, "fulltime_duration": {"value": 36, "unit": "month"}, "density": {"parttime": false, "fulltime": true}, "methods": {"face2face": true, "online": false, "blended": false}, "organisation_id": 145, "organisation": "Swansea University", "venues": [{"city": "Swansea", "country": "United Kingdom", "area": "Wales", "display_area": true}], "discipline_title": "Software Engineering", "discipline_id": 329}, {"id": 205195, "title": "Computer Animation Technical Arts (Hons)", "summary": "The Computer Animation Technical Arts (Hons) course at&nbsp;Bournemouth University&nbsp;is taught within the National Centre for Computer Animation (NCCA) and combines the study of art, animation techniques, applied maths and computing, needed to satisfy the demands of modern computer animation, film, VFX and games production.", "level": "bachelor", "degree": "B.A.", "tuition_fee": {"value": 10465, "unit": "year", "currency": "EUR"}, "fulltime_duration": {"value": 36, "unit": "month"}, "density": {"parttime": false, "fulltime": true}, "methods": {"face2face": true, "online": false, "blended": false}, "organisation_id": 158, "organisation": "Bournemouth University", "venues": [{"city": "Bournemouth", "country": "United Kingdom", "area": "England", "display_area": true}], "discipline_title": "Software Engineering", "discipline_id": 329}, {"id": 90542, "title": "Computer Science (Hons)", "summary": "Do you ever wonder how Google, Skype, Internet banking or computer games work? Would you like to develop the next generation of cutting-edge computing technologies? If you\u2019re a logical thinker who likes problem solving and you enjoy subjects like mathematics, a degree in Computer Science (Hons) from University College Dublin could be for you.", "level": "bachelor", "degree": "B.Sc.", "tuition_fee": {"value": 0, "unit": "year", "currency": "EUR"}, "fulltime_duration": {"value": 48, "unit": "month"}, "density": {"parttime": false, "fulltime": true}, "methods": {"face2face": true, "online": false, "blended": false}, "organisation_id": 595, "organisation": "University College Dublin", "venues": [{"city": "Dublin", "country": "Ireland", "area": "Leinster", "display_area": false}], "discipline_title": "Software Engineering", "discipline_id": 329}, {"id": 44268, "title": "Computer Science (Software Engineering) (Hons)", "summary": "The skills, experience and technical expertise you\u2019ll gain in the Computer Science (Software Engineering) (Hons) programme at The University of Hull will put you in high demand when it\u2019s time to enter the job market in this fast-evolving industry.", "level": "bachelor", "degree": "B.Sc.", "tuition_fee": {"value": 10465, "unit": "year", "currency": "EUR"}, "fulltime_duration": {"value": 36, "unit": "month"}, "density": {"parttime": false, "fulltime": true}, "methods": {"face2face": true, "online": false, "blended": false}, "organisation_id": 389, "organisation": "University of Hull", "venues": [{"city": "Hull", "country": "United Kingdom", "area": "England", "display_area": true}], "discipline_title": "Software Engineering", "discipline_id": 329}, {"id": 59827, "title": "Computer Systems and Networks Engineering (Hons)", "summary": "The Computer Systems and Networks Engineering (Hons) course at London South Bank University equips you with the skills and knowledge you need to become an engineer, developer or programmer \u2013 use it to take you where you want to go. Computer hardware, interface electronics, software and database design, programming for real-time and embedded systems \u2013 you\u2019ll cover it all (and more).", "level": "bachelor", "degree": "B.Eng.", "tuition_fee": {"value": 10465, "unit": "year", "currency": "EUR"}, "fulltime_duration": {"value": 36, "unit": "month"}, "parttime_duration": {"value": 48, "unit": "month"}, "density": {"parttime": true, "fulltime": true}, "methods": {"face2face": true, "online": false, "blended": false}, "organisation_id": 11506, "organisation": "London South Bank University", "venues": [{"city": "London", "country": "United Kingdom", "area": "England", "display_area": true}], "discipline_title": "Software Engineering", "discipline_id": 329}, {"id": 289429, "title": "Computer Science", "summary": "The Computer Science B.S. degree at the University of South Carolina&nbsp;is for students who want to learn how to develop large complex software using the latest technologies or who are interested in studying computation. Graduates work as software engineers, systems analysts, and systems designers, among other titles.", "level": "bachelor", "degree": "B.Sc.", "tuition_fee": {"value": 30983, "unit": "year", "currency": "EUR"}, "fulltime_duration": {"value": 48, "unit": "month"}, "density": {"parttime": false, "fulltime": true}, "methods": {"face2face": true, "online": false, "blended": false}, "organisation_id": 11032, "organisation": "University of South Carolina", "venues": [{"city": "Columbia", "country": "United States", "area": "South Carolina", "display_area": true}], "discipline_title": "Software Engineering", "discipline_id": 329}, {"id": 289431, "title": "Computer Engineering", "summary": "The Computer Engineering degree at the University of South Carolina is for students interested in both programming and hardware. The required classes cover software engineering, computer science, and electric and digital circuit designs.", "level": "bachelor", "degree": "Bachelor", "tuition_fee": {"value": 30983, "unit": "year", "currency": "EUR"}, "fulltime_duration": {"value": 48, "unit": "month"}, "density": {"parttime": false, "fulltime": true}, "methods": {"face2face": true, "online": false, "blended": false}, "organisation_id": 11032, "organisation": "University of South Carolina", "venues": [{"city": "Columbia", "country": "United States", "area": "South Carolina", "display_area": true}], "discipline_title": "Software Engineering", "discipline_id": 329}, {"id": 15819, "title": "Computer Science", "summary": "The strength of this study Bachelor in Computer Science at the Free University of Bozen-Bolzano lies in its effective merging of theory and practice, in the teaching in small groups of students supervised by some of the best Italian and international IT scientists and in the fact that the course is taught in three languages: Italian, German and English.", "level": "bachelor", "degree": "B.Sc.", "tuition_fee": {"value": 1350, "unit": "year", "currency": "EUR"}, "fulltime_duration": {"value": 36, "unit": "month"}, "density": {"parttime": false, "fulltime": true}, "methods": {"face2face": true, "online": false, "blended": false}, "organisation_id": 860, "organisation": "Free University of Bozen-Bolzano", "venues": [{"city": "Bolzano - Bozen", "country": "Italy", "area": "Trentino-Alto Adige", "display_area": false}], "discipline_title": "Software Engineering", "discipline_id": 329}, {"id": 143990, "title": "Game Design and Development (Hons)", "summary": "This award-winning Game Design and Development (Hons) course from London South Bank University will give you the sought-after practical experience of working creatively and collaboratively at the forefront of tech advances. Real-world application of your skills is essential \u2013 and you\u2019ll have the opportunity to work with external clients and game publishers such as Bethesda and Ubisoft.", "level": "bachelor", "degree": "Bachelor", "tuition_fee": {"value": 10465, "unit": "year", "currency": "EUR"}, "fulltime_duration": {"value": 36, "unit": "month"}, "density": {"parttime": false, "fulltime": true}, "methods": {"face2face": true, "online": false, "blended": false}, "organisation_id": 11506, "organisation": "London South Bank University", "venues": [{"city": "London", "country": "United Kingdom", "area": "England", "display_area": true}], "discipline_title": "Software Engineering", "discipline_id": 329}, {"id": 142181, "title": "Computer Science (Hons)", "summary": "The growth of big data, social computing and the Internet of things are accelerating the demand for high level computing skills. The BSc Computer Science&nbsp;(Hons) degree at&nbsp;London South Bank University offers the opportunity to study both the theory of computation and practical approaches to the design and implementation of systems.", "level": "bachelor", "degree": "B.Sc.", "tuition_fee": {"value": 10465, "unit": "year", "currency": "EUR"}, "fulltime_duration": {"value": 36, "unit": "month"}, "parttime_duration": {"value": 48, "unit": "month"}, "density": {"parttime": true, "fulltime": true}, "methods": {"face2face": true, "online": false, "blended": false}, "organisation_id": 11506, "organisation": "London South Bank University", "venues": [{"city": "London", "country": "United Kingdom", "area": "England", "display_area": true}], "discipline_title": "Software Engineering", "discipline_id": 329}, {"id": 83176, "title": "Computer Science for Games Development (Hons)", "summary": "In this BSc Computer Science for Games Development (Hons) offered at The University of Hull you will gain the skills to excel in the world\u2019s fastest-growing entertainment industry while becoming a Chartered IT Professional.", "level": "bachelor", "degree": "B.Sc.", "tuition_fee": {"value": 10465, "unit": "year", "currency": "EUR"}, "fulltime_duration": {"value": 36, "unit": "month"}, "density": {"parttime": false, "fulltime": true}, "methods": {"face2face": true, "online": false, "blended": false}, "organisation_id": 389, "organisation": "University of Hull", "venues": [{"city": "Hull", "country": "United Kingdom", "area": "England", "display_area": true}], "discipline_title": "Software Engineering", "discipline_id": 329}, {"id": 287103, "title": "Computer Science for Games Development", "summary": "In this Computer Science for Games Development programme from The University of Hull you will gain the skills to excel in the world\u2019s fastest-growing entertainment industry while becoming a Chartered IT Professional.", "level": "bachelor", "degree": "Bachelor", "tuition_fee": {"value": 10465, "unit": "year", "currency": "EUR"}, "fulltime_duration": {"value": 48, "unit": "month"}, "density": {"parttime": false, "fulltime": true}, "methods": {"face2face": true, "online": false, "blended": false}, "organisation_id": 389, "organisation": "University of Hull", "venues": [{"city": "Hull", "country": "United Kingdom", "area": "England", "display_area": true}], "discipline_title": "Software Engineering", "discipline_id": 329}, {"id": 263393, "title": "Computer Engineering (Hons)", "summary": "This&nbsp;Computer Engineering (Hons) course from&nbsp;London South Bank University will set you on track to be one of those engineers. Computer hardware and software engineering, digital systems, embedded systems, computer and network design and software development in a variety of modern programming languages \u2013 you\u2019ll cover it all.", "level": "bachelor", "degree": "B.Eng.", "tuition_fee": {"value": 10465, "unit": "year", "currency": "EUR"}, "fulltime_duration": {"value": 36, "unit": "month"}, "parttime_duration": {"value": 48, "unit": "month"}, "density": {"parttime": true, "fulltime": true}, "methods": {"face2face": true, "online": false, "blended": false}, "organisation_id": 11506, "organisation": "London South Bank University", "venues": [{"city": "London", "country": "United Kingdom", "area": "England", "display_area": true}], "discipline_title": "Software Engineering", "discipline_id": 329}, {"id": 263405, "title": "Computer Engineering (Hons)", "summary": "Computer Engineering (Hons) course from&nbsp;London South Bank University offers an integrated route that combines undergraduate and postgraduate levels of study over four years. You'll explore a wide range of computer engineering applications and design and develop software, hardware and networking systems.", "level": "bachelor", "degree": "Bachelor", "tuition_fee": {"value": 10465, "unit": "year", "currency": "EUR"}, "fulltime_duration": {"value": 48, "unit": "month"}, "parttime_duration": {"value": 72, "unit": "month"}, "density": {"parttime": true, "fulltime": true}, "methods": {"face2face": true, "online": false, "blended": false}, "organisation_id": 11506, "organisation": "London South Bank University", "venues": [{"city": "London", "country": "United Kingdom", "area": "England", "display_area": true}], "discipline_title": "Software Engineering", "discipline_id": 329}, {"id": 263409, "title": "Computer Systems and Networks Engineering (Hons)", "summary": "This&nbsp;Computer Systems and Networks Engineering (Hons) degree from&nbsp;London South Bank University offers a balanced programme of computer hardware, interface electronics, programming for real-time and embedded systems and telecommunications&nbsp; - all of which are supported by modules in analysis, software and database design.", "level": "bachelor", "degree": "Bachelor", "tuition_fee": {"value": 10465, "unit": "year", "currency": "EUR"}, "fulltime_duration": {"value": 48, "unit": "month"}, "parttime_duration": {"value": 72, "unit": "month"}, "density": {"parttime": true, "fulltime": true}, "methods": {"face2face": true, "online": false, "blended": false}, "organisation_id": 11506, "organisation": "London South Bank University", "venues": [{"city": "London", "country": "United Kingdom", "area": "England", "display_area": true}], "discipline_title": "Software Engineering", "discipline_id": 329}, {"id": 201159, "title": "Computer Programming", "summary": "In the Bachelor of Science in Computer Programming, offered through Grand Canyon University's College of Science, Engineering and Technology, you increase your understanding of Java, C# and SQL in addition to software development. In this program, you study advancements in computer programming languages, from \u201cHello World\u201d to 21st century digital software and applications.&nbsp;", "level": "bachelor", "degree": "B.Sc.", "tuition_fee": {"value": 15250, "unit": "year", "currency": "EUR"}, "density": {"parttime": true, "fulltime": true}, "methods": {"face2face": true, "online": true, "blended": false}, "organisation_id": 17365, "organisation": "Grand Canyon University", "venues": [{"city": "Phoenix", "country": "United States", "area": "Arizona", "display_area": true}], "discipline_title": "Software Engineering", "discipline_id": 329}]