[{"id": 292887, "title": "Machine Learning", "summary": "This Machine Learning program at Mohamed bin Zayed University of Artificial Intelligence tackles the scientific study of algorithms and statistical models that computer systems use to effectively perform a specific task without using explicit instructions, relying on patterns and inference instead.", "level": "master", "degree": "M.Sc.", "tuition_fee": {"value": 0, "unit": "year", "currency": "EUR"}, "fulltime_duration": {"value": 24, "unit": "month"}, "density": {"parttime": false, "fulltime": true}, "methods": {"face2face": true, "online": false, "blended": false}, "organisation_id": 19934, "organisation": "Mohamed bin Zayed University of Artificial Intelligence", "venues": [{"city": "Abu Dhabi", "country": "United Arab Emirates", "area": "Abu Z", "display_area": false}], "discipline_title": "Machine Learning", "discipline_id": 331}, {"id": 292911, "title": "Business Analytics online", "summary": "The University of Bath\u2019s EQUIS-accredited School of Management delivers this online MSc with units run in partnership with IBM and SAS. Bridging the gap between data science and business management, the MSc in Business Analytics online at the University of Bath equips you with the necessary technical skills and expertise to take your career to the next level.", "level": "master", "degree": "M.Sc.", "fulltime_duration": {"value": 27, "unit": "month"}, "density": {"parttime": false, "fulltime": true}, "methods": {"face2face": false, "online": true, "blended": false}, "organisation_id": 19835, "organisation": "University of Bath", "venues": [{"city": "Bath", "country": "United Kingdom", "area": "England", "display_area": true}], "discipline_title": "Machine Learning", "discipline_id": 331}, {"id": 293490, "title": "Artificial Intelligence for Leaders", "summary": "The Post Graduate Program in Artificial Intelligence for Leaders (PGP-AIFL) is a 4-month online program offered by the McCombs School of Business at The University of Texas at Austin and delivered in collaboration with Great Learning.", "level": "master", "degree": "Postgraduate Certificate", "tuition_fee": {"value": 2311, "unit": "full", "currency": "EUR"}, "parttime_duration": {"value": 4, "unit": "month"}, "density": {"parttime": true, "fulltime": false}, "methods": {"face2face": false, "online": true, "blended": false}, "organisation_id": 11735, "organisation": "University of Texas at Austin", "venues": [{"city": "Austin", "country": "United States", "area": "Texas", "display_area": true}], "discipline_title": "Machine Learning", "discipline_id": 331}, {"id": 14874, "title": "Machine Learning", "summary": "Machine Learning develops algorithms to find patterns or make predictions from empirical data and the&nbsp;Machine Learning programme at KTH Royal Institute of Technology will teach you to master these skills.", "level": "master", "degree": "M.Sc.", "tuition_fee": {"value": 0, "unit": "year", "currency": "EUR"}, "fulltime_duration": {"value": 24, "unit": "month"}, "density": {"parttime": false, "fulltime": true}, "methods": {"face2face": true, "online": false, "blended": false}, "organisation_id": 2, "organisation": "KTH Royal Institute of Technology", "venues": [{"city": "Haninge", "country": "Sweden", "area": "Stockholm", "display_area": false}], "discipline_title": "Machine Learning", "discipline_id": 331}, {"id": 275596, "title": "Machine Learning and Data Science", "summary": "Join a booming, in-demand field with a Master\u2019s degree in Machine Learning and Data Science Master offered by Coursera in partnership with Imperial College London, one of the top universities in the world.&nbsp;", "level": "master", "degree": "M.Sc.", "tuition_fee": {"value": 31679, "unit": "year", "currency": "EUR"}, "parttime_duration": {"value": 24, "unit": "month"}, "density": {"parttime": true, "fulltime": false}, "methods": {"face2face": false, "online": true, "blended": false}, "organisation_id": 17569, "organisation": "Coursera", "venues": [{"city": "Mountain View", "country": "United States", "area": "California", "display_area": true}], "discipline_title": "Machine Learning", "discipline_id": 331}, {"id": 269890, "title": "Big Data and Machine Learning", "summary": "The&nbsp;Big Data and Machine Learning from ITMO University is what you need if you want&nbsp;&nbsp;to become a highly-qualified specialist and acquire knowledge and skills in such cutting-edge areas as programming, data storage systems, statistics, and machine learning.", "level": "master", "degree": "M.Sc.", "tuition_fee": {"value": 3131, "unit": "year", "currency": "EUR"}, "fulltime_duration": {"value": 24, "unit": "month"}, "density": {"parttime": false, "fulltime": true}, "methods": {"face2face": true, "online": false, "blended": false}, "organisation_id": 13200, "organisation": "ITMO University", "venues": [{"city": "Saint Petersburg", "country": "Russia", "area": "Sankt-Peterburg", "display_area": false}], "discipline_title": "Machine Learning", "discipline_id": 331}, {"id": 294342, "title": "Quantitative Risk Management with Machine Learning", "summary": "In the wake of recent financial crises, a better understanding - and application - of quantitative risk management is playing an increasingly critical role in the financial sector. The&nbsp;MSc Quantitative Risk Management with Machine Learning at&nbsp;Birkbeck, University of London&nbsp;&nbsp;has been designed to meet the demand from the financial sector for individuals with expertise in this field.", "level": "master", "degree": "M.Sc.", "tuition_fee": {"value": 14731, "unit": "year", "currency": "EUR"}, "fulltime_duration": {"value": 12, "unit": "month"}, "density": {"parttime": false, "fulltime": true}, "methods": {"face2face": true, "online": false, "blended": false}, "organisation_id": 399, "organisation": "Birkbeck, University of London", "venues": [{"city": "London", "country": "United Kingdom", "area": "England", "display_area": true}], "discipline_title": "Machine Learning", "discipline_id": 331}, {"id": 253593, "title": "Signal Processing and Machine Learning - Electrical Engineering", "summary": "The Signal Processing and Machine Learning - Electrical Engineering program at&nbsp;University of Wisconsin Madison&nbsp;&nbsp;is intended for students looking for a jump-start on a career in data science, with a passion for quantitative thinking, practical problem-solving, computer programming, and applications to a variety of domains.&nbsp;", "level": "master", "degree": "M.Sc.", "tuition_fee": {"value": 23574, "unit": "year", "currency": "EUR"}, "fulltime_duration": {"value": 12, "unit": "month"}, "density": {"parttime": false, "fulltime": true}, "methods": {"face2face": true, "online": false, "blended": false}, "organisation_id": 11728, "organisation": "University of Wisconsin Madison", "venues": [{"city": "Madison", "country": "United States", "area": "Wisconsin", "display_area": true}], "discipline_title": "Machine Learning", "discipline_id": 331}, {"id": 287460, "title": "Computing Sciences - Machine Learning", "summary": "The Computing Sciences - Machine Learning programme from&nbsp;Tampere University&nbsp;is an engineering programme, where the particular emphasis is on implementing machine learning algorithms with an application-oriented focus, with applications related to imaging, audio or other sensor data.&nbsp;", "level": "master", "degree": "M.Sc.", "tuition_fee": {"value": 0, "unit": "year", "currency": "EUR"}, "fulltime_duration": {"value": 24, "unit": "month"}, "density": {"parttime": false, "fulltime": true}, "methods": {"face2face": true, "online": false, "blended": false}, "organisation_id": 19116, "organisation": "Tampere University", "venues": [{"city": "Tampere", "country": "Finland", "area": "Province of Western Finland", "display_area": false}], "discipline_title": "Machine Learning", "discipline_id": 331}, {"id": 293489, "title": "Artificial Intelligence and Machine Learning", "summary": "The Post Graduate Program in Artificial Intelligence and Machine Learning (PGP-AIML) is a 6-month online program offered by the McCombs School of Business at The University of Texas at Austin and delivered in collaboration with Great Learning.", "level": "master", "degree": "Postgraduate Certificate", "tuition_fee": {"value": 3235, "unit": "full", "currency": "EUR"}, "parttime_duration": {"value": 6, "unit": "month"}, "density": {"parttime": true, "fulltime": false}, "methods": {"face2face": false, "online": true, "blended": false}, "organisation_id": 11735, "organisation": "University of Texas at Austin", "venues": [{"city": "Austin", "country": "United States", "area": "Texas", "display_area": true}], "discipline_title": "Machine Learning", "discipline_id": 331}, {"id": 294436, "title": "Quantitative Risk Management with Machine Learning (part time)", "summary": "In the wake of recent financial crises, a better understanding - and application - of quantitative risk management is playing an increasingly critical role in the financial sector. The&nbsp;MSc Quantitative Risk Management with Machine Learning (part time) at&nbsp;Birkbeck, University of London&nbsp;&nbsp;has been designed to meet the demand from the financial sector for individuals with expertise in this field.", "level": "master", "degree": "M.Sc.", "tuition_fee": {"value": 14731, "unit": "year", "currency": "EUR"}, "parttime_duration": {"value": 24, "unit": "month"}, "density": {"parttime": true, "fulltime": false}, "methods": {"face2face": true, "online": false, "blended": false}, "organisation_id": 399, "organisation": "Birkbeck, University of London", "venues": [{"city": "London", "country": "United Kingdom", "area": "England", "display_area": true}], "discipline_title": "Machine Learning", "discipline_id": 331}, {"id": 287676, "title": "Artificial Intelligence and Machine Learning", "summary": "Become an Artificial Intelligence Expert by mastering the skills to  develop intelligent algorithms and machines for self-driving cars, smart  cameras, surveillance systems, robotic manufacturing, machine  translations, internet searches, and product recommendations.", "level": "master", "degree": "M.Sc.", "tuition_fee": {"value": 5545, "unit": "year", "currency": "EUR"}, "fulltime_duration": {"value": 12, "unit": "month"}, "parttime_duration": {"value": 12, "unit": "month"}, "density": {"parttime": true, "fulltime": true}, "methods": {"face2face": true, "online": true, "blended": true}, "organisation_id": 19847, "organisation": "Contemporary Technology University", "venues": [{"city": "New York City", "country": "United States", "area": "New York", "display_area": true}, {"city": "San Francisco", "country": "United States", "area": "California", "display_area": true}, {"city": "Berlin", "country": "Germany", "area": "Berlin", "display_area": false}, {"city": "Singapore", "country": "Singapore"}], "discipline_title": "Machine Learning", "discipline_id": 331}, {"id": 66677, "title": "Computer Vision, Robotics and Machine Learning", "summary": "The MSc in Computer Vision, Robotics and Machine Learning at the University of Surrey will provide you with in-depth training and hands-on learning experiences. It is well-suited to anyone interested in a career in research-oriented institutions or pioneering technology companies that specialise in deep and machine learning, robotics and automation, and image and video analysis.", "level": "master", "degree": "M.Sc.", "tuition_fee": {"value": 11653, "unit": "year", "currency": "EUR"}, "fulltime_duration": {"value": 12, "unit": "month"}, "parttime_duration": {"value": 60, "unit": "month"}, "density": {"parttime": true, "fulltime": true}, "methods": {"face2face": true, "online": false, "blended": false}, "organisation_id": 189, "organisation": "University of Surrey", "venues": [{"city": "Guildford", "country": "United Kingdom", "area": "England", "display_area": true}], "discipline_title": "Machine Learning", "discipline_id": 331}, {"id": 236581, "title": "Speech Language Pathology", "summary": "Speech-language pathologists (SLPs) are licensed professionals who work to assess, diagnose, treat, and help prevent speech, voice, language, cognitive-linguistic, and swallowing disorders across the age-span.&nbsp;", "level": "master", "degree": "M.Sc.", "tuition_fee": {"value": 31477, "unit": "year", "currency": "EUR"}, "fulltime_duration": {"value": 24, "unit": "month"}, "density": {"parttime": false, "fulltime": true}, "methods": {"face2face": true, "online": false, "blended": false}, "organisation_id": 13123, "organisation": "The University of Texas Health Science Center at San Antonio", "venues": [{"city": "San Antonio", "country": "United States", "area": "Texas", "display_area": true}], "discipline_title": "Machine Learning", "discipline_id": 331}, {"id": 273136, "title": "Intelligent Systems and Machine Learning", "summary": "The&nbsp;Intelligent Systems and Machine Learning course at Anglia Ruskin University will enhance&nbsp;your knowledge and expertise in computer science or electronics, and address the challenges in industry where machine learning techniques are being used increasingly in a wide number of applications.&nbsp;", "level": "master", "degree": "M.Sc.", "tuition_fee": {"value": 10069, "unit": "year", "currency": "EUR"}, "fulltime_duration": {"value": 12, "unit": "month"}, "density": {"parttime": false, "fulltime": true}, "methods": {"face2face": true, "online": false, "blended": false}, "organisation_id": 220, "organisation": "Anglia Ruskin University", "venues": [{"city": "Cambridge", "country": "United Kingdom", "area": "England", "display_area": true}], "discipline_title": "Machine Learning", "discipline_id": 331}, {"id": 144750, "title": "Speech-Language Pathology", "summary": "The Speech-Language Pathology program is committed to preparing competent and compassionate clinicians, motivated scholars, and ethical professionals for entry into the field of speech-language pathology.", "level": "master", "degree": "M.Sc.", "tuition_fee": {"value": 2562, "unit": "module", "currency": "EUR"}, "fulltime_duration": {"value": 24, "unit": "month"}, "density": {"parttime": false, "fulltime": true}, "methods": {"face2face": true, "online": false, "blended": false}, "organisation_id": 11035, "organisation": "Lamar University", "venues": [{"city": "Beaumont", "country": "United States", "area": "Texas", "display_area": true}], "discipline_title": "Machine Learning", "discipline_id": 331}, {"id": 290062, "title": "Machine Learning and Autonomous Systems including placement year", "summary": "Learn how to research, design and develop machine learning and autonomous systems technologies. You\u2019ll be prepared for a range of careers in industry.", "level": "master", "degree": "M.Sc.", "tuition_fee": {"value": 9500, "unit": "year", "currency": "EUR"}, "fulltime_duration": {"value": 24, "unit": "month"}, "density": {"parttime": false, "fulltime": true}, "methods": {"face2face": true, "online": false, "blended": false}, "organisation_id": 236, "organisation": "University of Bath", "venues": [{"city": "Bath", "country": "United Kingdom", "area": "England", "display_area": true}], "discipline_title": "Machine Learning", "discipline_id": 331}, {"id": 40666, "title": "Machine Learning and Data Mining", "summary": "Machine Learning and Data Mining is an international master program of University Jean Monnet (Saint-\u00c9tienne) and the Ecole des Mines de Saint-Etienne. It leads to the award of the French national master degre in Computer Science as well as the University Diploma in Machine Learning and Data Mining of the University Jean Monnet.", "level": "master", "degree": "M.Sc.", "tuition_fee": {"value": 750, "unit": "year", "currency": "EUR"}, "fulltime_duration": {"value": 24, "unit": "month"}, "density": {"parttime": false, "fulltime": true}, "methods": {"face2face": true, "online": false, "blended": false}, "organisation_id": 273, "organisation": "University Jean Monnet (Saint-\u00c9tienne)", "venues": [{"city": "Saint-\u00c9tienne", "country": "France", "area": "Rh\u00f4ne-Alpes", "display_area": false}], "discipline_title": "Machine Learning", "discipline_id": 331}, {"id": 290061, "title": "Machine Learning and Autonomous Systems", "summary": "Learn how to research, design and develop machine learning and autonomous systems technologies. You\u2019ll be prepared for a range of careers in industry.", "level": "master", "degree": "M.Sc.", "tuition_fee": {"value": 10748, "unit": "year", "currency": "EUR"}, "fulltime_duration": {"value": 12, "unit": "month"}, "density": {"parttime": false, "fulltime": true}, "methods": {"face2face": true, "online": false, "blended": false}, "organisation_id": 236, "organisation": "University of Bath", "venues": [{"city": "Bath", "country": "United Kingdom", "area": "England", "display_area": true}], "discipline_title": "Machine Learning", "discipline_id": 331}, {"id": 267474, "title": "Speech-Language Pathology", "summary": "The Department of Communication Sciences and Disorders at Bridgewater State University provides students with a comprehensive understanding of speech pathology, audiology and related specialties.&nbsp;", "level": "master", "degree": "M.Sc.", "fulltime_duration": {"value": 24, "unit": "month"}, "density": {"parttime": false, "fulltime": true}, "methods": {"face2face": true, "online": false, "blended": false}, "organisation_id": 16379, "organisation": "Bridgewater State University", "venues": [{"city": "Bridgewater", "country": "United States", "area": "Massachusetts", "display_area": true}], "discipline_title": "Machine Learning", "discipline_id": 331}, {"id": 257909, "title": "Speech-Language Pathology", "summary": "The Master of Science in Speech-Language Pathology program (MS-SLP) focuses on training speech-language pathologists to provide a full range of services to communicatively disordered clients in a variety of settings. The program provides scientifically-based academic and clinical curricula to foster critical thinking and application of best practices.", "level": "master", "degree": "M.Sc.", "tuition_fee": {"value": 698, "unit": "credit", "currency": "EUR"}, "fulltime_duration": {"value": 24, "unit": "month"}, "density": {"parttime": false, "fulltime": true}, "methods": {"face2face": true, "online": false, "blended": false}, "organisation_id": 14056, "organisation": "Nova Southeastern University", "venues": [{"city": "Davie", "country": "United States", "area": "Florida", "display_area": true}], "discipline_title": "Machine Learning", "discipline_id": 331}, {"id": 278036, "title": "Machine Learning and Autonomous Systems", "summary": "Machine Learning and Autonomous Systems&nbsp;degree offered at University of Bath&nbsp;has strong links to industry both nationally and internationally.", "level": "master", "degree": "M.A.", "tuition_fee": {"value": 10748, "unit": "year", "currency": "EUR"}, "fulltime_duration": {"value": 12, "unit": "month"}, "density": {"parttime": false, "fulltime": true}, "methods": {"face2face": true, "online": false, "blended": false}, "organisation_id": 236, "organisation": "University of Bath", "venues": [{"city": "Bath", "country": "United Kingdom", "area": "England", "display_area": true}], "discipline_title": "Machine Learning", "discipline_id": 331}, {"id": 127974, "title": "Speech-Language Pathology", "summary": "The Speech-Language Pathology program is offered at Brooklyn University at The City University of New York.", "level": "master", "degree": "M.Sc.", "tuition_fee": {"value": 790, "unit": "credit", "currency": "EUR"}, "fulltime_duration": {"value": 12, "unit": "month"}, "density": {"parttime": false, "fulltime": true}, "methods": {"face2face": true, "online": false, "blended": false}, "organisation_id": 11937, "organisation": "The City University of New York", "venues": [{"city": "New York City", "country": "United States", "area": "New York", "display_area": true}], "discipline_title": "Machine Learning", "discipline_id": 331}, {"id": 294216, "title": "Machine Learning", "summary": "The Machine Learning MSc at University College London (UCL) is a truly unique programme and provides an excellent environment to study the subject. It introduces the computational, mathematical and business views of machine learning to those who want to upgrade their expertise and portfolio of skills in this domain.", "level": "master", "degree": "M.Sc.", "tuition_fee": {"value": 16201, "unit": "year", "currency": "EUR"}, "fulltime_duration": {"value": 12, "unit": "month"}, "density": {"parttime": false, "fulltime": true}, "methods": {"face2face": true, "online": false, "blended": false}, "organisation_id": 271, "organisation": "University College London (UCL)", "venues": [{"city": "London", "country": "United Kingdom", "area": "England", "display_area": true}, {"city": "London", "country": "United Kingdom", "area": "England", "display_area": true}], "discipline_title": "Machine Learning", "discipline_id": 331}, {"id": 287603, "title": "Data Science and Machine Learning", "summary": "Data Science brings together computational and statistical skills and machine learning for data-driven problem solving. The Data Science and Machine Learning&nbsp;programme&nbsp; is offered at the University College London (UCL).", "level": "master", "degree": "M.Sc.", "tuition_fee": {"value": 16201, "unit": "year", "currency": "EUR"}, "fulltime_duration": {"value": 12, "unit": "month"}, "density": {"parttime": false, "fulltime": true}, "methods": {"face2face": true, "online": false, "blended": false}, "organisation_id": 271, "organisation": "University College London (UCL)", "venues": [{"city": "London", "country": "United Kingdom", "area": "England", "display_area": true}], "discipline_title": "Machine Learning", "discipline_id": 331}, {"id": 237751, "title": "Machine Learning", "summary": "Study the Machine Learning programme at Royal Holloway University of London and you\u2019ll equip yourself with a set of crucial skills to assist in the development of the next generation of search and analysis technologies.", "level": "master", "degree": "M.Sc.", "tuition_fee": {"value": 12785, "unit": "year", "currency": "EUR"}, "fulltime_duration": {"value": 12, "unit": "month"}, "parttime_duration": {"value": 24, "unit": "month"}, "density": {"parttime": true, "fulltime": true}, "methods": {"face2face": true, "online": false, "blended": false}, "organisation_id": 307, "organisation": "Royal Holloway University of London", "venues": [{"city": "London", "country": "United Kingdom", "area": "England", "display_area": true}], "discipline_title": "Machine Learning", "discipline_id": 331}, {"id": 247571, "title": "Computer Science - Artificial Intelligence and Machine Learning", "summary": "The Master of Science in Computer Science at Sofia University provides students with a broad background in software development and other core disciplines of computer science. It also gives them the opportunity to further their knowledge in foundational and applied topics. Learn technological skills with humanistic values. Classes available onsite and online.", "level": "master", "degree": "M.Sc.", "tuition_fee": {"value": 18023, "unit": "year", "currency": "EUR"}, "density": {"parttime": false, "fulltime": true}, "methods": {"face2face": true, "online": true, "blended": false}, "organisation_id": 18702, "organisation": "Sofia University", "venues": [{"city": "Palo Alto", "country": "United States", "area": "California", "display_area": true}], "discipline_title": "Machine Learning", "discipline_id": 331}, {"id": 264651, "title": "Informatics - Robotics and Intelligent Systems", "summary": "The Master in Informatics - Robotics and Intelligent Systems at University of Oslo has a focus on robotics systems and embedded systems. Especially on how to make such systems more intelligent and adaptable using programming, machine learning and other methods based in informatics. This programme will as such cover the competence needed in todays industry.", "level": "master", "degree": "Master", "tuition_fee": {"value": 0, "unit": "year", "currency": "EUR"}, "fulltime_duration": {"value": 24, "unit": "month"}, "density": {"parttime": false, "fulltime": true}, "methods": {"face2face": true, "online": false, "blended": false}, "organisation_id": 13, "organisation": "University of Oslo", "venues": [{"city": "Oslo", "country": "Norway", "area": "Oslo", "display_area": false}], "discipline_title": "Machine Learning", "discipline_id": 331}, {"id": 237752, "title": "Machine Learning with a Year in Industry", "summary": "Study Machine Learning with a Year in Industry&nbsp;programme at Royal Holloway University of London and you\u2019ll equip yourself with a set of crucial skills to assist in the development of the next generation of search and analysis technologies.", "level": "master", "degree": "M.Sc.", "tuition_fee": {"value": 12785, "unit": "year", "currency": "EUR"}, "fulltime_duration": {"value": 24, "unit": "month"}, "density": {"parttime": false, "fulltime": true}, "methods": {"face2face": true, "online": false, "blended": false}, "organisation_id": 307, "organisation": "Royal Holloway University of London", "venues": [{"city": "London", "country": "United Kingdom", "area": "England", "display_area": true}], "discipline_title": "Machine Learning", "discipline_id": 331}, {"id": 287592, "title": "Computational Statistics and Machine Learning", "summary": "&nbsp;Designed to be both mathematically rigorous and relevant, the Computational Statistics and Machine Learning programme offered at the University College London (UCL)&nbsp;covers fundamental aspects of machine learning and statistics, with potential options in information retrieval, bioinformatics, quantitative finance, artificial intelligence and machine vision.", "level": "master", "degree": "M.Sc.", "tuition_fee": {"value": 16201, "unit": "year", "currency": "EUR"}, "fulltime_duration": {"value": 12, "unit": "month"}, "density": {"parttime": false, "fulltime": true}, "methods": {"face2face": true, "online": false, "blended": false}, "organisation_id": 271, "organisation": "University College London (UCL)", "venues": [{"city": "London", "country": "United Kingdom", "area": "England", "display_area": true}], "discipline_title": "Machine Learning", "discipline_id": 331}, {"id": 297742, "title": "Mechatronics and Intelligent Machines (optional placement)", "summary": "The Mechatronics and Intelligent Machines (optional placement)&nbsp;course at&nbsp;University of Central Lancashire (UCLan)&nbsp;adopts a range of approaches to the delivery of curriculum including: case studies, lectures, practical sessions, independent learning guided by a tutor and tutorial sessions.", "level": "master", "degree": "M.Sc.", "tuition_fee": {"value": 7807, "unit": "year", "currency": "EUR"}, "fulltime_duration": {"value": 12, "unit": "month"}, "parttime_duration": {"value": 24, "unit": "month"}, "density": {"parttime": true, "fulltime": true}, "methods": {"face2face": true, "online": false, "blended": false}, "organisation_id": 217, "organisation": "University of Central Lancashire (UCLan)", "venues": [{"city": "Preston", "country": "United Kingdom", "area": "England", "display_area": true}], "discipline_title": "Machine Learning", "discipline_id": 331}, {"id": 152, "title": "Statistics and Machine Learning", "summary": "This Statistics and Machine Learning programme from Link\u00f6ping University&nbsp;meets the challenges of learning from these complex volumes by means of models and algorithms from machine learning, data mining and other computer-intensive statistical methods. By joining us, you will increase the efficiency and productivity of the systems and make them smarter and more autonomous.", "level": "master", "degree": "M.Sc.", "tuition_fee": {"value": 0, "unit": "year", "currency": "EUR"}, "fulltime_duration": {"value": 24, "unit": "month"}, "density": {"parttime": false, "fulltime": true}, "methods": {"face2face": true, "online": false, "blended": false}, "organisation_id": 9, "organisation": "Link\u00f6ping University", "venues": [{"city": "Link\u00f6ping", "country": "Sweden", "area": "\u00d6sterg\u00f6tland", "display_area": false}], "discipline_title": "Machine Learning", "discipline_id": 331}, {"id": 275838, "title": "Machine Learning and Machine Intelligence", "summary": "This MPhil in Machine Learning and Machine Intelligence at the University of Cambridge is a 12-month, taught from within our Information Engineering Division, with a unique, joint emphasis on both machine learning and machine intelligence, including speech and language technology and computer vision.", "level": "master", "degree": "M.Phil.", "tuition_fee": {"value": 16781, "unit": "year", "currency": "EUR"}, "fulltime_duration": {"value": 11, "unit": "month"}, "density": {"parttime": false, "fulltime": true}, "methods": {"face2face": true, "online": false, "blended": false}, "organisation_id": 34, "organisation": "University of Cambridge", "venues": [{"city": "Cambridge", "country": "United Kingdom", "area": "England", "display_area": true}], "discipline_title": "Machine Learning", "discipline_id": 331}, {"id": 131622, "title": "Speech-Language Pathology", "summary": "The Master of Science degree in Speech-Language Pathology from&nbsp;Appalachian State University is devoted to the study of human communication and associated disorders and prepares clinicians for work in a variety of settings \u2013 schools, hospitals, nursing homes, community clinics, home health and private practice.", "level": "master", "degree": "M.Sc.", "tuition_fee": {"value": 12666, "unit": "year", "currency": "EUR"}, "fulltime_duration": {"value": 24, "unit": "month"}, "density": {"parttime": false, "fulltime": true}, "methods": {"face2face": true, "online": false, "blended": false}, "organisation_id": 14210, "organisation": "Appalachian State University", "venues": [{"city": "Boone", "country": "United States", "area": "North Carolina", "display_area": true}], "discipline_title": "Machine Learning", "discipline_id": 331}, {"id": 288153, "title": "Image Analysis and Machine Learning", "summary": "The&nbsp;Image Analysis and Machine Learning program from&nbsp;Uppsala University&nbsp;gives you a comprehensive understanding of its two main subjects, both from a practical and theoretical perspective.", "level": "master", "degree": "M.Sc.", "tuition_fee": {"value": 0, "unit": "year", "currency": "EUR"}, "fulltime_duration": {"value": 24, "unit": "month"}, "density": {"parttime": false, "fulltime": true}, "methods": {"face2face": true, "online": false, "blended": false}, "organisation_id": 11, "organisation": "Uppsala University", "venues": [{"city": "Uppsala", "country": "Sweden", "area": "Uppsala", "display_area": false}], "discipline_title": "Machine Learning", "discipline_id": 331}, {"id": 294392, "title": "Imaging Technologies for eXtended Reality", "summary": "Imaging Technologies for eXtended Reality at&nbsp;University Jean Monnet (Saint-\u00c9tienne) is a two-year (120 ECTS) Master aiming to train highly skilled experts in image processing, computer vision, data analysis, machine and deep learning, material appearance, lighting, 3D visualization, image processing using GPGPU and XR technologies.", "level": "master", "degree": "M.Sc.", "tuition_fee": {"value": 750, "unit": "year", "currency": "EUR"}, "fulltime_duration": {"value": 24, "unit": "month"}, "density": {"parttime": false, "fulltime": true}, "methods": {"face2face": true, "online": false, "blended": false}, "organisation_id": 273, "organisation": "University Jean Monnet (Saint-\u00c9tienne)", "venues": [{"city": "Saint-\u00c9tienne", "country": "France", "area": "Rh\u00f4ne-Alpes", "display_area": false}], "discipline_title": "Machine Learning", "discipline_id": 331}, {"id": 204673, "title": "Speech- Language Pathology Program", "summary": "The Master of Science in Speech-Language Pathology Program (MS-SLP) at Jacksonville University is&nbsp;now available for those students planning careers as speech-language pathologists.&nbsp;", "level": "master", "degree": "M.Sc.", "tuition_fee": {"value": 665, "unit": "credit", "currency": "EUR"}, "fulltime_duration": {"value": 24, "unit": "month"}, "density": {"parttime": false, "fulltime": true}, "methods": {"face2face": true, "online": false, "blended": false}, "organisation_id": 11447, "organisation": "Jacksonville University", "venues": [{"city": "Jacksonville", "country": "United States", "area": "Florida", "display_area": true}], "discipline_title": "Machine Learning", "discipline_id": 331}, {"id": 278041, "title": "Robotics and Autonomous Systems including three-month placement", "summary": "Robotics and Autonomous Systems including three-month placement&nbsp;degree offered at University of Bath will help you take your career forward in an innovative and developing area of engineering.", "level": "master", "degree": "M.Sc.", "tuition_fee": {"value": 13435, "unit": "year", "currency": "EUR"}, "fulltime_duration": {"value": 15, "unit": "month"}, "density": {"parttime": false, "fulltime": true}, "methods": {"face2face": true, "online": false, "blended": false}, "organisation_id": 236, "organisation": "University of Bath", "venues": [{"city": "Bath", "country": "United Kingdom", "area": "England", "display_area": true}], "discipline_title": "Machine Learning", "discipline_id": 331}, {"id": 199075, "title": "Speech-Language Pathology", "summary": "A basic human birthright is our ability to communicate. Speech-language pathologists help people who have never developed, or lost this ability due to illness or injury. Speech-language pathologists care for patients of all ages with communication disorders.", "level": "master", "degree": "M.Sc.", "tuition_fee": {"value": 883, "unit": "credit", "currency": "EUR"}, "fulltime_duration": {"value": 24, "unit": "month"}, "density": {"parttime": false, "fulltime": true}, "methods": {"face2face": true, "online": false, "blended": false}, "organisation_id": 17286, "organisation": "La Salle University", "venues": [{"city": "Philadelphia", "country": "United States", "area": "Pennsylvania", "display_area": true}], "discipline_title": "Machine Learning", "discipline_id": 331}, {"id": 287591, "title": "Computational Statistics and Machine Learning", "summary": "The&nbsp;Computational Statistics and Machine Learning programme offered at the University College London&nbsp;(UCL) graduates benefit from the department's excellent links in finding employment; this programme is also ideal preparation for a research career.", "level": "master", "degree": "M.Res.", "tuition_fee": {"value": 16201, "unit": "year", "currency": "EUR"}, "fulltime_duration": {"value": 12, "unit": "month"}, "density": {"parttime": false, "fulltime": true}, "methods": {"face2face": true, "online": false, "blended": false}, "organisation_id": 271, "organisation": "University College London (UCL)", "venues": [{"city": "London", "country": "United Kingdom", "area": "England", "display_area": true}], "discipline_title": "Machine Learning", "discipline_id": 331}, {"id": 102370, "title": "Machine Learning", "summary": "The Machine Learning Department is an academic department within Carnegie Mellon University&nbsp;School of Computer Science. We focus on research and education in all areas of statistical machine learning.&nbsp;", "level": "master", "degree": "M.Sc.", "tuition_fee": {"value": 46304, "unit": "year", "currency": "EUR"}, "fulltime_duration": {"value": 24, "unit": "month"}, "density": {"parttime": false, "fulltime": true}, "methods": {"face2face": true, "online": false, "blended": false}, "organisation_id": 11714, "organisation": "Carnegie Mellon University", "venues": [{"city": "Pittsburgh", "country": "United States", "area": "Pennsylvania", "display_area": true}], "discipline_title": "Machine Learning", "discipline_id": 331}, {"id": 154681, "title": "Computer, Communication and Information Sciences - Machine Learning, Data Science and Artificial Intelligence", "summary": "This solid education in Computer, Communication and Information Sciences - Machine Learning, Data Science and Artificial Intelligence from&nbsp;Aalto University&nbsp;gives you excellent opportunities for a career in research institutions or in the private sector in the rapidly developing fields of machine learning, data science, and artificial intelligence.", "level": "master", "degree": "M.Sc.", "tuition_fee": {"value": 0, "unit": "year", "currency": "EUR"}, "fulltime_duration": {"value": 24, "unit": "month"}, "density": {"parttime": false, "fulltime": true}, "methods": {"face2face": true, "online": false, "blended": false}, "organisation_id": 18, "organisation": "Aalto University", "venues": [{"city": "Helsinki", "country": "Finland", "area": "Province of Southern Finland", "display_area": false}], "discipline_title": "Machine Learning", "discipline_id": 331}, {"id": 262958, "title": "Robotics and Autonomous Systems", "summary": "Robotics and Autonomous Systems&nbsp;degree offered at University of Sussex is for you if you\u2019re a non-engineering graduate wishing to work for engineering companies.&nbsp;", "level": "master", "degree": "M.Sc.", "tuition_fee": {"value": 12445, "unit": "year", "currency": "EUR"}, "fulltime_duration": {"value": 12, "unit": "month"}, "parttime_duration": {"value": 24, "unit": "month"}, "density": {"parttime": true, "fulltime": true}, "methods": {"face2face": true, "online": false, "blended": false}, "organisation_id": 275, "organisation": "University of Sussex", "venues": [{"city": "Brighton", "country": "United Kingdom", "area": "England", "display_area": true}], "discipline_title": "Machine Learning", "discipline_id": 331}, {"id": 84465, "title": "Computing (Artificial Intelligence and Machine Learning)", "summary": "The&nbsp;Computing (Artificial Intelligence and Machine Learning) course from&nbsp;Imperial College London focuses on artificial intelligence and knowledge engineering, as well as the development of computational and engineering models of complex cognitive and social behaviours.", "level": "master", "degree": "M.Sc.", "tuition_fee": {"value": 16688, "unit": "year", "currency": "EUR"}, "fulltime_duration": {"value": 12, "unit": "month"}, "density": {"parttime": false, "fulltime": true}, "methods": {"face2face": true, "online": false, "blended": false}, "organisation_id": 190, "organisation": "Imperial College London", "venues": [{"city": "London", "country": "United Kingdom", "area": "England", "display_area": true}], "discipline_title": "Machine Learning", "discipline_id": 331}, {"id": 266332, "title": "Machine Learning in Science", "summary": "Gain advanced training into the fundamentals of modern Machine Learning (ML) and Artificial Intelligence (AI) with particular focus on their application to problems across the sciences.", "level": "master", "degree": "M.Sc.", "tuition_fee": {"value": 8248, "unit": "year", "currency": "EUR"}, "fulltime_duration": {"value": 12, "unit": "month"}, "density": {"parttime": false, "fulltime": true}, "methods": {"face2face": true, "online": false, "blended": false}, "organisation_id": 1529, "organisation": "Nottingham University Business School", "venues": [{"city": "Nottingham", "country": "United Kingdom", "area": "England", "display_area": true}], "discipline_title": "Machine Learning", "discipline_id": 331}, {"id": 288152, "title": "Machine Learning and Statistics", "summary": "The&nbsp;Machine Learning and Statistics program from&nbsp;Uppsala University&nbsp;will provide you with the knowledge, tools and skills to succeed in a wide range of different positions that involve the analysis of large amounts of data.&nbsp;", "level": "master", "degree": "M.Sc.", "tuition_fee": {"value": 0, "unit": "year", "currency": "EUR"}, "fulltime_duration": {"value": 24, "unit": "month"}, "density": {"parttime": false, "fulltime": true}, "methods": {"face2face": true, "online": false, "blended": false}, "organisation_id": 11, "organisation": "Uppsala University", "venues": [{"city": "Uppsala", "country": "Sweden", "area": "Uppsala", "display_area": false}], "discipline_title": "Machine Learning", "discipline_id": 331}, {"id": 279834, "title": "Machine Learning", "summary": "Welcome to our International Master's Program in Machine Learning! The University of Tuebingen collaborates closely with the&nbsp; Max Planck Institute for Intelligent Systems and the Max Planck Institute for Biological Cybernetics and they form together one of leading research hubs for machine learning in Europe and world-wide.", "level": "master", "degree": "Master", "tuition_fee": {"value": 0, "unit": "year", "currency": "EUR"}, "fulltime_duration": {"value": 24, "unit": "month"}, "density": {"parttime": false, "fulltime": true}, "methods": {"face2face": true, "online": false, "blended": false}, "organisation_id": 188, "organisation": "University of T\u00fcbingen", "venues": [{"city": "T\u00fcbingen", "country": "Germany", "area": "Baden-W\u00fcrttemberg", "display_area": false}], "discipline_title": "Machine Learning", "discipline_id": 331}, {"id": 235777, "title": "Informatics - ANC - Machine Learning, Computational Neuroscience, Computational Biology", "summary": "The&nbsp;Informatics - ANC - Machine Learning, Computational Neuroscience, Computational Biology programme offered by&nbsp;The University of Edinburgh&nbsp;is a world-leading institute dedicated to the theoretical and empirical study of adaptive processes in both artificial and biological systems. We are one of the UK\u2019s largest and most prestigious academic teams in these fields.", "level": "master", "degree": "Master", "tuition_fee": {"value": 31848, "unit": "year", "currency": "EUR"}, "fulltime_duration": {"value": 12, "unit": "month"}, "parttime_duration": {"value": 24, "unit": "month"}, "density": {"parttime": true, "fulltime": true}, "methods": {"face2face": true, "online": false, "blended": false}, "organisation_id": 43, "organisation": "The University of Edinburgh", "venues": [{"city": "Edinburgh", "country": "United Kingdom", "area": "Scotland", "display_area": true}], "discipline_title": "Machine Learning", "discipline_id": 331}, {"id": 267858, "title": "Speech Language Pathology", "summary": "The Communication Sciences and Disorders Department offers a graduate program leading to a M.S. in speech language pathology degree.&nbsp;", "level": "master", "degree": "M.Sc.", "tuition_fee": {"value": 715, "unit": "credit", "currency": "EUR"}, "fulltime_duration": {"value": 24, "unit": "month"}, "density": {"parttime": false, "fulltime": true}, "methods": {"face2face": true, "online": false, "blended": false}, "organisation_id": 17295, "organisation": "Clarion University of Pennsylvania", "venues": [{"city": "Clarion", "country": "United States", "area": "Pennsylvania", "display_area": true}], "discipline_title": "Machine Learning", "discipline_id": 331}, {"id": 12942, "title": "Intelligent Systems and Robotics", "summary": "Robotics requires a well-developed knowledge of areas ranging from computer science and artificial intelligence, to engineering and neuroscience, in order to produce hardware which can sense and manipulate the real world. This field has allowed us to develop everything from satellites and submarines, to racecars and robots.", "level": "master", "degree": "M.Sc.", "tuition_fee": {"value": 10748, "unit": "year", "currency": "EUR"}, "fulltime_duration": {"value": 12, "unit": "month"}, "parttime_duration": {"value": 24, "unit": "month"}, "density": {"parttime": true, "fulltime": true}, "methods": {"face2face": true, "online": false, "blended": false}, "organisation_id": 620, "organisation": "University of Essex", "venues": [{"city": "Colchester", "country": "United Kingdom", "area": "England", "display_area": true}], "discipline_title": "Machine Learning", "discipline_id": 331}, {"id": 100694, "title": "Speech Language Pathology", "summary": "The Master of Arts degree in Speech Language Pathology from the&nbsp;Kent State University&nbsp; educates competent speech-language pathologists to critically evaluate communication disorders and the methods used in the habilitation and rehabilitation of those disorders.", "level": "master", "degree": "M.A.", "tuition_fee": {"value": 20289, "unit": "year", "currency": "EUR"}, "fulltime_duration": {"value": 12, "unit": "month"}, "density": {"parttime": false, "fulltime": true}, "methods": {"face2face": true, "online": false, "blended": false}, "organisation_id": 11520, "organisation": "Kent State University", "venues": [{"city": "Kent", "country": "United States", "area": "Ohio", "display_area": true}], "discipline_title": "Machine Learning", "discipline_id": 331}, {"id": 294102, "title": "Integrated Machine Learning Systems", "summary": "This MSc Integrated Machine Learning Systems programme from University College London (UCL)&nbsp;teaches how to engineer the machine learning systems that will form the basis of our economies, society and industry in the next few decades.&nbsp;", "level": "master", "degree": "M.Sc.", "tuition_fee": {"value": 15432, "unit": "year", "currency": "EUR"}, "fulltime_duration": {"value": 12, "unit": "month"}, "parttime_duration": {"value": 24, "unit": "month"}, "density": {"parttime": true, "fulltime": true}, "methods": {"face2face": true, "online": false, "blended": false}, "organisation_id": 271, "organisation": "University College London (UCL)", "venues": [{"city": "London", "country": "United Kingdom", "area": "England", "display_area": true}, {"city": "London", "country": "United Kingdom", "area": "England", "display_area": true}], "discipline_title": "Machine Learning", "discipline_id": 331}, {"id": 240121, "title": "Robotics", "summary": "This Robotics program from&nbsp;Swiss Federal Institute of Technology Lausanne&nbsp;provides education on the theory, technology and practice of intelligent robots, such as mobile robots, wearable robots, robotic manipulators, autonomous and brain-interfaced robots.", "level": "master", "degree": "M.Sc.", "tuition_fee": {"value": 1138, "unit": "year", "currency": "EUR"}, "fulltime_duration": {"value": 24, "unit": "month"}, "density": {"parttime": false, "fulltime": true}, "methods": {"face2face": true, "online": false, "blended": false}, "organisation_id": 428, "organisation": "Swiss Federal Institute of Technology Lausanne", "venues": [{"city": "Lausanne", "country": "Switzerland", "area": "Vaud", "display_area": false}], "discipline_title": "Machine Learning", "discipline_id": 331}, {"id": 265108, "title": "Speech-Language Pathology", "summary": "The five-semester SLP program involves combined course, lab, and clinical work in speech, language, hearing, and swallowing.&nbsp;", "level": "master", "degree": "M.Sc.", "tuition_fee": {"value": 1867, "unit": "credit", "currency": "EUR"}, "fulltime_duration": {"value": 24, "unit": "month"}, "density": {"parttime": false, "fulltime": true}, "methods": {"face2face": true, "online": false, "blended": false}, "organisation_id": 17031, "organisation": "Gallaudet University", "venues": [{"city": "Washington, D. C.", "country": "United States", "area": "Washington, D.C.", "display_area": true}], "discipline_title": "Machine Learning", "discipline_id": 331}, {"id": 205581, "title": "Speech-Language Pathology", "summary": "The&nbsp;Speech-Language Pathology program&nbsp;offered by Moravian College&nbsp; will utilize a problem based approach to learning and emphasize interprofessional education.", "level": "master", "degree": "M.Sc.", "tuition_fee": {"value": 17561, "unit": "year", "currency": "EUR"}, "fulltime_duration": {"value": 24, "unit": "month"}, "density": {"parttime": false, "fulltime": true}, "methods": {"face2face": true, "online": false, "blended": false}, "organisation_id": 17446, "organisation": "Moravian College", "venues": [{"city": "Bethlehem", "country": "United States", "area": "Pennsylvania", "display_area": true}], "discipline_title": "Machine Learning", "discipline_id": 331}, {"id": 100153, "title": "Speech-Language Pathology", "summary": "The University of Pittsburgh offers a highly ranked program in Speech-Language Pathology (SLP) through a Master of Arts/Master of Science degree in Communication Science and Disorders.", "level": "master", "degree": "M.Sc.", "tuition_fee": {"value": 43267, "unit": "year", "currency": "EUR"}, "fulltime_duration": {"value": 24, "unit": "month"}, "density": {"parttime": false, "fulltime": true}, "methods": {"face2face": true, "online": false, "blended": false}, "organisation_id": 11747, "organisation": "University of Pittsburgh", "venues": [{"city": "Pittsburgh", "country": "United States", "area": "Pennsylvania", "display_area": true}], "discipline_title": "Machine Learning", "discipline_id": 331}, {"id": 7461, "title": "Robotics and Intelligent Systems", "summary": "Learn about state-of-the-art artificial intelligence and robotics together with some of Sweden's leading researchers. Our highly rated&nbsp;Robotics and Intelligent Systems programme at&nbsp;\u00d6rebro University prepares you for advanced development and research in AI, self-driving cars, smart homes and more.", "level": "master", "degree": "Master", "tuition_fee": {"value": 0, "unit": "year", "currency": "EUR"}, "fulltime_duration": {"value": 24, "unit": "month"}, "density": {"parttime": false, "fulltime": true}, "methods": {"face2face": true, "online": false, "blended": false}, "organisation_id": 289, "organisation": "\u00d6rebro University", "venues": [{"city": "\u00d6rebro", "country": "Sweden", "area": "\u00d6rebro", "display_area": false}], "discipline_title": "Machine Learning", "discipline_id": 331}, {"id": 144375, "title": "Speech-Language Pathology", "summary": "Speech-language pathologists (SLPs) help everyone from infants to aging adults overcome communication disorders.", "level": "master", "degree": "M.Sc.", "tuition_fee": {"value": 1164, "unit": "credit", "currency": "EUR"}, "fulltime_duration": {"value": 36, "unit": "month"}, "density": {"parttime": false, "fulltime": true}, "methods": {"face2face": true, "online": false, "blended": false}, "organisation_id": 15071, "organisation": "Seton Hall University", "venues": [{"city": "South Orange", "country": "United States", "area": "New Jersey", "display_area": true}], "discipline_title": "Machine Learning", "discipline_id": 331}, {"id": 77176, "title": "Robotics", "summary": "Launch yourself into the robotics research environment and develop the skills and confidence to conduct your own in-depth research project. Gain current, advanced theoretical and practical knowledge from our world-leading experts in intelligent and interactive robotics.&nbsp;Robotics programme is offered at University of Plymouth.", "level": "master", "degree": "M.Res.", "tuition_fee": {"value": 9956, "unit": "year", "currency": "EUR"}, "fulltime_duration": {"value": 12, "unit": "month"}, "density": {"parttime": true, "fulltime": true}, "methods": {"face2face": true, "online": false, "blended": false}, "organisation_id": 1773, "organisation": "University of Plymouth", "venues": [{"city": "Plymouth", "country": "United Kingdom", "area": "England", "display_area": true}], "discipline_title": "Machine Learning", "discipline_id": 331}, {"id": 265876, "title": "Machine Learning in Science", "summary": "Gain advanced training into the fundamentals of modern machine learning and artificial intelligence with particular focus on their application to problems across the sciences.", "level": "master", "degree": "M.Sc.", "tuition_fee": {"value": 9062, "unit": "year", "currency": "EUR"}, "fulltime_duration": {"value": 12, "unit": "month"}, "density": {"parttime": false, "fulltime": true}, "methods": {"face2face": true, "online": false, "blended": false}, "organisation_id": 166, "organisation": "University of Nottingham", "venues": [{"city": "Nottingham", "country": "United Kingdom", "area": "England", "display_area": true}, {"city": "Nottingham", "country": "United Kingdom", "area": "England", "display_area": true}], "discipline_title": "Machine Learning", "discipline_id": 331}, {"id": 285581, "title": "Robotics and Intelligent Autonomous Systems", "summary": "Robotics and Intelligent Autonomous Systems program offered by the&nbsp;University of Cincinnati is an emerging field involving multiple engineering disciplines.", "level": "master", "degree": "M.Eng.", "tuition_fee": {"value": 11821, "unit": "year", "currency": "EUR"}, "fulltime_duration": {"value": 12, "unit": "month"}, "density": {"parttime": false, "fulltime": true}, "methods": {"face2face": true, "online": false, "blended": false}, "organisation_id": 11497, "organisation": "University of Cincinnati", "venues": [{"city": "Cincinnati", "country": "United States", "area": "Ohio", "display_area": true}], "discipline_title": "Machine Learning", "discipline_id": 331}, {"id": 124274, "title": "Speech-Language Pathology", "summary": "Pursuing a graduate degree in Audiology and Speech-Language Pathology at the University of North Texas prepares you to work effectively with people who have communication disorders. It also advances the discipline through professional, clinical and research activities.", "level": "master", "degree": "M.Sc.", "fulltime_duration": {"value": 24, "unit": "month"}, "density": {"parttime": false, "fulltime": true}, "methods": {"face2face": true, "online": false, "blended": false}, "organisation_id": 12198, "organisation": "University of North Texas", "venues": [{"city": "Denton", "country": "United States", "area": "Texas", "display_area": true}], "discipline_title": "Machine Learning", "discipline_id": 331}, {"id": 77180, "title": "Robotics", "summary": "Be inspired to innovate and develop the robots, artificial intelligence and autonomous systems of tomorrow\u2019s world. Gain advanced theoretical and practical knowledge from our world-leading experts at University of Plymouth in interactive and intelligent Robotics, and graduate ready to pursue an exciting career in anything from home automation to deep sea or space exploration.", "level": "master", "degree": "M.Sc.", "tuition_fee": {"value": 9956, "unit": "year", "currency": "EUR"}, "fulltime_duration": {"value": 12, "unit": "month"}, "density": {"parttime": true, "fulltime": true}, "methods": {"face2face": true, "online": false, "blended": false}, "organisation_id": 1773, "organisation": "University of Plymouth", "venues": [{"city": "Plymouth", "country": "United Kingdom", "area": "England", "display_area": true}], "discipline_title": "Machine Learning", "discipline_id": 331}, {"id": 14898, "title": "Human-Machine Communication", "summary": "The Human-Machine Communication programme at the University of Groningen focuses on Cognitive Science and its applications.&nbsp;", "level": "master", "degree": "M.Sc.", "tuition_fee": {"value": 2083, "unit": "year", "currency": "EUR"}, "fulltime_duration": {"value": 24, "unit": "month"}, "density": {"parttime": false, "fulltime": true}, "methods": {"face2face": true, "online": false, "blended": false}, "organisation_id": 37, "organisation": "University of Groningen", "venues": [{"city": "Groningen", "country": "Netherlands", "area": "Province of Groningen", "display_area": false}], "discipline_title": "Machine Learning", "discipline_id": 331}, {"id": 289668, "title": "Computational Modeling and Simulation", "summary": "At TU Dresden, this curriculum teaches the computational and mathematical foundations of Computational Modeling and Simulation across applications.&nbsp;", "level": "master", "degree": "M.Sc.", "tuition_fee": {"value": 1000, "unit": "year", "currency": "EUR"}, "density": {"parttime": false, "fulltime": true}, "methods": {"face2face": true, "online": false, "blended": false}, "organisation_id": 50, "organisation": "TU Dresden", "venues": [{"city": "Dresden", "country": "Germany", "area": "Saxony", "display_area": false}], "discipline_title": "Machine Learning", "discipline_id": 331}, {"id": 277999, "title": "Robotics and Autonomous Systems", "summary": "Robotics and Autonomous Systems&nbsp;degree offered at University of Bath&nbsp;will help you take your career forward in an innovative and developing area of engineering. It balances advanced theory with technical skills so that you can learn to develop complete operational systems.", "level": "master", "degree": "M.Sc.", "tuition_fee": {"value": 10748, "unit": "year", "currency": "EUR"}, "fulltime_duration": {"value": 12, "unit": "month"}, "density": {"parttime": false, "fulltime": true}, "methods": {"face2face": true, "online": false, "blended": false}, "organisation_id": 236, "organisation": "University of Bath", "venues": [{"city": "Bath", "country": "United Kingdom", "area": "England", "display_area": true}], "discipline_title": "Machine Learning", "discipline_id": 331}, {"id": 260518, "title": "Robotics and Autonomous Systems", "summary": "The MSc Robotics and Autonomous Systems programme from&nbsp;University of Lincoln is designed to equip students with the advanced knowledge and skills needed to develop the innovative solutions required by the emerging global industry in Robotics and Autonomous Systems (RAS), and across many other sectors where RAS skills are applicable.&nbsp;", "level": "master", "degree": "M.Sc.", "tuition_fee": {"value": 8712, "unit": "year", "currency": "EUR"}, "fulltime_duration": {"value": 12, "unit": "month"}, "parttime_duration": {"value": 24, "unit": "month"}, "density": {"parttime": true, "fulltime": true}, "methods": {"face2face": true, "online": false, "blended": false}, "organisation_id": 242, "organisation": "University of Lincoln", "venues": [{"city": "Lincoln", "country": "United Kingdom", "area": "England", "display_area": true}], "discipline_title": "Machine Learning", "discipline_id": 331}, {"id": 293867, "title": "Information and Communication Technology (Signal Processing and Machine Learning)", "summary": "The Master of Science in Information and Communication Technology (Signal Processing and Machine Learning) from University of Malta aims to provide areas of excellence in the field of ICT that are suitable for the Information and Communications industry.&nbsp;", "level": "master", "degree": "M.Sc.", "tuition_fee": {"value": 0, "unit": "year", "currency": "EUR"}, "fulltime_duration": {"value": 24, "unit": "month"}, "density": {"parttime": false, "fulltime": true}, "methods": {"face2face": true, "online": false, "blended": false}, "organisation_id": 362, "organisation": "University of Malta", "venues": [{"city": "Msida", "country": "Malta"}], "discipline_title": "Machine Learning", "discipline_id": 331}]