[{"id": 263569, "title": "Managing Identity", "summary": "As you build a cybersecurity defense plan, learn best practices around Active Directory, Azure Active Directory, and identity management. The&nbsp;Managing Identity course offered by&nbsp;edX - online learning platform&nbsp;is part of the Microsoft Professional Program in Cybersecurity.", "level": "short", "degree": "Certificate", "parttime_duration": {"value": 28, "unit": "day"}, "density": {"parttime": true, "fulltime": false}, "methods": {"face2face": false, "online": true, "blended": false}, "organisation_id": 16783, "organisation": "edX - online learning platform", "venues": [{"city": "Portland", "country": "United States", "area": "Oregon", "display_area": true}], "discipline_title": "IT Security", "discipline_id": 285}, {"id": 264179, "title": "Microsoft SharePoint 2016 - Authentication and Security", "summary": "EdX is an online learning platform trusted by over 12 million users offering the Microsoft SharePoint 2016 - Authentication and Security Certificate in collaboration with&nbsp;MicrosoftX.&nbsp;Learn how to plan and configure the authentication and security requirements for SharePoint Server 2016 to better protect your organization\u2019s environment.", "level": "short", "degree": "Certificate", "parttime_duration": {"value": 63, "unit": "day"}, "density": {"parttime": true, "fulltime": false}, "methods": {"face2face": false, "online": true, "blended": false}, "organisation_id": 16785, "organisation": "MicrosoftX", "venues": [{"city": "Portland", "country": "United States", "area": "Oregon", "display_area": true}], "discipline_title": "IT Security", "discipline_id": 285}, {"id": 281056, "title": "IT Fundamentals for Cybersecurity", "summary": "Launch your career in Cybersecurity. Acquire the knowledge you need to work in Cybersecurity with this&nbsp;IT Fundamentals for Cybersecurity offered by Coursera in partnership with IBM.", "level": "short", "degree": "Short Course", "parttime_duration": {"value": 2, "unit": "month"}, "density": {"parttime": true, "fulltime": false}, "methods": {"face2face": false, "online": true, "blended": false}, "organisation_id": 17569, "organisation": "Coursera", "venues": [{"city": "Mountain View", "country": "United States", "area": "California", "display_area": true}], "discipline_title": "IT Security", "discipline_id": 285}, {"id": 264161, "title": "Powershell Security Best Practices", "summary": "EdX is an online learning platform trusted by over 12 million users offering the Powershell Security Best Practices Certificate in collaboration with&nbsp;MicrosoftX.&nbsp;Learn best practices on how to use PowerShell securely and how to use PowerShell to enhance security.", "level": "short", "degree": "Certificate", "parttime_duration": {"value": 28, "unit": "day"}, "density": {"parttime": true, "fulltime": false}, "methods": {"face2face": false, "online": true, "blended": false}, "organisation_id": 16785, "organisation": "MicrosoftX", "venues": [{"city": "Portland", "country": "United States", "area": "Oregon", "display_area": true}], "discipline_title": "IT Security", "discipline_id": 285}, {"id": 263576, "title": "Securing Data in Azure and SQL Server", "summary": "Learn the latest processes for keeping data secure in Azure and SQL Server through this&nbsp;Securing Data in Azure and SQL Server course offered by&nbsp;edX - online learning platform.", "level": "short", "degree": "Certificate", "parttime_duration": {"value": 28, "unit": "day"}, "density": {"parttime": true, "fulltime": false}, "methods": {"face2face": false, "online": true, "blended": false}, "organisation_id": 16783, "organisation": "edX - online learning platform", "venues": [{"city": "Portland", "country": "United States", "area": "Oregon", "display_area": true}], "discipline_title": "IT Security", "discipline_id": 285}, {"id": 264164, "title": "Security in Office 365", "summary": "EdX is an online learning platform trusted by over 12 million users offering the Security in Office 365 Certificate in collaboration with&nbsp;MicrosoftX.&nbsp;Learn how to plan, implement, and manage security in Office 365.", "level": "short", "degree": "Certificate", "parttime_duration": {"value": 35, "unit": "day"}, "density": {"parttime": true, "fulltime": false}, "methods": {"face2face": false, "online": true, "blended": false}, "organisation_id": 16785, "organisation": "MicrosoftX", "venues": [{"city": "Portland", "country": "United States", "area": "Oregon", "display_area": true}], "discipline_title": "IT Security", "discipline_id": 285}, {"id": 264181, "title": "Windows Server 2016 Security Features", "summary": "EdX is an online learning platform trusted by over 12 million users offering the Windows Server 2016 Security Features Certificate in collaboration with&nbsp;MicrosoftX.&nbsp;Take a deep dive into the new layers of protection built into Windows Server 2016. Learn to further safeguard against security breaches by blocking malicious attacks.", "level": "short", "degree": "Certificate", "parttime_duration": {"value": 35, "unit": "day"}, "density": {"parttime": true, "fulltime": false}, "methods": {"face2face": false, "online": true, "blended": false}, "organisation_id": 16785, "organisation": "MicrosoftX", "venues": [{"city": "Portland", "country": "United States", "area": "Oregon", "display_area": true}], "discipline_title": "IT Security", "discipline_id": 285}, {"id": 263581, "title": "Microsoft Azure Security Services", "summary": "EdX is an online learning platform trusted by over 12 million users offering the Microsoft Azure Security Services Certificate in collaboration with&nbsp;MicrosoftX.&nbsp;Understand the current nature of the security threat landscape and study the new security architecture and features of Microsoft Azure.", "level": "short", "degree": "Certificate", "parttime_duration": {"value": 28, "unit": "day"}, "density": {"parttime": true, "fulltime": false}, "methods": {"face2face": false, "online": true, "blended": false}, "organisation_id": 16785, "organisation": "MicrosoftX", "venues": [{"city": "Portland", "country": "United States", "area": "Oregon", "display_area": true}], "discipline_title": "IT Security", "discipline_id": 285}, {"id": 281050, "title": "Cybersecurity for Identity Protection", "summary": "This Cybersecurity for Identity Protection offered by Coursera in partnership with EIT Digital empowers students, professionals and wider community to deal with cybersecurity attacks and risks focused on identity management and it is an introduction to the upcoming full course focused on cybersecurity awareness.", "level": "short", "degree": "Certificate", "parttime_duration": {"value": 1, "unit": "month"}, "density": {"parttime": true, "fulltime": false}, "methods": {"face2face": false, "online": true, "blended": false}, "organisation_id": 17569, "organisation": "Coursera", "venues": [{"city": "Mountain View", "country": "United States", "area": "California", "display_area": true}], "discipline_title": "IT Security", "discipline_id": 285}, {"id": 265738, "title": "Terrorism Studies", "summary": "Study the characteristics of terrorism, terrorist tactics&nbsp;and counter-terrorism at the&nbsp;University of St Andrews", "level": "short", "degree": "Short Course", "tuition_fee": {"value": 4524, "unit": "full", "currency": "EUR"}, "parttime_duration": {"value": 8, "unit": "month"}, "density": {"parttime": true, "fulltime": false}, "methods": {"face2face": false, "online": true, "blended": false}, "organisation_id": 215, "organisation": "University of St Andrews", "venues": [{"city": "Saint Andrews", "country": "United Kingdom", "area": "Scotland", "display_area": true}], "discipline_title": "IT Security", "discipline_id": 285}, {"id": 263573, "title": "Security in Office 365", "summary": "Learn how to plan, implement, and manage security in Office 365 through this&nbsp;Security in Office 365 offered by&nbsp;edX - online learning platform.&nbsp;", "level": "short", "degree": "Certificate", "parttime_duration": {"value": 35, "unit": "day"}, "density": {"parttime": true, "fulltime": false}, "methods": {"face2face": false, "online": true, "blended": false}, "organisation_id": 16783, "organisation": "edX - online learning platform", "venues": [{"city": "Portland", "country": "United States", "area": "Oregon", "display_area": true}], "discipline_title": "IT Security", "discipline_id": 285}, {"id": 280836, "title": "Introduction to Blockchain - Evolution and Technology Concepts", "summary": "This&nbsp;Introduction to Blockchain - Evolution and Technology Concepts offered by Coursera in partnership with Association of International Certified Professional Accountants is part of the Introduction to Blockchain Specialization.", "level": "short", "degree": "Certificate", "parttime_duration": {"value": 1, "unit": "month"}, "density": {"parttime": true, "fulltime": false}, "methods": {"face2face": false, "online": true, "blended": false}, "organisation_id": 17569, "organisation": "Coursera", "venues": [{"city": "Mountain View", "country": "United States", "area": "California", "display_area": true}], "discipline_title": "IT Security", "discipline_id": 285}, {"id": 194855, "title": "Essentials of Cybersecurity", "summary": "EdX is an online learning platform trusted by over 12 million users offering   the Essentials of Cybersecurity Professional Certificate in collaboration with&nbsp;University of Washington - UWashingtonX.&nbsp;Find your niche in cybersecurity.", "level": "short", "degree": "Short Course", "tuition_fee": {"value": 366, "unit": "full", "currency": "EUR"}, "parttime_duration": {"value": 4, "unit": "month"}, "density": {"parttime": true, "fulltime": false}, "methods": {"face2face": false, "online": true, "blended": false}, "organisation_id": 17249, "organisation": "University of Washington - UWashingtonX", "venues": [{"city": "Seattle", "country": "United States", "area": "Washington", "display_area": true}], "discipline_title": "IT Security", "discipline_id": 285}, {"id": 263580, "title": "Windows Server 2016 Security Features", "summary": "This Windows Server 2016 Security Features course from&nbsp;edX - online learning platform is part of the Microsoft Professional Program in Cybersecurity.", "level": "short", "degree": "Certificate", "parttime_duration": {"value": 35, "unit": "day"}, "density": {"parttime": true, "fulltime": false}, "methods": {"face2face": false, "online": true, "blended": false}, "organisation_id": 16783, "organisation": "edX - online learning platform", "venues": [{"city": "Portland", "country": "United States", "area": "Oregon", "display_area": true}], "discipline_title": "IT Security", "discipline_id": 285}, {"id": 281282, "title": "Advanced System Security Topics", "summary": "This Advanced System Security Topics offered by Coursera in partnership with&nbsp;University of Colorado System is part of the Advanced System Security Design Specialization.", "level": "short", "degree": "Certificate", "parttime_duration": {"value": 1, "unit": "month"}, "density": {"parttime": true, "fulltime": false}, "methods": {"face2face": false, "online": true, "blended": false}, "organisation_id": 17569, "organisation": "Coursera", "venues": [{"city": "Mountain View", "country": "United States", "area": "California", "display_area": true}], "discipline_title": "IT Security", "discipline_id": 285}, {"id": 75346, "title": "Network Security", "summary": "The&nbsp;Network Security&nbsp;programme offered by The Open University UK&nbsp;will provide you with the knowledge, understanding and practical experience of managing secure communication across a large-scale internetwork using Cisco equipment. You will also be expected to undertake individual research to contextualise your Cisco study in the broader security management environment.", "level": "short", "degree": "Short Course", "parttime_duration": {"value": 6, "unit": "month"}, "density": {"parttime": true, "fulltime": false}, "methods": {"face2face": false, "online": true, "blended": false}, "organisation_id": 1865, "organisation": "The Open University UK", "venues": [{"city": "Milton Keynes", "country": "United Kingdom", "area": "England", "display_area": true}], "discipline_title": "IT Security", "discipline_id": 285}, {"id": 265735, "title": "Terrorism Studies", "summary": "Study the characteristics of terrorism, terrorist tactics&nbsp;and counter-terrorism at the&nbsp;University of St Andrews", "level": "short", "degree": "Short Course", "tuition_fee": {"value": 791, "unit": "full", "currency": "EUR"}, "parttime_duration": {"value": 1, "unit": "month"}, "density": {"parttime": true, "fulltime": false}, "methods": {"face2face": false, "online": true, "blended": false}, "organisation_id": 215, "organisation": "University of St Andrews", "venues": [{"city": "Saint Andrews", "country": "United Kingdom", "area": "Scotland", "display_area": true}], "discipline_title": "IT Security", "discipline_id": 285}, {"id": 264180, "title": "Windows 10 Security Features", "summary": "EdX is an online learning platform trusted by over 12 million users offering the Windows 10 Security Features Certificate in collaboration with&nbsp;MicrosoftX.&nbsp;Dive into the new security architecture and features of Windows 10, and learn how to enable them, as you explore today\u2019s security threat landscape.", "level": "short", "degree": "Certificate", "parttime_duration": {"value": 28, "unit": "day"}, "density": {"parttime": true, "fulltime": false}, "methods": {"face2face": false, "online": true, "blended": false}, "organisation_id": 16785, "organisation": "MicrosoftX", "venues": [{"city": "Portland", "country": "United States", "area": "Oregon", "display_area": true}], "discipline_title": "IT Security", "discipline_id": 285}, {"id": 264159, "title": "Planning a Security Incident Response", "summary": "EdX is an online learning platform trusted by over 12 million users offering the Planning a Security Incident Response Certificate in collaboration with&nbsp;MicrosoftX.&nbsp;This course details the recommended processes and procedures to plan for and use when responding to enterprise security intrusions.", "level": "short", "degree": "Certificate", "parttime_duration": {"value": 28, "unit": "day"}, "density": {"parttime": true, "fulltime": false}, "methods": {"face2face": false, "online": true, "blended": false}, "organisation_id": 16785, "organisation": "MicrosoftX", "venues": [{"city": "Portland", "country": "United States", "area": "Oregon", "display_area": true}], "discipline_title": "IT Security", "discipline_id": 285}, {"id": 264163, "title": "Managing Identity", "summary": "EdX is an online learning platform trusted by over 12 million users offering the Managing Identity Certificate in collaboration with&nbsp;MicrosoftX.&nbsp;As you build a cybersecurity defense plan, learn best practices around Active Directory, Azure Active Directory, and identity management.", "level": "short", "degree": "Certificate", "parttime_duration": {"value": 28, "unit": "day"}, "density": {"parttime": true, "fulltime": false}, "methods": {"face2face": false, "online": true, "blended": false}, "organisation_id": 16785, "organisation": "MicrosoftX", "venues": [{"city": "Portland", "country": "United States", "area": "Oregon", "display_area": true}], "discipline_title": "IT Security", "discipline_id": 285}, {"id": 264178, "title": "Securing Data in Azure and SQL Server", "summary": "EdX is an online learning platform trusted by over 12 million users offering the Securing Data in Azure and SQL Server Certificate in collaboration with&nbsp;MicrosoftX.&nbsp;Learn the latest processes for keeping data secure in Azure and SQL Server.", "level": "short", "degree": "Certificate", "parttime_duration": {"value": 28, "unit": "day"}, "density": {"parttime": true, "fulltime": false}, "methods": {"face2face": false, "online": true, "blended": false}, "organisation_id": 16785, "organisation": "MicrosoftX", "venues": [{"city": "Portland", "country": "United States", "area": "Oregon", "display_area": true}], "discipline_title": "IT Security", "discipline_id": 285}, {"id": 263563, "title": "Enterprise Security Fundamentals", "summary": "EdX is an online learning platform trusted by over 12 million users offering the Enterprise Security Fundamentals Certificate in collaboration with&nbsp;MicrosoftX.&nbsp;This course provides insight into security practices to improve the security posture of an organization.", "level": "short", "degree": "Certificate", "parttime_duration": {"value": 28, "unit": "day"}, "density": {"parttime": true, "fulltime": false}, "methods": {"face2face": false, "online": true, "blended": false}, "organisation_id": 16785, "organisation": "MicrosoftX", "venues": [{"city": "Portland", "country": "United States", "area": "Oregon", "display_area": true}], "discipline_title": "IT Security", "discipline_id": 285}, {"id": 281284, "title": "Security and Privacy in TOR Network", "summary": "This Security and Privacy in TOR Network offered by Coursera in partnership with&nbsp;University of Colorado System is part of the Advanced System Security Design Specialization.", "level": "short", "degree": "Certificate", "parttime_duration": {"value": 1, "unit": "month"}, "density": {"parttime": true, "fulltime": false}, "methods": {"face2face": false, "online": true, "blended": false}, "organisation_id": 17569, "organisation": "Coursera", "venues": [{"city": "Mountain View", "country": "United States", "area": "California", "display_area": true}], "discipline_title": "IT Security", "discipline_id": 285}, {"id": 75483, "title": "Information Security", "summary": "The&nbsp;Information Security&nbsp;programme offered by The Open University UK will help you to&nbsp;explore the skills necessary to understand, document, manage and implement strategic and operational aspects of your organisation's information security.", "level": "short", "degree": "Short Course", "parttime_duration": {"value": 6, "unit": "month"}, "density": {"parttime": true, "fulltime": false}, "methods": {"face2face": false, "online": true, "blended": false}, "organisation_id": 1865, "organisation": "The Open University UK", "venues": [{"city": "Milton Keynes", "country": "United Kingdom", "area": "England", "display_area": true}], "discipline_title": "IT Security", "discipline_id": 285}, {"id": 293079, "title": "Security in Google Cloud Platform", "summary": "Launch your career in Cloud Security. This self-paced Security in Google Cloud Platform Specialization offered by Coursera in partnership with Google Cloud gives a broad study of security controls and techniques on GCP.", "level": "short", "degree": "Short Course", "parttime_duration": {"value": 1, "unit": "month"}, "density": {"parttime": true, "fulltime": false}, "methods": {"face2face": false, "online": true, "blended": false}, "organisation_id": 17570, "organisation": "Coursera - Google Cloud", "venues": [{"city": "Mountain View", "country": "United States", "area": "California", "display_area": true}], "discipline_title": "IT Security", "discipline_id": 285}, {"id": 272585, "title": "Secure E-Governance", "summary": "This Secure E-Governance summer programme from&nbsp;EIT Digital Master School&nbsp;offers interoperability between different domains such as legislation, IT, security, business, design thinking and engineering.", "level": "short", "degree": "Short Course", "tuition_fee": {"value": 800, "unit": "full", "currency": "EUR"}, "fulltime_duration": {"value": 14, "unit": "day"}, "density": {"parttime": false, "fulltime": true}, "methods": {"face2face": false, "online": true, "blended": false}, "organisation_id": 19436, "organisation": "EIT Digital Summer School", "venues": [{"city": "Tallinn", "country": "Estonia", "area": "Harjumaa", "display_area": false}], "discipline_title": "IT Security", "discipline_id": 285}, {"id": 263579, "title": "Windows 10 Security Features", "summary": "Dive into the new security architecture and features of Windows 10, and learn how to enable them, as you explore today\u2019s security threat landscape with this&nbsp;Windows 10 Security Features from&nbsp;edX - online learning platform.", "level": "short", "degree": "Certificate", "parttime_duration": {"value": 28, "unit": "day"}, "density": {"parttime": true, "fulltime": false}, "methods": {"face2face": false, "online": true, "blended": false}, "organisation_id": 16783, "organisation": "edX - online learning platform", "venues": [{"city": "Portland", "country": "United States", "area": "Oregon", "display_area": true}], "discipline_title": "IT Security", "discipline_id": 285}, {"id": 265737, "title": "Terrorism Studies", "summary": "Study the characteristics of terrorism, terrorist tactics&nbsp;and counter-terrorism at the&nbsp;University of St Andrews", "level": "short", "degree": "Certificate", "tuition_fee": {"value": 2601, "unit": "full", "currency": "EUR"}, "parttime_duration": {"value": 2, "unit": "month"}, "density": {"parttime": true, "fulltime": false}, "methods": {"face2face": false, "online": true, "blended": false}, "organisation_id": 215, "organisation": "University of St Andrews", "venues": [{"city": "Saint Andrews", "country": "United Kingdom", "area": "Scotland", "display_area": true}], "discipline_title": "IT Security", "discipline_id": 285}, {"id": 263566, "title": "Threat Detection - Planning for a Secure Enterprise", "summary": "EdX is an online learning platform trusted by over 12 million users offering the Threat Detection - Planning for a Secure Enterprise Certificate in collaboration with&nbsp;MicrosoftX.&nbsp;Learn about threat detection as part of a defense in-depth&nbsp;strategy to protect, detect, and respond to cybercrime.", "level": "short", "degree": "Certificate", "parttime_duration": {"value": 28, "unit": "day"}, "density": {"parttime": true, "fulltime": false}, "methods": {"face2face": false, "online": true, "blended": false}, "organisation_id": 16785, "organisation": "MicrosoftX", "venues": [{"city": "Portland", "country": "United States", "area": "Oregon", "display_area": true}], "discipline_title": "IT Security", "discipline_id": 285}, {"id": 263567, "title": "Planning a Security Incident Response", "summary": "This Planning a Security Incident Response course offered by edX - online learning platform details the recommended processes and procedures to plan for and use when responding to enterprise security intrusions.", "level": "short", "degree": "Certificate", "parttime_duration": {"value": 28, "unit": "day"}, "density": {"parttime": true, "fulltime": false}, "methods": {"face2face": false, "online": true, "blended": false}, "organisation_id": 16783, "organisation": "edX - online learning platform", "venues": [{"city": "Portland", "country": "United States", "area": "Oregon", "display_area": true}], "discipline_title": "IT Security", "discipline_id": 285}, {"id": 200583, "title": "Cloud Computing Security", "summary": "EdX is an online learning platform trusted by over 12 million users offering the Cloud Computing Security Program in collaboration with University of Maryland University College - UMUCx. Learn how to identify security issues in the cloud and industry-standard techniques and procedures to prevent and mitigate risks.", "level": "short", "degree": "Certificate", "parttime_duration": {"value": 56, "unit": "day"}, "density": {"parttime": true, "fulltime": false}, "methods": {"face2face": false, "online": true, "blended": false}, "organisation_id": 16899, "organisation": "University of Maryland University College - UMUCx", "venues": [{"city": "Maryland City", "country": "United States", "area": "Maryland", "display_area": true}], "discipline_title": "IT Security", "discipline_id": 285}, {"id": 194912, "title": "Cybersecurity - The CISO's View", "summary": "EdX is an online learning platform trusted by over 12 million users offering   the Cybersecurity - The CISO's View Certificate in collaboration with University of Washington -   UWashingtonX. Learn about cybersecurity operations and the role played by the Chief Information Security Officer (CISO) in the industry.", "level": "short", "degree": "Certificate", "parttime_duration": {"value": 28, "unit": "day"}, "density": {"parttime": true, "fulltime": false}, "methods": {"face2face": false, "online": true, "blended": false}, "organisation_id": 17249, "organisation": "University of Washington - UWashingtonX", "venues": [{"city": "Seattle", "country": "United States", "area": "Washington", "display_area": true}], "discipline_title": "IT Security", "discipline_id": 285}, {"id": 263577, "title": "Microsoft SharePoint 2016 - Authentication and Security", "summary": "Learn how to plan and configure the authentication and security requirements for SharePoint Server 2016 to better protect your organization\u2019s environment through the&nbsp;Microsoft SharePoint 2016 - Authentication and Security offered by&nbsp;edX - online learning platform.&nbsp;", "level": "short", "degree": "Certificate", "parttime_duration": {"value": 63, "unit": "day"}, "density": {"parttime": true, "fulltime": false}, "methods": {"face2face": false, "online": true, "blended": false}, "organisation_id": 16783, "organisation": "edX - online learning platform", "venues": [{"city": "Portland", "country": "United States", "area": "Oregon", "display_area": true}], "discipline_title": "IT Security", "discipline_id": 285}, {"id": 194917, "title": "Introduction to Cybersecurity", "summary": "EdX is an online learning platform trusted by over 12 million users offering   the&nbsp;Introduction to Cybersecurity Certificate in collaboration with University of Washington -   UWashingtonX.&nbsp;An introduction to cybersecurity, ideal for learners who are curious about the world of Internet security and who want to be literate in the field.", "level": "short", "degree": "Certificate", "parttime_duration": {"value": 28, "unit": "day"}, "density": {"parttime": true, "fulltime": false}, "methods": {"face2face": false, "online": true, "blended": false}, "organisation_id": 17249, "organisation": "University of Washington - UWashingtonX", "venues": [{"city": "Seattle", "country": "United States", "area": "Washington", "display_area": true}], "discipline_title": "IT Security", "discipline_id": 285}, {"id": 194870, "title": "Building a Cybersecurity Toolkit", "summary": "EdX is an online learning platform trusted by over 12 million users offering   the Building a Cybersecurity Toolkit Certificate in collaboration with University of Washington -   UWashingtonX.&nbsp;Develop a set of skills and characteristics that expand beyond technical proficiency to become a successful&nbsp;cybersecurity professional.", "level": "short", "degree": "Certificate", "parttime_duration": {"value": 28, "unit": "day"}, "density": {"parttime": true, "fulltime": false}, "methods": {"face2face": false, "online": true, "blended": false}, "organisation_id": 17249, "organisation": "University of Washington - UWashingtonX", "venues": [{"city": "Seattle", "country": "United States", "area": "Washington", "display_area": true}], "discipline_title": "IT Security", "discipline_id": 285}, {"id": 263568, "title": "Powershell Security Best Practices", "summary": "Learn best practices on how to use Powershell Security Best Practices securely and how to use PowerShell to enhance security from edX - online learning platform.", "level": "short", "degree": "Certificate", "parttime_duration": {"value": 28, "unit": "day"}, "density": {"parttime": true, "fulltime": false}, "methods": {"face2face": false, "online": true, "blended": false}, "organisation_id": 16783, "organisation": "edX - online learning platform", "venues": [{"city": "Portland", "country": "United States", "area": "Oregon", "display_area": true}], "discipline_title": "IT Security", "discipline_id": 285}, {"id": 222886, "title": "Cybersecurity and Privacy in the IoT", "summary": "EdX is an online learning platform trusted by over 12 million users offering the Cybersecurity and Privacy in the IoT programme in collaboration with Curtin University \u2013&nbsp;CurtinX.&nbsp;Learn about the security and privacy implications of the IoT and how to design a secure system.", "level": "short", "degree": "Certificate", "parttime_duration": {"value": 35, "unit": "day"}, "density": {"parttime": true, "fulltime": false}, "methods": {"face2face": false, "online": true, "blended": false}, "organisation_id": 16741, "organisation": "Curtin University - CurtinX", "venues": [{"city": "Bentley", "country": "Australia", "area": "Western Australia", "display_area": true}], "discipline_title": "IT Security", "discipline_id": 285}, {"id": 194867, "title": "Finding your Cybersecurity Career Path", "summary": "EdX is an online learning platform trusted by over 12 million users offering   the Finding your Cybersecurity Career Path Certificate in collaboration with University of Washington -   UWashingtonX. Learn about different career pathways in cybersecurity and complete a self-assessment project to better understand the right path for you.", "level": "short", "degree": "Certificate", "parttime_duration": {"value": 28, "unit": "day"}, "density": {"parttime": true, "fulltime": false}, "methods": {"face2face": false, "online": true, "blended": false}, "organisation_id": 17249, "organisation": "University of Washington - UWashingtonX", "venues": [{"city": "Seattle", "country": "United States", "area": "Washington", "display_area": true}], "discipline_title": "IT Security", "discipline_id": 285}, {"id": 294641, "title": "Introduction to Cyber Security", "summary": "Understand online security and protect your digital life, whether at home or work with this&nbsp;Introduction to Cyber Security course from&nbsp;The Open University by FutureLearn.", "level": "short", "degree": "Short Course", "tuition_fee": {"value": 0, "unit": "year", "currency": "EUR"}, "parttime_duration": {"value": 2, "unit": "month"}, "density": {"parttime": true, "fulltime": false}, "methods": {"face2face": false, "online": true, "blended": false}, "organisation_id": 19983, "organisation": "FutureLearn", "venues": [{"city": "London", "country": "United Kingdom", "area": "England", "display_area": true}], "discipline_title": "IT Security", "discipline_id": 285}, {"id": 294724, "title": "Understanding the GDPR", "summary": "Get to grips with the General Data Protection Regulation and take the first steps to ensuring that your organisation is compliant with this&nbsp;Understanding the GDPR course from&nbsp;University of Groningen by FutureLearn.", "level": "short", "degree": "Short Course", "tuition_fee": {"value": 0, "unit": "year", "currency": "EUR"}, "parttime_duration": {"value": 1, "unit": "month"}, "density": {"parttime": true, "fulltime": false}, "methods": {"face2face": false, "online": true, "blended": false}, "organisation_id": 19983, "organisation": "FutureLearn", "venues": [{"city": "London", "country": "United Kingdom", "area": "England", "display_area": true}], "discipline_title": "IT Security", "discipline_id": 285}, {"id": 270926, "title": "CCNA Security", "summary": "Are you inquisitive with precise attention to detail? If you\u2019re interested in maintaining the integrity, confidentiality, and availability of data and devices, then the CCNA Security certification from&nbsp;The Learning People is for you!", "level": "short", "degree": "Short Course", "density": {"parttime": true, "fulltime": false}, "methods": {"face2face": false, "online": true, "blended": false}, "organisation_id": 19305, "organisation": "The Learning People", "venues": [{"city": "Hove", "country": "United Kingdom", "area": "England", "display_area": true}, {"city": "Sydney", "country": "Australia", "area": "New South Wales", "display_area": true}, {"city": "Christchurch", "country": "New Zealand", "area": "Canterbury", "display_area": false}], "discipline_title": "IT Security", "discipline_id": 285}, {"id": 286386, "title": "Certified Secure Software Lifecycle Professional (CSSLP)", "summary": "This 5-day training will prepare you for the international Certified Secure Software Lifecycle Professional (CSSLP) title of (ISC)2.  You will learn the industry's standard and best practices in  developing, managing and maintaining software security.", "level": "short", "degree": "Certificate", "density": {"parttime": false, "fulltime": true}, "methods": {"face2face": true, "online": false, "blended": false}, "organisation_id": 10516, "organisation": "IMF Academy", "venues": [{"city": "Eindhoven", "country": "Netherlands", "area": "North Brabant", "display_area": false}], "discipline_title": "IT Security", "discipline_id": 285}, {"id": 113638, "title": "The Economics of Cybersecurity", "summary": "This economics course provides an introduction to the field of cybersecurity through the lens of economic principles.", "level": "short", "degree": "Certificate", "fulltime_duration": {"value": 2, "unit": "month"}, "density": {"parttime": false, "fulltime": true}, "methods": {"face2face": false, "online": true, "blended": false}, "organisation_id": 9612, "organisation": "Delft University of Technology (TU Delft)", "venues": [{"city": "Delft", "country": "Netherlands", "area": "South Holland", "display_area": false}], "discipline_title": "IT Security", "discipline_id": 285}, {"id": 295379, "title": "Cyber Security Audit training and certification", "summary": "In this 3-day training you will learn how to excel  in a Cyber security Audit and you will be prepared to take the official  ISACA Cybersecurity Audit Certificate", "level": "short", "degree": "Certificate", "density": {"parttime": false, "fulltime": true}, "methods": {"face2face": true, "online": false, "blended": false}, "organisation_id": 10516, "organisation": "IMF Academy", "venues": [{"city": "Eindhoven", "country": "Netherlands", "area": "North Brabant", "display_area": false}], "discipline_title": "IT Security", "discipline_id": 285}, {"id": 270921, "title": "CASP - CompTIA Advanced Security Practitioner", "summary": "If you're looking to learn critical thinking across a wide spectrum of security disciplines to propose and implement solutions mapped to enterprise drivers, then the CASP - CompTIA Advanced Security Practitioner from&nbsp;The Learning People is for you!", "level": "short", "degree": "Short Course", "density": {"parttime": true, "fulltime": false}, "methods": {"face2face": false, "online": true, "blended": false}, "organisation_id": 19305, "organisation": "The Learning People", "venues": [{"city": "Hove", "country": "United Kingdom", "area": "England", "display_area": true}, {"city": "Sydney", "country": "Australia", "area": "New South Wales", "display_area": true}, {"city": "Christchurch", "country": "New Zealand", "area": "Canterbury", "display_area": false}], "discipline_title": "IT Security", "discipline_id": 285}, {"id": 270929, "title": "CHFI - Computer Hacking Forensic Investigator - Official EC-Council training", "summary": "Want comprehensive training covering major forensic investigation scenarios? Then the CHFI - Computer Hacking Forensic Investigator - Official EC-Council training course from&nbsp;The Learning People is for you!", "level": "short", "degree": "Short Course", "density": {"parttime": true, "fulltime": false}, "methods": {"face2face": false, "online": true, "blended": false}, "organisation_id": 19305, "organisation": "The Learning People", "venues": [{"city": "Hove", "country": "United Kingdom", "area": "England", "display_area": true}, {"city": "Sydney", "country": "Australia", "area": "New South Wales", "display_area": true}, {"city": "Christchurch", "country": "New Zealand", "area": "Canterbury", "display_area": false}], "discipline_title": "IT Security", "discipline_id": 285}, {"id": 279562, "title": "Cyber Security for Business Executives", "summary": "This Cyber Security for Business Executives course from the&nbsp;Executive Education&nbsp;at Imperial College London&nbsp;brings together insights from business, government/regulatory and technology domains to provide a 360 degree view of cyber security to non-technical decision makers.", "level": "short", "degree": "Short Course", "tuition_fee": {"value": 3949, "unit": "full", "currency": "EUR"}, "fulltime_duration": {"value": 3, "unit": "day"}, "density": {"parttime": false, "fulltime": true}, "methods": {"face2face": true, "online": false, "blended": false}, "organisation_id": 190, "organisation": "Imperial College London", "venues": [{"city": "London", "country": "United Kingdom", "area": "England", "display_area": true}], "discipline_title": "IT Security", "discipline_id": 285}, {"id": 269368, "title": "Premium IT Security Bundle", "summary": "This Premium IT Security Bundle from&nbsp;The Learning People is packed with everything you need to become a cyber security expert.", "level": "short", "degree": "Certificate", "parttime_duration": {"value": 6, "unit": "month"}, "density": {"parttime": true, "fulltime": false}, "methods": {"face2face": false, "online": true, "blended": false}, "organisation_id": 19305, "organisation": "The Learning People", "venues": [{"city": "Hove", "country": "United Kingdom", "area": "England", "display_area": true}, {"city": "Sydney", "country": "Australia", "area": "New South Wales", "display_area": true}, {"city": "Christchurch", "country": "New Zealand", "area": "Canterbury", "display_area": false}], "discipline_title": "IT Security", "discipline_id": 285}, {"id": 269371, "title": "CompTIA Cyber Security Bundle", "summary": "From hardware and software to networking and security, the CompTIA Cyber Security Bundle from&nbsp;The Learning People covers it all.", "level": "short", "degree": "Short Course", "parttime_duration": {"value": 6, "unit": "month"}, "density": {"parttime": true, "fulltime": false}, "methods": {"face2face": false, "online": true, "blended": false}, "organisation_id": 19305, "organisation": "The Learning People", "venues": [{"city": "Hove", "country": "United Kingdom", "area": "England", "display_area": true}, {"city": "Sydney", "country": "Australia", "area": "New South Wales", "display_area": true}, {"city": "Christchurch", "country": "New Zealand", "area": "Canterbury", "display_area": false}], "discipline_title": "IT Security", "discipline_id": 285}, {"id": 269356, "title": "Premium Cyber Security Collection", "summary": "This Premium Cyber Security Collection from&nbsp;The Learning People is packed with everything you need to become a cyber security expert.", "level": "short", "degree": "Certificate", "density": {"parttime": true, "fulltime": false}, "methods": {"face2face": false, "online": true, "blended": false}, "organisation_id": 19305, "organisation": "The Learning People", "venues": [{"city": "Hove", "country": "United Kingdom", "area": "England", "display_area": true}, {"city": "Sydney", "country": "Australia", "area": "New South Wales", "display_area": true}, {"city": "Christchurch", "country": "New Zealand", "area": "Canterbury", "display_area": false}], "discipline_title": "IT Security", "discipline_id": 285}, {"id": 269366, "title": "Cyber Security Collection", "summary": "From hardware and software to networking and security, the Cyber Security Collection offered by&nbsp;The Learning People covers it all.", "level": "short", "degree": "Certificate", "density": {"parttime": true, "fulltime": false}, "methods": {"face2face": false, "online": true, "blended": false}, "organisation_id": 19305, "organisation": "The Learning People", "venues": [{"city": "Hove", "country": "United Kingdom", "area": "England", "display_area": true}, {"city": "Sydney", "country": "Australia", "area": "New South Wales", "display_area": true}, {"city": "Christchurch", "country": "New Zealand", "area": "Canterbury", "display_area": false}], "discipline_title": "IT Security", "discipline_id": 285}, {"id": 270911, "title": "CISSP - Certified Information Systems Security Professional", "summary": "If you\u2019re looking to gain core knowledge on access control mechanisms and organisational network security in order to minimise system vulnerability to hacks, then the CISSP - Certified Information Systems Security Professional from&nbsp;The Learning People is for you!", "level": "short", "degree": "Short Course", "density": {"parttime": true, "fulltime": false}, "methods": {"face2face": false, "online": true, "blended": false}, "organisation_id": 19305, "organisation": "The Learning People", "venues": [{"city": "Hove", "country": "United Kingdom", "area": "England", "display_area": true}, {"city": "Sydney", "country": "Australia", "area": "New South Wales", "display_area": true}, {"city": "Christchurch", "country": "New Zealand", "area": "Canterbury", "display_area": false}], "discipline_title": "IT Security", "discipline_id": 285}, {"id": 270903, "title": "CND - Certified Network Defender", "summary": "Want hands on, world-class training covering 14 of the most current network security domains? Then the CND - Certified Network Defender from&nbsp;The Learning People is for you!", "level": "short", "degree": "Short Course", "density": {"parttime": true, "fulltime": false}, "methods": {"face2face": false, "online": true, "blended": false}, "organisation_id": 19305, "organisation": "The Learning People", "venues": [{"city": "Hove", "country": "United Kingdom", "area": "England", "display_area": true}, {"city": "Sydney", "country": "Australia", "area": "New South Wales", "display_area": true}, {"city": "Christchurch", "country": "New Zealand", "area": "Canterbury", "display_area": false}], "discipline_title": "IT Security", "discipline_id": 285}, {"id": 270901, "title": "ECSA - Certified Security Analyst", "summary": "Interested in a hacking and penetration testing program that covers the testing of modern infrastructures, operating systems, and application environments? Then the ECSA - Certified Security Analyst from&nbsp;The Learning People is for you!", "level": "short", "degree": "Short Course", "density": {"parttime": true, "fulltime": false}, "methods": {"face2face": false, "online": true, "blended": false}, "organisation_id": 19305, "organisation": "The Learning People", "venues": [{"city": "Hove", "country": "United Kingdom", "area": "England", "display_area": true}, {"city": "Sydney", "country": "Australia", "area": "New South Wales", "display_area": true}, {"city": "Christchurch", "country": "New Zealand", "area": "Canterbury", "display_area": false}], "discipline_title": "IT Security", "discipline_id": 285}, {"id": 270930, "title": "CND - Certified Network Defender - Official EC-Council training", "summary": "Want hands on, world-class training covering 14 of the most current network security domains? Then the CND - Certified Network Defender - Official EC-Council training from&nbsp;The Learning People is for you!", "level": "short", "degree": "Short Course", "density": {"parttime": true, "fulltime": false}, "methods": {"face2face": false, "online": true, "blended": false}, "organisation_id": 19305, "organisation": "The Learning People", "venues": [{"city": "Hove", "country": "United Kingdom", "area": "England", "display_area": true}, {"city": "Sydney", "country": "Australia", "area": "New South Wales", "display_area": true}, {"city": "Christchurch", "country": "New Zealand", "area": "Canterbury", "display_area": false}], "discipline_title": "IT Security", "discipline_id": 285}, {"id": 270932, "title": "CSCU Certified Secure Computer User", "summary": "Want the necessary knowledge to tackle various computer and network security threats? Then the CSCU Certified Secure Computer User course from&nbsp;The Learning People is for you!", "level": "short", "degree": "Short Course", "density": {"parttime": true, "fulltime": false}, "methods": {"face2face": false, "online": true, "blended": false}, "organisation_id": 19305, "organisation": "The Learning People", "venues": [{"city": "Hove", "country": "United Kingdom", "area": "England", "display_area": true}, {"city": "Sydney", "country": "Australia", "area": "New South Wales", "display_area": true}, {"city": "Christchurch", "country": "New Zealand", "area": "Canterbury", "display_area": false}], "discipline_title": "IT Security", "discipline_id": 285}, {"id": 270928, "title": "ECSA - Certified Security Analyst - Official EC-Council training", "summary": "Interested in a hacking and penetration testing program that covers the testing of modern infrastructures, operating systems, and application environments? Then the ECSA - Certified Security Analyst - Official EC-Council training from&nbsp;The Learning People is for you!", "level": "short", "degree": "Short Course", "density": {"parttime": true, "fulltime": false}, "methods": {"face2face": false, "online": true, "blended": false}, "organisation_id": 19305, "organisation": "The Learning People", "venues": [{"city": "Hove", "country": "United Kingdom", "area": "England", "display_area": true}, {"city": "Sydney", "country": "Australia", "area": "New South Wales", "display_area": true}, {"city": "Christchurch", "country": "New Zealand", "area": "Canterbury", "display_area": false}], "discipline_title": "IT Security", "discipline_id": 285}, {"id": 286795, "title": "Algebra Winter School", "summary": "If you want to learn about digital marketing strategies or about the \u201cdark side\u201d of security and how to use \u201cthe force\u201d the right way, you have come to the right place! Welcome to Algebra International Winter School!", "level": "short", "degree": "Certificate", "tuition_fee": {"value": 1875, "unit": "full", "currency": "EUR"}, "fulltime_duration": {"value": 21, "unit": "day"}, "density": {"parttime": false, "fulltime": true}, "methods": {"face2face": false, "online": false, "blended": true}, "organisation_id": 15973, "organisation": "Algebra University College", "venues": [{"city": "Zagreb", "country": "Croatia", "area": "Grad Zagreb", "display_area": false}], "discipline_title": "IT Security", "discipline_id": 285}, {"id": 174726, "title": "Cyber Security First Responder (CFR)", "summary": "Shut the door on hackers and become a Cyber  Security First Responder (CFR) now! This 5-day training is the most  wanted training next to and after the Certified Ethical Hacker (CEH)  training", "level": "short", "degree": "Certificate", "tuition_fee": {"value": 3950, "unit": "full", "currency": "EUR"}, "fulltime_duration": {"value": 5, "unit": "day"}, "density": {"parttime": false, "fulltime": true}, "methods": {"face2face": true, "online": false, "blended": false}, "organisation_id": 10516, "organisation": "IMF Academy", "venues": [{"city": "Eindhoven", "country": "Netherlands", "area": "North Brabant", "display_area": false}], "discipline_title": "IT Security", "discipline_id": 285}, {"id": 270898, "title": "SSCP - Systems Security Certified Practitioner", "summary": "The SSCP - Systems Security Certified Practitioner certification from&nbsp;The Learning People is the ideal credential for you if you have proven technical skills and practical security knowledge in hands-on operational IT roles.", "level": "short", "degree": "Short Course", "density": {"parttime": true, "fulltime": false}, "methods": {"face2face": false, "online": true, "blended": false}, "organisation_id": 19305, "organisation": "The Learning People", "venues": [{"city": "Hove", "country": "United Kingdom", "area": "England", "display_area": true}, {"city": "Sydney", "country": "Australia", "area": "New South Wales", "display_area": true}, {"city": "Christchurch", "country": "New Zealand", "area": "Canterbury", "display_area": false}], "discipline_title": "IT Security", "discipline_id": 285}, {"id": 270919, "title": "CompTIA Security Plus", "summary": "If you\u2019re looking to strengthen your competency in system security, network infrastructure, access control and organisational security, then the CompTIA Security Plus from The Learning People is for you!", "level": "short", "degree": "Short Course", "density": {"parttime": true, "fulltime": false}, "methods": {"face2face": false, "online": true, "blended": false}, "organisation_id": 19305, "organisation": "The Learning People", "venues": [{"city": "Hove", "country": "United Kingdom", "area": "England", "display_area": true}, {"city": "Sydney", "country": "Australia", "area": "New South Wales", "display_area": true}, {"city": "Christchurch", "country": "New Zealand", "area": "Canterbury", "display_area": false}], "discipline_title": "IT Security", "discipline_id": 285}, {"id": 270933, "title": "ECC Core Concepts", "summary": "Want an understanding of vulnerability assessment and hacking methodology and the core skills to build a solid security foundation? Then the ECC Core Concepts course from&nbsp;The Learning People is for you!", "level": "short", "degree": "Short Course", "density": {"parttime": true, "fulltime": false}, "methods": {"face2face": false, "online": true, "blended": false}, "organisation_id": 19305, "organisation": "The Learning People", "venues": [{"city": "Hove", "country": "United Kingdom", "area": "England", "display_area": true}, {"city": "Sydney", "country": "Australia", "area": "New South Wales", "display_area": true}, {"city": "Christchurch", "country": "New Zealand", "area": "Canterbury", "display_area": false}], "discipline_title": "IT Security", "discipline_id": 285}, {"id": 286385, "title": "Certified Cloud Security Professional (CCSP)", "summary": "This 5-day training will prepare you for the newest international Cloud Security certificate of (ISC)2: Certified Cloud Security Professional (CCSP)", "level": "short", "degree": "Certificate", "fulltime_duration": {"value": 5, "unit": "day"}, "density": {"parttime": false, "fulltime": true}, "methods": {"face2face": true, "online": false, "blended": false}, "organisation_id": 10516, "organisation": "IMF Academy", "venues": [{"city": "Eindhoven", "country": "Netherlands", "area": "North Brabant", "display_area": false}], "discipline_title": "IT Security", "discipline_id": 285}, {"id": 270927, "title": "CCNP Security", "summary": "If you're looking to develop your end to end network security skills, then the CCNP Security certification from&nbsp;The Learning People is for you.", "level": "short", "degree": "Short Course", "fulltime_duration": {"value": 21, "unit": "day"}, "parttime_duration": {"value": 3, "unit": "month"}, "density": {"parttime": true, "fulltime": true}, "methods": {"face2face": false, "online": true, "blended": false}, "organisation_id": 19305, "organisation": "The Learning People", "venues": [{"city": "Hove", "country": "United Kingdom", "area": "England", "display_area": true}, {"city": "Sydney", "country": "Australia", "area": "New South Wales", "display_area": true}, {"city": "Christchurch", "country": "New Zealand", "area": "Canterbury", "display_area": false}], "discipline_title": "IT Security", "discipline_id": 285}, {"id": 270896, "title": "CISM - Certified Information Security Manager", "summary": "A must-have qualification if you\u2019re looking for a successful career in security. Being a CISM - Certified Information Security Manager at&nbsp;The Learning People means higher earning potential and career advancement.", "level": "short", "degree": "Short Course", "density": {"parttime": true, "fulltime": false}, "methods": {"face2face": false, "online": true, "blended": false}, "organisation_id": 19305, "organisation": "The Learning People", "venues": [{"city": "Hove", "country": "United Kingdom", "area": "England", "display_area": true}, {"city": "Sydney", "country": "Australia", "area": "New South Wales", "display_area": true}, {"city": "Christchurch", "country": "New Zealand", "area": "Canterbury", "display_area": false}], "discipline_title": "IT Security", "discipline_id": 285}, {"id": 270924, "title": "CSSLP - Certified Secure Software Lifecycle Professional", "summary": "Want to call yourself a guru of software security? If you're demonstrating a globally recognised level of competence, the next best step is getting certified with the CSSLP - Certified Secure Software Lifecycle Professional from The Learning People.", "level": "short", "degree": "Short Course", "density": {"parttime": true, "fulltime": false}, "methods": {"face2face": false, "online": true, "blended": false}, "organisation_id": 19305, "organisation": "The Learning People", "venues": [{"city": "Hove", "country": "United Kingdom", "area": "England", "display_area": true}, {"city": "Sydney", "country": "Australia", "area": "New South Wales", "display_area": true}, {"city": "Christchurch", "country": "New Zealand", "area": "Canterbury", "display_area": false}], "discipline_title": "IT Security", "discipline_id": 285}, {"id": 270900, "title": "CCISO - Certified Chief Information Security Officer - Official EC-Council training", "summary": "Want real-world experience of dealing with the highest executive levels of information security? Then the CCISO - Certified Chief Information Security Officer - Official EC-Council training from&nbsp;The Learning People is for you!", "level": "short", "degree": "Short Course", "density": {"parttime": true, "fulltime": false}, "methods": {"face2face": false, "online": true, "blended": false}, "organisation_id": 19305, "organisation": "The Learning People", "venues": [{"city": "Hove", "country": "United Kingdom", "area": "England", "display_area": true}, {"city": "Sydney", "country": "Australia", "area": "New South Wales", "display_area": true}, {"city": "Christchurch", "country": "New Zealand", "area": "Canterbury", "display_area": false}], "discipline_title": "IT Security", "discipline_id": 285}, {"id": 293741, "title": "Programming for Beginners", "summary": "Programming is a true twenty-first century skill, allowing you to really explore the wonderful \u2013 and crucial \u2013 world of data and computers. Aimed at beginners, this&nbsp;Programming for Beginners course at&nbsp;Vrije Universiteit Amsterdam&nbsp;&nbsp;teaches you the basic principles of programming through hands-on exercises.", "level": "short", "degree": "Short Course", "tuition_fee": {"value": 1150, "unit": "full", "currency": "EUR"}, "fulltime_duration": {"value": 14, "unit": "day"}, "density": {"parttime": false, "fulltime": true}, "methods": {"face2face": true, "online": false, "blended": false}, "organisation_id": 81, "organisation": "Vrije Universiteit Amsterdam", "venues": [{"city": "Amsterdam", "country": "Netherlands", "area": "North Holland", "display_area": false}], "discipline_title": "IT Security", "discipline_id": 285}, {"id": 270882, "title": "IT Security Collection", "summary": "This IT Security Collection from&nbsp;The Learning People is packed with everything you need to become a cyber security expert. From hardware and software, to networking and security, the cyber security collection covers it all.", "level": "short", "degree": "Short Course", "parttime_duration": {"value": 6, "unit": "month"}, "density": {"parttime": true, "fulltime": false}, "methods": {"face2face": false, "online": true, "blended": false}, "organisation_id": 19305, "organisation": "The Learning People", "venues": [{"city": "Hove", "country": "United Kingdom", "area": "England", "display_area": true}, {"city": "Sydney", "country": "Australia", "area": "New South Wales", "display_area": true}, {"city": "Christchurch", "country": "New Zealand", "area": "Canterbury", "display_area": false}], "discipline_title": "IT Security", "discipline_id": 285}, {"id": 283221, "title": "Cybersecurity in the Energy Sector - a thorough understanding", "summary": "The&nbsp;Cybersecurity in the Energy Sector - a thorough understanding course is delivered by iSE The Institute of Sustainable Energy by InnoEnergy, one of Europe\u2019s leading experts in energy and innovation, and our expert partners Fraunhofer Academy, AFKC, and Kaspersky.&nbsp;", "level": "short", "degree": "Short Course", "tuition_fee": {"value": 850, "unit": "full", "currency": "EUR"}, "parttime_duration": {"value": 1, "unit": "month"}, "density": {"parttime": true, "fulltime": false}, "methods": {"face2face": false, "online": false, "blended": true}, "organisation_id": 17020, "organisation": "iSE The Institute of Sustainable Energy by InnoEnergy", "venues": [{"city": "Brussels", "country": "Belgium", "area": "Brussels Capital Region", "display_area": false}], "discipline_title": "IT Security", "discipline_id": 285}, {"id": 269374, "title": "CEH - Certified Ethical Hacker - Official EC - Council training", "summary": "If you're looking to obtain a certification in how to look for the weaknesses and vulnerabilities in target systems, both professionally and personally, then the CEH - Certified Ethical Hacker - Official EC - Council training certification from&nbsp;The Learning People is for you.", "level": "short", "degree": "Certificate", "density": {"parttime": true, "fulltime": false}, "methods": {"face2face": false, "online": true, "blended": false}, "organisation_id": 19305, "organisation": "The Learning People", "venues": [{"city": "Hove", "country": "United Kingdom", "area": "England", "display_area": true}, {"city": "Sydney", "country": "Australia", "area": "New South Wales", "display_area": true}, {"city": "Christchurch", "country": "New Zealand", "area": "Canterbury", "display_area": false}], "discipline_title": "IT Security", "discipline_id": 285}, {"id": 270931, "title": "CASE - Certified Application Security Engineer - Official EC-Council training", "summary": "Want hands-on experience to fully grasp the new techniques and strategies in secure programming? Then the CASE - Certified Application Security Engineer - Official EC-Council training from&nbsp;The Learning People is for you!", "level": "short", "degree": "Short Course", "density": {"parttime": true, "fulltime": false}, "methods": {"face2face": false, "online": true, "blended": false}, "organisation_id": 19305, "organisation": "The Learning People", "venues": [{"city": "Hove", "country": "United Kingdom", "area": "England", "display_area": true}, {"city": "Sydney", "country": "Australia", "area": "New South Wales", "display_area": true}, {"city": "Christchurch", "country": "New Zealand", "area": "Canterbury", "display_area": false}], "discipline_title": "IT Security", "discipline_id": 285}]