[{"id": 272598, "title": "The Data Science of Health Informatics", "summary": "The Data Science of Health Informatics offered by Coursera in partnership with Johns Hopkins University&nbsp;is part of the Health Informatics Specialization.", "level": "short", "degree": "Certificate", "parttime_duration": {"value": 1, "unit": "month"}, "density": {"parttime": true, "fulltime": false}, "methods": {"face2face": false, "online": true, "blended": false}, "organisation_id": 17569, "organisation": "Coursera", "venues": [{"city": "Mountain View", "country": "United States", "area": "California", "display_area": true}], "discipline_title": "Health Informatics", "discipline_id": 283}, {"id": 277287, "title": "Health Informatics Technology in Population Healthcare Analytics", "summary": "EdX is an online learning platform trusted by over 12 million users offering the Health Informatics Technology in Population Healthcare Analytics in collaboration with&nbsp;Doane University - DoaneX.&nbsp;Explore health informatics solutions that answer population health challenges.", "level": "short", "degree": "Certificate", "parttime_duration": {"value": 21, "unit": "day"}, "density": {"parttime": true, "fulltime": false}, "methods": {"face2face": false, "online": true, "blended": false}, "organisation_id": 16783, "organisation": "edX - online learning platform", "venues": [{"city": "Crete", "country": "United States", "area": "Nebraska", "display_area": true}], "discipline_title": "Health Informatics", "discipline_id": 283}, {"id": 293949, "title": "Public- Private Partnerships in the Health Sector", "summary": "Healthcare policy makers and managers across the world are increasingly considering public- private partnerships (PPP) as a way to deliver better and more efficient service to citizens. The&nbsp;Public- Private Partnerships in the Health Sector programme is offered by&nbsp;Frankfurt School of Finance and Management.", "level": "short", "degree": "Short Course", "tuition_fee": {"value": 4300, "unit": "full", "currency": "EUR"}, "fulltime_duration": {"value": 5, "unit": "day"}, "density": {"parttime": false, "fulltime": true}, "methods": {"face2face": true, "online": false, "blended": false}, "organisation_id": 604, "organisation": "Frankfurt School of Finance and Management", "venues": [{"city": "Frankfurt am Main", "country": "Germany", "area": "Hessen", "display_area": false}], "discipline_title": "Health Informatics", "discipline_id": 283}, {"id": 276983, "title": "Culminating Project in Health Informatics", "summary": "This Culminating Project in Health Informatics&nbsp;offered by Coursera in partnership with&nbsp;Johns Hopkins University is part of the Health Informatics Specialization.", "level": "short", "degree": "Certificate", "parttime_duration": {"value": 1, "unit": "month"}, "density": {"parttime": true, "fulltime": false}, "methods": {"face2face": false, "online": true, "blended": false}, "organisation_id": 17569, "organisation": "Coursera", "venues": [{"city": "Mountain View", "country": "United States", "area": "California", "display_area": true}], "discipline_title": "Health Informatics", "discipline_id": 283}, {"id": 294956, "title": "Data Visualisation and Connectivity for Healthcare", "summary": "The Summer School in Data Visualisation and Connectivity for Healthcare&nbsp;from&nbsp;EIT Digital Master School&nbsp;immerses participants in a live project environment, where individuals will work in dynamic teams to address real opportunities for change.", "level": "short", "degree": "Short Course", "tuition_fee": {"value": 800, "unit": "full", "currency": "EUR"}, "fulltime_duration": {"value": 14, "unit": "day"}, "density": {"parttime": false, "fulltime": true}, "methods": {"face2face": false, "online": true, "blended": false}, "organisation_id": 19436, "organisation": "EIT Digital Summer School", "venues": [{"city": "Coventry", "country": "United Kingdom", "area": "England", "display_area": true}], "discipline_title": "Health Informatics", "discipline_id": 283}, {"id": 284977, "title": "Health Informatics", "summary": "Learn To Tackle Health IT &amp; Big Data the Right Way. Become a leader in the dynamic and rapidly growing field of health informatics with this&nbsp;Health Informatics Specialization offered by Coursera in partnership with&nbsp;Johns Hopkins University.", "level": "short", "degree": "Short Course", "parttime_duration": {"value": 4, "unit": "month"}, "density": {"parttime": true, "fulltime": false}, "methods": {"face2face": false, "online": true, "blended": false}, "organisation_id": 17569, "organisation": "Coursera", "venues": [{"city": "Mountain View", "country": "United States", "area": "California", "display_area": true}], "discipline_title": "Health Informatics", "discipline_id": 283}, {"id": 277267, "title": "Health Informatics and Technology in Decision Making", "summary": "EdX is an online learning platform trusted by over 12 million users offering the Health Informatics and Technology in Decision Making in collaboration with&nbsp;Doane University - DoaneX.&nbsp;Leaders in a healthcare environment are faced with&nbsp;decisions and challenges every day that can affect public health.&nbsp;", "level": "short", "degree": "Certificate", "parttime_duration": {"value": 21, "unit": "day"}, "density": {"parttime": true, "fulltime": false}, "methods": {"face2face": false, "online": true, "blended": false}, "organisation_id": 16783, "organisation": "edX - online learning platform", "venues": [{"city": "Crete", "country": "United States", "area": "Nebraska", "display_area": true}], "discipline_title": "Health Informatics", "discipline_id": 283}, {"id": 272597, "title": "The Outcomes and Interventions of Health Informatics", "summary": "The Outcomes and Interventions of Health Informatics offered by Coursera in partnership with&nbsp;Johns Hopkins University is part of the Health Informatics Specialization.", "level": "short", "degree": "Certificate", "parttime_duration": {"value": 1, "unit": "month"}, "density": {"parttime": true, "fulltime": false}, "methods": {"face2face": false, "online": true, "blended": false}, "organisation_id": 17569, "organisation": "Coursera", "venues": [{"city": "Mountain View", "country": "United States", "area": "California", "display_area": true}], "discipline_title": "Health Informatics", "discipline_id": 283}, {"id": 270007, "title": "Big Data in Health Research", "summary": "The Big Data in Health Research&nbsp;course&nbsp;offered by Utrecht Summer School&nbsp;is a joint activity from University Medical Center Utrecht (UMCU)&nbsp;and University College London (UCL). During this summer course, participants will learn the key characteristics of Big data in health research.", "level": "short", "degree": "Short Course", "tuition_fee": {"value": 830, "unit": "full", "currency": "EUR"}, "fulltime_duration": {"value": 7, "unit": "day"}, "density": {"parttime": false, "fulltime": true}, "methods": {"face2face": true, "online": false, "blended": false}, "organisation_id": 9393, "organisation": "Utrecht Summer School", "venues": [{"city": "Utrecht", "country": "Netherlands", "area": "Utrecht", "display_area": false}], "discipline_title": "Health Informatics", "discipline_id": 283}, {"id": 65487, "title": "Next - Generation Sequencing", "summary": "The Next - Generation Sequencing course at Aarhus University will start with an overview of current NGS technologies and directions in which these are currently progressing.&nbsp;Methods for assembling genomes from NGS data using either a reference genome or de novo assembly will be presented together with some emphasis on assessing NGS data quality (Quality control, accuracy of base calling).", "level": "short", "degree": "Short Course", "tuition_fee": {"value": 137, "unit": "full", "currency": "EUR"}, "fulltime_duration": {"value": 5, "unit": "day"}, "density": {"parttime": false, "fulltime": true}, "methods": {"face2face": true, "online": false, "blended": false}, "organisation_id": 26, "organisation": "Aarhus University", "venues": [{"city": "Aarhus", "country": "Denmark", "area": "Central Jutland", "display_area": false}], "discipline_title": "Health Informatics", "discipline_id": 283}]