[{"id": 234460, "title": "Graduate Pathway in Geography", "summary": "The&nbsp;Graduate Pathway in Geography course offered by the University of South Florida prepares you for a master's degree in the US by providing specialized English language and test preparation courses.", "level": "preparation", "degree": "Pre-Master", "tuition_fee": {"value": 16479, "unit": "year", "currency": "EUR"}, "fulltime_duration": {"value": 6, "unit": "month"}, "density": {"parttime": false, "fulltime": true}, "methods": {"face2face": true, "online": false, "blended": false}, "organisation_id": 12254, "organisation": "INTO University of South Florida", "venues": [{"city": "Tampa", "country": "United States", "area": "Florida", "display_area": true}], "discipline_title": "Geographical Information Systems (GIS)", "discipline_id": 130}, {"id": 278288, "title": "International Foundation in Science, Computing, Engineering and Mathematics - Geospatial Surveying and Mapping", "summary": "With the International Foundation in Science, Computing, Engineering and Mathematics - Geospatial Surveying and Mapping programme at INTO Newcastle University, you can prepare for direct entry to an undergraduate degree in a range of science or engineering related subject at Newcastle University.", "level": "preparation", "degree": "Pre-Bachelor", "tuition_fee": {"value": 22622, "unit": "year", "currency": "EUR"}, "fulltime_duration": {"value": 9, "unit": "month"}, "density": {"parttime": false, "fulltime": true}, "methods": {"face2face": true, "online": false, "blended": false}, "organisation_id": 7023, "organisation": "INTO Newcastle University", "venues": [{"city": "Newcastle upon Tyne", "country": "United Kingdom", "area": "England", "display_area": true}], "discipline_title": "Geographical Information Systems (GIS)", "discipline_id": 130}, {"id": 281346, "title": "Graduate Pathway in Geography - Geography", "summary": "The&nbsp;Graduate Pathway in Geography&nbsp;- Geography course offered by the University of South Florida prepares you for a master's degree in the US by providing specialized English language and test preparation courses.", "level": "preparation", "degree": "Pre-Master", "tuition_fee": {"value": 16479, "unit": "year", "currency": "EUR"}, "fulltime_duration": {"value": 6, "unit": "month"}, "density": {"parttime": false, "fulltime": true}, "methods": {"face2face": true, "online": false, "blended": false}, "organisation_id": 12254, "organisation": "INTO University of South Florida", "venues": [{"city": "Tampa", "country": "United States", "area": "Florida", "display_area": true}], "discipline_title": "Geographical Information Systems (GIS)", "discipline_id": 130}, {"id": 273896, "title": "International Foundation in Science, Computing and Engineering - Environmental Geography", "summary": "The&nbsp;International Foundation in Science, Computing and Engineering - Environmental Geography programme offered by&nbsp;University of Stirling will prepare students&nbsp;for direct entry to Year 2 of an undergraduate degree in a wide range of subjects at the University of Stirling or the University of Dundee in just six months.", "level": "preparation", "degree": "Pre-Bachelor", "tuition_fee": {"value": 11370, "unit": "year", "currency": "EUR"}, "fulltime_duration": {"value": 6, "unit": "month"}, "density": {"parttime": false, "fulltime": true}, "methods": {"face2face": true, "online": false, "blended": false}, "organisation_id": 11322, "organisation": "INTO University of Stirling", "venues": [{"city": "Stirling", "country": "United Kingdom", "area": "Scotland", "display_area": true}], "discipline_title": "Geographical Information Systems (GIS)", "discipline_id": 130}, {"id": 273541, "title": "International Foundation in Pharmacy, Health and Life Sciences - Geography", "summary": "With the International Foundation in Pharmacy, Health and Life Sciences - Geography programme at University of East Anglia, you can prepare for direct entry to Year 1 of a science-related undergraduate degree including Physiotherapy, Biomedicine and Ecology.", "level": "preparation", "degree": "Pre-Bachelor", "tuition_fee": {"value": 19228, "unit": "year", "currency": "EUR"}, "fulltime_duration": {"value": 9, "unit": "month"}, "density": {"parttime": false, "fulltime": true}, "methods": {"face2face": true, "online": false, "blended": false}, "organisation_id": 8867, "organisation": "INTO University of East Anglia", "venues": [{"city": "Norwich", "country": "United Kingdom", "area": "England", "display_area": true}], "discipline_title": "Geographical Information Systems (GIS)", "discipline_id": 130}, {"id": 278132, "title": "Graduate Pathway in Information Systems (Non-IS Background) - Information Systems - Geographic Information Systems", "summary": "An INTO Illinois State University Graduate Pathway in Information Systems (Non-IS Background) - Information Systems - Geographic Information Systems will prepare you to enter your next semester of a master\u2019s degree program at Illinois State University.", "level": "preparation", "degree": "Pre-Master", "tuition_fee": {"value": 13827, "unit": "year", "currency": "EUR"}, "fulltime_duration": {"value": 6, "unit": "month"}, "density": {"parttime": false, "fulltime": true}, "methods": {"face2face": true, "online": false, "blended": false}, "organisation_id": 18813, "organisation": "INTO Illinois State University", "venues": [{"city": "Normal", "country": "United States", "area": "Illinois", "display_area": true}], "discipline_title": "Geographical Information Systems (GIS)", "discipline_id": 130}, {"id": 273551, "title": "International Foundation in Pharmacy, Health and Life Sciences - Geology with Geography", "summary": "With the International Foundation in Pharmacy, Health and Life Sciences - Geology with Geography programme at University of East Anglia, you can prepare for direct entry to Year 1 of a science-related undergraduate degree including Physiotherapy, Biomedicine and Ecology.", "level": "preparation", "degree": "Pre-Bachelor", "tuition_fee": {"value": 19228, "unit": "year", "currency": "EUR"}, "fulltime_duration": {"value": 9, "unit": "month"}, "density": {"parttime": false, "fulltime": true}, "methods": {"face2face": true, "online": false, "blended": false}, "organisation_id": 8867, "organisation": "INTO University of East Anglia", "venues": [{"city": "Norwich", "country": "United Kingdom", "area": "England", "display_area": true}], "discipline_title": "Geographical Information Systems (GIS)", "discipline_id": 130}, {"id": 274795, "title": "International Year One in Science - Geography", "summary": "The&nbsp;International Year One in Science - Geography programme will prepare you to enter your next semester of a bachelor\u2019s degree program at George Mason University.&nbsp;", "level": "preparation", "degree": "Pre-Bachelor", "tuition_fee": {"value": 20130, "unit": "year", "currency": "EUR"}, "fulltime_duration": {"value": 6, "unit": "month"}, "density": {"parttime": false, "fulltime": true}, "methods": {"face2face": true, "online": false, "blended": false}, "organisation_id": 12270, "organisation": "INTO George Mason University", "venues": [{"city": "Fairfax", "country": "United States", "area": "Virginia", "display_area": true}], "discipline_title": "Geographical Information Systems (GIS)", "discipline_id": 130}, {"id": 278289, "title": "International Foundation in Science, Computing, Engineering and Mathematics - Mapping and Geospatial Data Science", "summary": "With the International Foundation in Science, Computing, Engineering and Mathematics - Mapping and Geospatial Data Science programme at INTO Newcastle University, you can prepare for direct entry to an undergraduate degree in a range of science or engineering related subject at Newcastle University.", "level": "preparation", "degree": "Pre-Bachelor", "tuition_fee": {"value": 22622, "unit": "year", "currency": "EUR"}, "fulltime_duration": {"value": 9, "unit": "month"}, "density": {"parttime": false, "fulltime": true}, "methods": {"face2face": true, "online": false, "blended": false}, "organisation_id": 7023, "organisation": "INTO Newcastle University", "venues": [{"city": "Newcastle upon Tyne", "country": "United Kingdom", "area": "England", "display_area": true}], "discipline_title": "Geographical Information Systems (GIS)", "discipline_id": 130}, {"id": 280629, "title": "International Foundation in Engineering and Science - Geography Integrated Masters", "summary": "The&nbsp;International Foundation in Engineering and Science - Geography Integrated Masters programme offered by The University of Manchester will prepare you&nbsp;for direct entry to Year 1 of an undergraduate degree in subjects including Engineering, Computer Science, Mathematics, Physics and Chemistry.", "level": "preparation", "degree": "Pre-Bachelor", "tuition_fee": {"value": 20133, "unit": "year", "currency": "EUR"}, "fulltime_duration": {"value": 9, "unit": "month"}, "density": {"parttime": false, "fulltime": true}, "methods": {"face2face": true, "online": false, "blended": false}, "organisation_id": 14340, "organisation": "INTO University of Manchester", "venues": [{"city": "Manchester", "country": "United Kingdom", "area": "England", "display_area": true}], "discipline_title": "Geographical Information Systems (GIS)", "discipline_id": 130}, {"id": 281128, "title": "International Foundation in Humanities and Social Sciences - Geography with International Study", "summary": "The&nbsp;International Foundation in Humanities and Social Sciences - Geography with International Study programme offered by&nbsp;The University of Manchester will prepare students for&nbsp;direct entry to Year 1 of an undergraduate degree in a range of subjects including Accounting, Architecture, Finance and Management, Law Social Sciences.", "level": "preparation", "degree": "Pre-Bachelor", "tuition_fee": {"value": 20133, "unit": "year", "currency": "EUR"}, "fulltime_duration": {"value": 9, "unit": "month"}, "density": {"parttime": false, "fulltime": true}, "methods": {"face2face": true, "online": false, "blended": false}, "organisation_id": 14340, "organisation": "INTO University of Manchester", "venues": [{"city": "Manchester", "country": "United Kingdom", "area": "England", "display_area": true}], "discipline_title": "Geographical Information Systems (GIS)", "discipline_id": 130}, {"id": 274825, "title": "International Year One in General Studies - Geography", "summary": "International Year One in General Studies - Geography&nbsp;at Marshall University&nbsp;will prepare you to enter your next semester of a bachelor\u2019s degree program.&nbsp;", "level": "preparation", "degree": "Pre-Bachelor", "tuition_fee": {"value": 12163, "unit": "year", "currency": "EUR"}, "fulltime_duration": {"value": 6, "unit": "month"}, "density": {"parttime": false, "fulltime": true}, "methods": {"face2face": true, "online": false, "blended": false}, "organisation_id": 12273, "organisation": "INTO Marshall University", "venues": [{"city": "Huntington", "country": "United States", "area": "West Virginia", "display_area": true}], "discipline_title": "Geographical Information Systems (GIS)", "discipline_id": 130}, {"id": 273941, "title": "International Foundation in Science, Sport, Computing and Engineering - Environmental Geography", "summary": "The International Foundation in Science, Sport, Computing and Engineering - Environmental Geography programme offered by&nbsp;University of Stirling will prepare students for direct entry to Year 2 of an undergraduate degree in a wide range of subjects, including Biological Sciences, Computing, Mathematics and Software Engineering.", "level": "preparation", "degree": "Pre-Bachelor", "tuition_fee": {"value": 17706, "unit": "year", "currency": "EUR"}, "fulltime_duration": {"value": 9, "unit": "month"}, "density": {"parttime": false, "fulltime": true}, "methods": {"face2face": true, "online": false, "blended": false}, "organisation_id": 11322, "organisation": "INTO University of Stirling", "venues": [{"city": "Stirling", "country": "United Kingdom", "area": "Scotland", "display_area": true}], "discipline_title": "Geographical Information Systems (GIS)", "discipline_id": 130}, {"id": 273568, "title": "International Foundation in Physical Sciences and Engineering - Geology with Geography", "summary": "With the International Foundation in Physical Sciences and Engineering - Geology with Geography programme at University of East Anglia, you can prepare for&nbsp;entry to Year 1 of a science-related undergraduate degree, including Engineering, Environmental Sciences, Chemistry and Computing Sciences at UEA.", "level": "preparation", "degree": "Pre-Bachelor", "tuition_fee": {"value": 19228, "unit": "year", "currency": "EUR"}, "fulltime_duration": {"value": 9, "unit": "month"}, "density": {"parttime": false, "fulltime": true}, "methods": {"face2face": true, "online": false, "blended": false}, "organisation_id": 8867, "organisation": "INTO University of East Anglia", "venues": [{"city": "Norwich", "country": "United Kingdom", "area": "England", "display_area": true}], "discipline_title": "Geographical Information Systems (GIS)", "discipline_id": 130}, {"id": 278549, "title": "International Foundation in Biomedical, Life and Environmental Sciences - Geography with Applied Geographical Information System", "summary": "The International Foundation in Biomedical, Life and Environmental Sciences - Geography with Applied Geographical Information System at INTO&nbsp;The University of Exeter prepares you for direct entry to Year 1 of an undergraduate degree in a range of subjects, such as Biochemistry, Biological Sciences, Human Biosciences, Marine Biology, Medical Sciences and Psychology at the University of Exeter.", "level": "preparation", "degree": "Pre-Bachelor", "tuition_fee": {"value": 22509, "unit": "year", "currency": "EUR"}, "fulltime_duration": {"value": 9, "unit": "month"}, "density": {"parttime": false, "fulltime": true}, "methods": {"face2face": true, "online": false, "blended": false}, "organisation_id": 8885, "organisation": "INTO University of Exeter", "venues": [{"city": "Exeter", "country": "United Kingdom", "area": "England", "display_area": true}], "discipline_title": "Geographical Information Systems (GIS)", "discipline_id": 130}, {"id": 273363, "title": "International Foundation in Science, Computing, Engineering and Mathematics - Geographic Information Science", "summary": "With the International Foundation in Science, Computing, Engineering and Mathematics - Geographic Information Science&nbsp; programme at INTO Newcastle University, you can prepare for direct entry to an undergraduate degree in a range of science or engineering related subject at Newcastle University.", "level": "preparation", "degree": "Pre-Bachelor", "tuition_fee": {"value": 22622, "unit": "year", "currency": "EUR"}, "fulltime_duration": {"value": 9, "unit": "month"}, "density": {"parttime": false, "fulltime": true}, "methods": {"face2face": true, "online": false, "blended": false}, "organisation_id": 7023, "organisation": "INTO Newcastle University", "venues": [{"city": "Newcastle upon Tyne", "country": "United Kingdom", "area": "England", "display_area": true}], "discipline_title": "Geographical Information Systems (GIS)", "discipline_id": 130}, {"id": 273319, "title": "International Foundation in Humanities and Social Sciences - Geography and Planning", "summary": "With the International Foundation in Humanities and Social Sciences - Geography and Planning programme at INTO Newcastle University, you can prepare to progress to Year 1 of an undergraduate degree in a range of subject areas including archaeology, education, law, politics and sociology at Newcastle University.", "level": "preparation", "degree": "Pre-Bachelor", "tuition_fee": {"value": 21491, "unit": "year", "currency": "EUR"}, "fulltime_duration": {"value": 9, "unit": "month"}, "density": {"parttime": false, "fulltime": true}, "methods": {"face2face": true, "online": false, "blended": false}, "organisation_id": 7023, "organisation": "INTO Newcastle University", "venues": [{"city": "Newcastle upon Tyne", "country": "United Kingdom", "area": "England", "display_area": true}], "discipline_title": "Geographical Information Systems (GIS)", "discipline_id": 130}, {"id": 281124, "title": "International Foundation in Humanities and Social Sciences - Geography Integrated Masters", "summary": "The&nbsp;International Foundation in Humanities and Social Sciences -&nbsp;Geography Integrated Masters programme offered by&nbsp;The University of Manchester will prepare students for&nbsp;direct entry to Year 1 of an undergraduate degree in a range of subjects including Accounting, Architecture, Finance and Management, Law Social Sciences.", "level": "preparation", "degree": "Pre-Bachelor", "tuition_fee": {"value": 20133, "unit": "year", "currency": "EUR"}, "fulltime_duration": {"value": 9, "unit": "month"}, "density": {"parttime": false, "fulltime": true}, "methods": {"face2face": true, "online": false, "blended": false}, "organisation_id": 14340, "organisation": "INTO University of Manchester", "venues": [{"city": "Manchester", "country": "United Kingdom", "area": "England", "display_area": true}], "discipline_title": "Geographical Information Systems (GIS)", "discipline_id": 130}, {"id": 273423, "title": "International Foundation in Engineering and Science - Geography", "summary": "The&nbsp;International Foundation in Engineering and Science - Geography programme offered by The University of Manchester will prepare you&nbsp;for direct entry to Year 1 of an undergraduate degree in subjects including Engineering, Computer Science, Mathematics, Physics and Chemistry.", "level": "preparation", "degree": "Pre-Bachelor", "tuition_fee": {"value": 20133, "unit": "year", "currency": "EUR"}, "fulltime_duration": {"value": 9, "unit": "month"}, "density": {"parttime": false, "fulltime": true}, "methods": {"face2face": true, "online": false, "blended": false}, "organisation_id": 14340, "organisation": "INTO University of Manchester", "venues": [{"city": "Manchester", "country": "United Kingdom", "area": "England", "display_area": true}], "discipline_title": "Geographical Information Systems (GIS)", "discipline_id": 130}, {"id": 278240, "title": "Graduate Pathway in Information Systems with IS Background - Information Systems - Geographic Information Systems", "summary": "An INTO Illinois State University Graduate Pathway in Information Systems with IS Background - Information Systems - Geographic Information Systems will prepare you to enter your next semester of a master\u2019s degree program at Illinois State University.", "level": "preparation", "degree": "Pre-Master", "tuition_fee": {"value": 13827, "unit": "year", "currency": "EUR"}, "fulltime_duration": {"value": 6, "unit": "month"}, "density": {"parttime": false, "fulltime": true}, "methods": {"face2face": true, "online": false, "blended": false}, "organisation_id": 18813, "organisation": "INTO Illinois State University", "venues": [{"city": "Normal", "country": "United States", "area": "Illinois", "display_area": true}], "discipline_title": "Geographical Information Systems (GIS)", "discipline_id": 130}, {"id": 281625, "title": "Graduate Pathway in Geographic and Cartographic Sciences - Geographic and Cartographic Sciences", "summary": "Students who successfully complete an INTO George Mason University Graduate Pathway in Geographic and Cartographic Sciences - Geographic and Cartographic Sciences are assured progression to a Mason graduate degree program upon submission of additional required application materials.", "level": "preparation", "degree": "Pre-Master", "tuition_fee": {"value": 20130, "unit": "year", "currency": "EUR"}, "fulltime_duration": {"value": 4, "unit": "month"}, "density": {"parttime": false, "fulltime": true}, "methods": {"face2face": true, "online": false, "blended": false}, "organisation_id": 12270, "organisation": "INTO George Mason University", "venues": [{"city": "Fairfax", "country": "United States", "area": "Virginia", "display_area": true}], "discipline_title": "Geographical Information Systems (GIS)", "discipline_id": 130}, {"id": 278917, "title": "International Foundation in Engineering and Science - Geography", "summary": "Prepare for direct entry to Year 1 of an undergraduate degree in a range of subjects including Biomedical Sciences, Computing, Engineering, Nursing, and Science with the International Foundation in Engineering and Science - Geography programme at Queen's University Belfast.", "level": "preparation", "degree": "Pre-Bachelor", "tuition_fee": {"value": 15743, "unit": "year", "currency": "EUR"}, "fulltime_duration": {"value": 6, "unit": "month"}, "density": {"parttime": false, "fulltime": true}, "methods": {"face2face": true, "online": false, "blended": false}, "organisation_id": 8890, "organisation": "INTO Queen's University Belfast", "venues": [{"city": "Belfast", "country": "United Kingdom", "area": "N Ireland", "display_area": true}], "discipline_title": "Geographical Information Systems (GIS)", "discipline_id": 130}, {"id": 274277, "title": "International Foundation in Science and Engineering - Human Geography", "summary": "The International Foundation in Science and Engineering - Human Geography programme offered by&nbsp;Manchester Metropolitan University will prepare you&nbsp;for direct entry to Year 1 of an undergraduate degree in a range of Computing, Mathematics, Engineering, Science related subjects", "level": "preparation", "degree": "Pre-Bachelor", "tuition_fee": {"value": 17706, "unit": "year", "currency": "EUR"}, "fulltime_duration": {"value": 9, "unit": "month"}, "density": {"parttime": false, "fulltime": true}, "methods": {"face2face": true, "online": false, "blended": false}, "organisation_id": 8892, "organisation": "INTO Manchester Metropolitan University", "venues": [{"city": "Manchester", "country": "United Kingdom", "area": "England", "display_area": true}], "discipline_title": "Geographical Information Systems (GIS)", "discipline_id": 130}, {"id": 66821, "title": "Graduate Pathway in Geographic and Cartographic Sciences", "summary": "Students who successfully complete an INTO George Mason University Graduate Pathway in Geographic and Cartographic Sciences are assured progression to a Mason graduate degree program upon submission of additional required application materials.", "level": "preparation", "degree": "Pre-Master", "tuition_fee": {"value": 20130, "unit": "year", "currency": "EUR"}, "fulltime_duration": {"value": 4, "unit": "month"}, "density": {"parttime": false, "fulltime": true}, "methods": {"face2face": true, "online": false, "blended": false}, "organisation_id": 12270, "organisation": "INTO George Mason University", "venues": [{"city": "Fairfax", "country": "United States", "area": "Virginia", "display_area": true}], "discipline_title": "Geographical Information Systems (GIS)", "discipline_id": 130}, {"id": 151398, "title": "Diploma of Surveying", "summary": "The Diploma of Surveying&nbsp;course&nbsp;provides specialist skills and knowledge in all aspects of surveying. A strong practical focus gives you extensive skills in the use of a wide range of surveying and precision GPS equipment in a range of industry contexts.&nbsp;", "level": "preparation", "degree": "Pre-Bachelor", "tuition_fee": {"value": 6150, "unit": "year", "currency": "EUR"}, "fulltime_duration": {"value": 24, "unit": "month"}, "density": {"parttime": false, "fulltime": true}, "methods": {"face2face": true, "online": false, "blended": false}, "organisation_id": 15519, "organisation": "TAFE South Australia", "venues": [{"city": "Adelaide", "country": "Australia", "area": "South Australia", "display_area": true}], "discipline_title": "Geographical Information Systems (GIS)", "discipline_id": 130}, {"id": 151793, "title": "Progressive Degree Programs", "summary": "The largest and oldest of the USC schools, USC Dornsife functions as the academic core of the university, offering courses and advancing knowledge across the humanities, social sciences and natural sciences.", "level": "preparation", "degree": "Pre-Master", "density": {"parttime": false, "fulltime": true}, "methods": {"face2face": true, "online": false, "blended": false}, "organisation_id": 11542, "organisation": "University of Southern California", "venues": [{"city": "Los Angeles", "country": "United States", "area": "California", "display_area": true}], "discipline_title": "Geographical Information Systems (GIS)", "discipline_id": 130}]