[{"id": 253611, "title": "Information Systems and Business Analytics", "summary": "The Information Systems and Business Analytics programme from&nbsp;Deakin University is supported by experienced researchers with an excellent track record of publishing in top journals in the discipline,", "level": "phd", "degree": "Ph.D.", "fulltime_duration": {"value": 48, "unit": "month"}, "density": {"parttime": false, "fulltime": true}, "methods": {"face2face": true, "online": false, "blended": false}, "organisation_id": 11000, "organisation": "Deakin University\u00a0", "venues": [{"city": "Geelong", "country": "Australia", "area": "Victoria", "display_area": true}], "discipline_title": "Business Information Systems", "discipline_id": 279}, {"id": 16428, "title": "Information Systems", "summary": "Information systems and services are an essential part of our everyday life, whether personal, social, or professional. They are also an invaluable tool for businesses by supporting their day-to-day processes, gathering business intelligence, and making strategic decisions, thus ultimately fostering digital innovation.&nbsp;", "level": "phd", "degree": "Ph.D.", "tuition_fee": {"value": 880, "unit": "year", "currency": "EUR"}, "fulltime_duration": {"value": 60, "unit": "month"}, "density": {"parttime": false, "fulltime": true}, "methods": {"face2face": true, "online": false, "blended": false}, "organisation_id": 525, "organisation": "University of Geneva", "venues": [{"city": "Gen\u00e8ve", "country": "Switzerland", "area": "Gen\u00e8ve", "display_area": false}], "discipline_title": "Business Information Systems", "discipline_id": 279}, {"id": 63780, "title": "Business Administration - Information Systems", "summary": "The Business Administration -&nbsp;Information Systems (IS) Ph.D. program at&nbsp;the University of Illinois is geared towards understanding how existing and emerging technologies impact the context and practice of business.&nbsp;", "level": "phd", "degree": "Ph.D.", "tuition_fee": {"value": 40273, "unit": "year", "currency": "EUR"}, "fulltime_duration": {"value": 48, "unit": "month"}, "density": {"parttime": false, "fulltime": true}, "methods": {"face2face": true, "online": false, "blended": false}, "organisation_id": 11772, "organisation": "University of Illinois at Urbana Champaign", "venues": [{"city": "Urbana", "country": "United States", "area": "Illinois", "display_area": true}], "discipline_title": "Business Information Systems", "discipline_id": 279}, {"id": 293118, "title": "Business and IT", "summary": "Part of 4TU Stan Ackermans Institute, the Professional Doctorate in Engineering in Business and IT (PDEng BIT) from University of Twente (UT)&nbsp;aims to raise the level of competence of professionals in IT to deal with the opportunities and challenges that IT-based innovations pose.&nbsp;", "level": "phd", "degree": "Ph. D.", "fulltime_duration": {"value": 24, "unit": "month"}, "density": {"parttime": false, "fulltime": true}, "methods": {"face2face": true, "online": false, "blended": false}, "organisation_id": 16, "organisation": "University of Twente (UT)", "venues": [{"city": "Enschede", "country": "Netherlands", "area": "Overijssel", "display_area": false}], "discipline_title": "Business Information Systems", "discipline_id": 279}, {"id": 290738, "title": "Information Systems", "summary": "Liberty University 100% online Doctor of Business Administration (DBA) in Information Systems degree program will prepare you to excel in business through both academic research and practical training.&nbsp;", "level": "phd", "degree": "D.B.A.", "tuition_fee": {"value": 601, "unit": "credit", "currency": "EUR"}, "parttime_duration": {"value": 36, "unit": "month"}, "density": {"parttime": true, "fulltime": false}, "methods": {"face2face": false, "online": true, "blended": false}, "organisation_id": 11403, "organisation": "Liberty University", "venues": [{"city": "Lynchburg", "country": "United States", "area": "Tennessee", "display_area": true}], "discipline_title": "Business Information Systems", "discipline_id": 279}, {"id": 65674, "title": "Operations and Information Systems", "summary": "Students in the Operations and Information Systems (OIS) major train to become scholars in Operations Management (OM) and Management Information Systems (MIS).&nbsp; All students receive training in the fundamentals of both OM and MIS and in-depth training in at least one of these two disciplines.&nbsp;&nbsp;", "level": "phd", "degree": "Ph.D.", "tuition_fee": {"value": 6068, "unit": "year", "currency": "EUR"}, "fulltime_duration": {"value": 48, "unit": "month"}, "density": {"parttime": false, "fulltime": true}, "methods": {"face2face": true, "online": false, "blended": false}, "organisation_id": 12117, "organisation": "University of Alberta", "venues": [{"city": "Camrose", "country": "Canada", "area": "Alberta", "display_area": false}], "discipline_title": "Business Information Systems", "discipline_id": 279}, {"id": 60125, "title": "Business Information Systems", "summary": "In this Business Information Systems&nbsp;program from RMIT University you will develop advanced research skills that will prepare you for a career in academia and other settings in which systematic and critical analytical skills are required.", "level": "phd", "degree": "Ph.D.", "tuition_fee": {"value": 20626, "unit": "year", "currency": "EUR"}, "fulltime_duration": {"value": 36, "unit": "month"}, "parttime_duration": {"value": 72, "unit": "month"}, "density": {"parttime": true, "fulltime": true}, "methods": {"face2face": true, "online": false, "blended": false}, "organisation_id": 11792, "organisation": "RMIT University", "venues": [{"city": "Melbourne", "country": "Australia", "area": "Victoria", "display_area": true}], "discipline_title": "Business Information Systems", "discipline_id": 279}, {"id": 229174, "title": "Information Systems and Management", "summary": "The purpose of the study program is the education of students so that they are capable of highquality and independent scientific research in the field of organizational sciences and management, computer science and other related disciplines.&nbsp;", "level": "phd", "degree": "Ph.D.", "tuition_fee": {"value": 5000, "unit": "year", "currency": "EUR"}, "density": {"parttime": false, "fulltime": true}, "methods": {"face2face": true, "online": false, "blended": false}, "organisation_id": 943, "organisation": "University of Belgrade", "venues": [{"city": "Belgrade", "country": "Serbia", "area": "Central Serbia", "display_area": false}], "discipline_title": "Business Information Systems", "discipline_id": 279}, {"id": 80940, "title": "Information Systems", "summary": "As a student in the Information Systems program at the Swinburne University of Technology, you will undertake supervised research with the aim of making a significant and original contribution to a discipline or profession.", "level": "phd", "degree": "Ph.D.", "tuition_fee": {"value": 19218, "unit": "year", "currency": "EUR"}, "fulltime_duration": {"value": 48, "unit": "month"}, "density": {"parttime": true, "fulltime": true}, "methods": {"face2face": true, "online": false, "blended": false}, "organisation_id": 11999, "organisation": "Swinburne University of Technology", "venues": [{"city": "Melbourne", "country": "Australia", "area": "Victoria", "display_area": true}], "discipline_title": "Business Information Systems", "discipline_id": 279}, {"id": 225371, "title": "Information Systems", "summary": "Much of a professional or manager's time is devoted to solving problems of one kind or another. Most of the problems encountered are unstructured, and a growing number pertain to the use of information technology (IT).&nbsp;", "level": "phd", "degree": "Ph.D.", "tuition_fee": {"value": 4009, "unit": "year", "currency": "EUR"}, "fulltime_duration": {"value": 48, "unit": "month"}, "density": {"parttime": false, "fulltime": true}, "methods": {"face2face": true, "online": false, "blended": false}, "organisation_id": 11946, "organisation": "Yonsei University", "venues": [{"city": "Seoul", "country": "South Korea", "area": "Seoul", "display_area": false}], "discipline_title": "Business Information Systems", "discipline_id": 279}, {"id": 68276, "title": "Erasmus Mundus in Information Technologies for Business Intelligence (It4bi - Dc)", "summary": "The Erasmus Mundus Joint Doctorate in Information Technologies for Business Intelligence \u2013 Doctoral College (IT4BI-DC) is designed to develop research excellence in this broad scope of fields.&nbsp;", "level": "phd", "degree": "Ph.D.", "tuition_fee": {"value": 694, "unit": "year", "currency": "EUR"}, "fulltime_duration": {"value": 36, "unit": "month"}, "density": {"parttime": false, "fulltime": true}, "methods": {"face2face": true, "online": false, "blended": false}, "organisation_id": 354, "organisation": "Polytechnic University of Catalonia", "venues": [{"city": "Barcelona", "country": "Spain", "area": "Catalonia", "display_area": false}], "discipline_title": "Business Information Systems", "discipline_id": 279}, {"id": 61333, "title": "Operations Management and Information Systems", "summary": "The Operations Management and Information Systems area of the Schulich School of Business offers PhD students the opportunity to work closely with highly productive faculty at the forefront of research in such diverse fields as supply chain management, health care management, social networks, health and safety, innovation and sustainability, entrepreneurial decision making, and data analytics.", "level": "phd", "degree": "Ph.D.", "tuition_fee": {"value": 8212, "unit": "year", "currency": "EUR"}, "fulltime_duration": {"value": 60, "unit": "month"}, "density": {"parttime": false, "fulltime": true}, "methods": {"face2face": true, "online": false, "blended": false}, "organisation_id": 11921, "organisation": "York University", "venues": [{"city": "Toronto", "country": "Canada", "area": "Ontario", "display_area": false}], "discipline_title": "Business Information Systems", "discipline_id": 279}, {"id": 157665, "title": "Business Informatics", "summary": "The Doctoral School of Business Informatics at Corvinus University of Budapest is a multidisciplinary programme, its fields of training are business and management and computer sciences.", "level": "phd", "degree": "Ph.D.", "tuition_fee": {"value": 1520, "unit": "year", "currency": "EUR"}, "fulltime_duration": {"value": 24, "unit": "month"}, "density": {"parttime": false, "fulltime": true}, "methods": {"face2face": true, "online": false, "blended": false}, "organisation_id": 655, "organisation": "Corvinus University of Budapest", "venues": [{"city": "Budapest", "country": "Hungary", "area": "Budapest", "display_area": false}], "discipline_title": "Business Information Systems", "discipline_id": 279}, {"id": 230257, "title": "Information Systems and Technology Management", "summary": "A Information Systems and Technology Management at the University of Pittsburgh grounded in research methods and strategies, with a mentorship model, that gives students an esteemed personal foundation.", "level": "phd", "degree": "Ph.D.", "fulltime_duration": {"value": 48, "unit": "month"}, "density": {"parttime": false, "fulltime": true}, "methods": {"face2face": true, "online": false, "blended": false}, "organisation_id": 11747, "organisation": "University of Pittsburgh", "venues": [{"city": "Pittsburgh", "country": "United States", "area": "Pennsylvania", "display_area": true}], "discipline_title": "Business Information Systems", "discipline_id": 279}, {"id": 60717, "title": "Business-Information Systems", "summary": "The Doctor of Philosophy in Business with a concentration in Information Systems prepares you for a career in research and teaching by providing the depth of knowledge, skills and attitudes required to conduct world-class research on the most relevant issues in business, effectively analyze that research, and present those findings in world-class scholarly presentations and publications.&nbsp;", "level": "phd", "degree": "Ph.D.", "tuition_fee": {"value": 15271, "unit": "year", "currency": "EUR"}, "fulltime_duration": {"value": 48, "unit": "month"}, "density": {"parttime": false, "fulltime": true}, "methods": {"face2face": true, "online": false, "blended": false}, "organisation_id": 11863, "organisation": "Auburn University", "venues": [{"city": "Auburn", "country": "United States", "area": "Alabama", "display_area": true}], "discipline_title": "Business Information Systems", "discipline_id": 279}, {"id": 61804, "title": "Accounting and Information Systems", "summary": "The Ph.D. Program in Accounting and Information Systems from University of Wisconsin Madison prepares individuals for careers in research, teaching, and service at the university level.&nbsp;", "level": "phd", "degree": "Ph.D.", "fulltime_duration": {"value": 36, "unit": "month"}, "density": {"parttime": false, "fulltime": true}, "methods": {"face2face": true, "online": false, "blended": false}, "organisation_id": 11728, "organisation": "University of Wisconsin Madison", "venues": [{"city": "Madison", "country": "United States", "area": "Wisconsin", "display_area": true}], "discipline_title": "Business Information Systems", "discipline_id": 279}, {"id": 280777, "title": "Information Systems", "summary": "In this Information Systems programme from Graduate School of Economics and Social Science (GESS) you will learn to support individuals in organizations with information for better or faster decisions.", "level": "phd", "degree": "Ph. D.", "tuition_fee": {"value": 0, "unit": "year", "currency": "EUR"}, "density": {"parttime": false, "fulltime": true}, "methods": {"face2face": true, "online": false, "blended": false}, "organisation_id": 57, "organisation": "University of Mannheim", "venues": [{"city": "Mannheim", "country": "Germany", "area": "Baden-W\u00fcrttemberg", "display_area": false}], "discipline_title": "Business Information Systems", "discipline_id": 279}, {"id": 72741, "title": "Accounting and Management Information Systems", "summary": "The Accounting &amp; MIS PhD program in the Fisher College of Business at Ohio State is one of the top accounting PhD programs in the country.&nbsp;", "level": "phd", "degree": "Ph.D.", "tuition_fee": {"value": 35771, "unit": "year", "currency": "EUR"}, "fulltime_duration": {"value": 48, "unit": "month"}, "density": {"parttime": false, "fulltime": true}, "methods": {"face2face": true, "online": false, "blended": false}, "organisation_id": 11757, "organisation": "The Ohio State University", "venues": [{"city": "Columbus", "country": "United States", "area": "Ohio", "display_area": true}], "discipline_title": "Business Information Systems", "discipline_id": 279}, {"id": 206758, "title": "Management - Information Systems Management", "summary": "Whether you seek to share your expertise as an educator, a consultant, or a business leader, the ACBSP-accredited Ph.D. in Management&nbsp;- Information Systems Management program from Walden University can help you gain the skills you need to reach your professional goals.", "level": "phd", "degree": "Ph.D.", "tuition_fee": {"value": 15695, "unit": "year", "currency": "EUR"}, "parttime_duration": {"value": 58, "unit": "month"}, "density": {"parttime": true, "fulltime": false}, "methods": {"face2face": false, "online": true, "blended": false}, "organisation_id": 10396, "organisation": "Walden University", "venues": [{"city": "Minneapolis", "country": "United States", "area": "Minnesota", "display_area": true}], "discipline_title": "Business Information Systems", "discipline_id": 279}, {"id": 40940, "title": "Doctor of Business Administration - Information Systems Management", "summary": "Are you prepared to influence and advance the future of business practice? The ACBSP-accredited Doctor of Business Administration&nbsp;- Information Systems Management program from&nbsp;Walden University examines some of the challenges and prospects that currently exist in the dynamic world of business, such as globalization, ethics, and stakeholder relationships.", "level": "phd", "degree": "D.B.A.", "tuition_fee": {"value": 87359, "unit": "year", "currency": "EUR"}, "parttime_duration": {"value": 56, "unit": "month"}, "density": {"parttime": true, "fulltime": false}, "methods": {"face2face": false, "online": true, "blended": false}, "organisation_id": 10396, "organisation": "Walden University", "venues": [{"city": "Minneapolis", "country": "United States", "area": "Minnesota", "display_area": true}], "discipline_title": "Business Information Systems", "discipline_id": 279}]