[{"id": 149070, "title": "Applied Computer Science", "summary": "The Applied Computer Science program from&nbsp;University of Winnipeg will help develop analytical thinking and applied skills by blending theoretical and practical aspects of computer science. The Applied Computer Science major is designed to provide an excellent basis for graduate studies in either computer science or applied computing.", "level": "bachelor", "degree": "B.Sc.", "tuition_fee": {"value": 11159, "unit": "year", "currency": "EUR"}, "fulltime_duration": {"value": 36, "unit": "month"}, "density": {"parttime": false, "fulltime": true}, "methods": {"face2face": true, "online": false, "blended": false}, "organisation_id": 15321, "organisation": "University of Winnipeg", "venues": [{"city": "Winnipeg", "country": "Canada", "area": "Manitoba", "display_area": false}], "discipline_title": "Health Informatics", "discipline_id": 283}, {"id": 86899, "title": "Information Technology (Honours)", "summary": "The Bachelor of Information Technology (Honours) offered by the University of Wollongong is for students who have an undergraduate degree in Information Technology, or equivalent, and who wish to undertake a research project as part of an add-on Honours year.", "level": "bachelor", "degree": "Bachelor", "tuition_fee": {"value": 20197, "unit": "year", "currency": "EUR"}, "fulltime_duration": {"value": 12, "unit": "month"}, "density": {"parttime": true, "fulltime": true}, "methods": {"face2face": true, "online": false, "blended": false}, "organisation_id": 19325, "organisation": "Faculty of Business (BUS)", "venues": [{"city": "Wollongong", "country": "Australia", "area": "New South Wales", "display_area": true}], "discipline_title": "Health Informatics", "discipline_id": 283}, {"id": 284082, "title": "Health Information Management", "summary": "The Health Information Management major&nbsp;at Texas State University&nbsp;prepares students to work in the health information management profession which focuses on healthcare data and the management of health care information resources.", "level": "bachelor", "degree": "Bachelor", "tuition_fee": {"value": 22089, "unit": "year", "currency": "EUR"}, "fulltime_duration": {"value": 48, "unit": "month"}, "density": {"parttime": false, "fulltime": true}, "methods": {"face2face": true, "online": false, "blended": false}, "organisation_id": 14186, "organisation": "Texas State University", "venues": [{"city": "San Marcos", "country": "United States", "area": "Texas", "display_area": true}], "discipline_title": "Health Informatics", "discipline_id": 283}, {"id": 269132, "title": "Health Informatics Technology", "summary": "Centennial College's Health Informatics Technology program combines knowledge of both software engineering and health care systems. In this advanced technology diploma program's&nbsp;courses, you learn to design, develop and maintain the next generation of electronic health records applications and many other exciting software products.", "level": "bachelor", "degree": "Advanced Diploma", "tuition_fee": {"value": 10845, "unit": "year", "currency": "EUR"}, "fulltime_duration": {"value": 36, "unit": "month"}, "density": {"parttime": false, "fulltime": true}, "methods": {"face2face": true, "online": false, "blended": false}, "organisation_id": 17213, "organisation": "Centennial College", "venues": [{"city": "Pickering", "country": "Canada", "area": "Ontario", "display_area": false}], "discipline_title": "Health Informatics", "discipline_id": 283}, {"id": 107680, "title": "Information Technology - Digital Health Systems (Honours)", "summary": "Learn how to develop and implement the use of computational technologies, smart devices, and communication media to manage illness, reduce health risks, and promote health and wellbeing. The Information Technology - Digital Health Systems (Honours)&nbsp;degree at&nbsp;Flinders University&nbsp;&nbsp;prepares you to graduate career-ready in an expanding industry.", "level": "bachelor", "degree": "Bachelor", "tuition_fee": {"value": 19994, "unit": "year", "currency": "EUR"}, "fulltime_duration": {"value": 48, "unit": "month"}, "density": {"parttime": true, "fulltime": true}, "methods": {"face2face": true, "online": false, "blended": true}, "organisation_id": 11944, "organisation": "Flinders University", "venues": [{"city": "Adelaide", "country": "Australia", "area": "South Australia", "display_area": true}], "discipline_title": "Health Informatics", "discipline_id": 283}, {"id": 283731, "title": "Health Informatics and Information Management", "summary": "Health Informatics and Information Management (B.S.) from University of Central Florida may be completed fully online, although not all elective options or program prerequisites may be offered online.&nbsp;", "level": "bachelor", "degree": "B.Sc.", "tuition_fee": {"value": 691, "unit": "credit", "currency": "EUR"}, "fulltime_duration": {"value": 48, "unit": "month"}, "density": {"parttime": false, "fulltime": true}, "methods": {"face2face": true, "online": true, "blended": false}, "organisation_id": 12257, "organisation": "University of Central Florida", "venues": [{"city": "Orlando", "country": "United States", "area": "Florida", "display_area": true}], "discipline_title": "Health Informatics", "discipline_id": 283}, {"id": 80713, "title": "Cognitive Science", "summary": "The Cognitive Science programme at The University of Edinburgh&nbsp;will teach you mathematical and programming skills as well as a deeper understanding of computation, human mind and behaviour, and the links between natural and artificial intelligence.", "level": "bachelor", "degree": "B.Sc.", "tuition_fee": {"value": 2059, "unit": "year", "currency": "EUR"}, "fulltime_duration": {"value": 48, "unit": "month"}, "density": {"parttime": false, "fulltime": true}, "methods": {"face2face": true, "online": false, "blended": false}, "organisation_id": 43, "organisation": "The University of Edinburgh", "venues": [{"city": "Edinburgh", "country": "United Kingdom", "area": "Scotland", "display_area": true}], "discipline_title": "Health Informatics", "discipline_id": 283}, {"id": 211744, "title": "Health Information Management", "summary": "Missouri Western State University offers a one-year Certificate program in Health Information Management, a B.S. degree in Health Information Management, and a minor in Health Informatics and Information Management.&nbsp;", "level": "bachelor", "degree": "B.Sc.", "tuition_fee": {"value": 9960, "unit": "year", "currency": "EUR"}, "fulltime_duration": {"value": 48, "unit": "month"}, "density": {"parttime": false, "fulltime": true}, "methods": {"face2face": true, "online": false, "blended": false}, "organisation_id": 17580, "organisation": "Missouri Western State University", "venues": [{"city": "Saint Joseph", "country": "United States", "area": "Michigan", "display_area": true}], "discipline_title": "Health Informatics", "discipline_id": 283}, {"id": 189991, "title": "Medical Technology", "summary": "The Medical Technology&nbsp;programme offered by Roosevelt University&nbsp;is a 3+1 program in which the first three years of course work are completed at Roosevelt University with the final year completed at the clinical affiliate site.", "level": "bachelor", "degree": "B.Sc.", "tuition_fee": {"value": 27572, "unit": "year", "currency": "EUR"}, "fulltime_duration": {"value": 48, "unit": "month"}, "density": {"parttime": false, "fulltime": true}, "methods": {"face2face": true, "online": false, "blended": false}, "organisation_id": 12504, "organisation": "Roosevelt University", "venues": [{"city": "Chicago", "country": "United States", "area": "Illinois", "display_area": true}], "discipline_title": "Health Informatics", "discipline_id": 283}, {"id": 194995, "title": "Health Information Technology", "summary": "Health information technology is information technology applied to health and health care (including the aged care market). It supports health information management across computerized systems and the secure exchange of health information between consumers, providers, payers, and quality monitors.", "level": "bachelor", "degree": "B.Sc.", "tuition_fee": {"value": 3697, "unit": "year", "currency": "EUR"}, "fulltime_duration": {"value": 48, "unit": "month"}, "density": {"parttime": false, "fulltime": true}, "methods": {"face2face": true, "online": false, "blended": false}, "organisation_id": 17254, "organisation": "Shiraz University of Medical Sciences", "venues": [{"city": "Shiraz", "country": "Iran", "area": "Fars", "display_area": false}], "discipline_title": "Health Informatics", "discipline_id": 283}, {"id": 234097, "title": "Informatics - Health Systems Administration", "summary": "In the B.S. in Informatics - Health Systems Administration program at&nbsp;Indiana University Bloomington and then in your career, you\u2019ll apply your tech knowledge to another area you\u2019re interested in to create new uses for technology and the way people interact with it.&nbsp;", "level": "bachelor", "degree": "B.Sc.", "tuition_fee": {"value": 35411, "unit": "year", "currency": "EUR"}, "fulltime_duration": {"value": 48, "unit": "month"}, "density": {"parttime": false, "fulltime": true}, "methods": {"face2face": true, "online": false, "blended": false}, "organisation_id": 11821, "organisation": "Indiana University Bloomington", "venues": [{"city": "Bloomington", "country": "United States", "area": "Indiana", "display_area": true}], "discipline_title": "Health Informatics", "discipline_id": 283}, {"id": 166360, "title": "Health Care Informatics", "summary": "Become trained in a career that marries the technical world of computer applications and the varied environment of the health care provider with the Health Care Informatics program of Montana Technological University.", "level": "bachelor", "degree": "B.Sc.", "tuition_fee": {"value": 41591, "unit": "year", "currency": "EUR"}, "fulltime_duration": {"value": 48, "unit": "month"}, "density": {"parttime": false, "fulltime": true}, "methods": {"face2face": true, "online": false, "blended": false}, "organisation_id": 16357, "organisation": "Montana Technological University", "venues": [{"city": "Butte", "country": "United States", "area": "Montana", "display_area": true}], "discipline_title": "Health Informatics", "discipline_id": 283}, {"id": 118422, "title": "Health Studies", "summary": "Health Studies courses at Queen's University will explore both the social and the physical determinants of health, approaches to health promotion, public health, epidemiology and program evaluation.&nbsp;Take advantage of the mini-stream in Exercise, Disability and Aging that provides students with an opportunity for hands-on internships.&nbsp;", "level": "bachelor", "degree": "B.A.", "tuition_fee": {"value": 16972, "unit": "year", "currency": "EUR"}, "fulltime_duration": {"value": 48, "unit": "month"}, "density": {"parttime": false, "fulltime": true}, "methods": {"face2face": true, "online": false, "blended": false}, "organisation_id": 12324, "organisation": "Queen's University", "venues": [{"city": "Kingston", "country": "Canada", "area": "Ontario", "display_area": false}], "discipline_title": "Health Informatics", "discipline_id": 283}, {"id": 296583, "title": "Informatics (Healthcare Informatics)", "summary": "Informatics (Healthcare Informatics) at&nbsp;Liberty University&nbsp;prepares students to meet the growing need for informatics professionals skilled in health technology.&nbsp;", "level": "bachelor", "degree": "B.Sc.", "tuition_fee": {"value": 21997, "unit": "year", "currency": "EUR"}, "fulltime_duration": {"value": 48, "unit": "month"}, "density": {"parttime": false, "fulltime": true}, "methods": {"face2face": true, "online": false, "blended": false}, "organisation_id": 11403, "organisation": "Liberty University", "venues": [{"city": "Lynchburg", "country": "United States", "area": "Tennessee", "display_area": true}], "discipline_title": "Health Informatics", "discipline_id": 283}, {"id": 99413, "title": "Health Administration - Health Systems Management", "summary": "The&nbsp;Health Administration - Health Systems Management concentration from&nbsp;George Mason University prepares graduates to serve in entry-level management, administrative and support positions in a variety of health-related organizations and settings.", "level": "bachelor", "degree": "B.Sc.", "tuition_fee": {"value": 33295, "unit": "year", "currency": "EUR"}, "fulltime_duration": {"value": 48, "unit": "month"}, "density": {"parttime": false, "fulltime": true}, "methods": {"face2face": true, "online": false, "blended": false}, "organisation_id": 12039, "organisation": "George Mason University", "venues": [{"city": "Fairfax", "country": "United States", "area": "Virginia", "display_area": true}], "discipline_title": "Health Informatics", "discipline_id": 283}, {"id": 126400, "title": "Health Information Management", "summary": "In two-year bachelor's program in Health Information Management on the University of Kansas Medical Center campus, students work with the latest technology at a top academic institution and the region's premier academic health center, The University of Kansas Hospital.", "level": "bachelor", "degree": "B.Sc.", "fulltime_duration": {"value": 48, "unit": "month"}, "density": {"parttime": false, "fulltime": true}, "methods": {"face2face": true, "online": false, "blended": false}, "organisation_id": 14195, "organisation": "University of Kansas Medical Center", "venues": [{"city": "Kansas City", "country": "United States", "area": "Kansas", "display_area": true}], "discipline_title": "Health Informatics", "discipline_id": 283}, {"id": 119717, "title": "Audiology and Speech Pathology", "summary": "The Department of Theory and Practice in Teacher Education at the University of Tennessee Knoxville (UTK) and the Department of Audiology and Speech Pathology at the University of Tennessee Health Science Center (UTHSC) offer a joint undergraduate degree program focusing on coursework in the scientific study of human communication sciences and disorders", "level": "bachelor", "degree": "B.Sc.", "tuition_fee": {"value": 29284, "unit": "year", "currency": "EUR"}, "fulltime_duration": {"value": 48, "unit": "month"}, "density": {"parttime": false, "fulltime": true}, "methods": {"face2face": true, "online": false, "blended": false}, "organisation_id": 12185, "organisation": "University of Tennessee Knoxville", "venues": [{"city": "Knoxville", "country": "United States", "area": "Tennessee", "display_area": true}], "discipline_title": "Health Informatics", "discipline_id": 283}, {"id": 109195, "title": "Biomedical Informatics", "summary": "The Biomedical Informatics&nbsp;program from Arizona State University educates undergraduate students in the informatics knowledge and skills that are so important in today's health care industry.", "level": "bachelor", "degree": "B.Sc.", "tuition_fee": {"value": 28836, "unit": "year", "currency": "EUR"}, "fulltime_duration": {"value": 48, "unit": "month"}, "density": {"parttime": false, "fulltime": true}, "methods": {"face2face": true, "online": false, "blended": false}, "organisation_id": 11227, "organisation": "Arizona State University", "venues": [{"city": "Tempe Junction", "country": "United States", "area": "Arizona", "display_area": true}], "discipline_title": "Health Informatics", "discipline_id": 283}, {"id": 136049, "title": "Health Sciences", "summary": "The Health Sciences program of University of South Florida is designed for those interested in health science, the health care industry and the allied health professions.", "level": "bachelor", "degree": "B.Sc.", "tuition_fee": {"value": 16012, "unit": "year", "currency": "EUR"}, "fulltime_duration": {"value": 48, "unit": "month"}, "density": {"parttime": false, "fulltime": true}, "methods": {"face2face": true, "online": false, "blended": false}, "organisation_id": 11474, "organisation": "University of South Florida", "venues": [{"city": "Tampa", "country": "United States", "area": "Florida", "display_area": true}], "discipline_title": "Health Informatics", "discipline_id": 283}, {"id": 121131, "title": "Nutrition, Basic Science", "summary": "If you enjoy the sciences and enjoy working with people, a career in nutrition may be right for you. The University of Tennessee Knoxville&nbsp;Department of Nutrition offers a Bachelor of Science degree in&nbsp;Nutrition, Basic Science Concentration.", "level": "bachelor", "degree": "B.Sc.", "tuition_fee": {"value": 29284, "unit": "year", "currency": "EUR"}, "fulltime_duration": {"value": 48, "unit": "month"}, "density": {"parttime": false, "fulltime": true}, "methods": {"face2face": true, "online": false, "blended": false}, "organisation_id": 12185, "organisation": "University of Tennessee Knoxville", "venues": [{"city": "Knoxville", "country": "United States", "area": "Tennessee", "display_area": true}], "discipline_title": "Health Informatics", "discipline_id": 283}, {"id": 94813, "title": "Radiologic Sciences - Radiation Therapy Technology", "summary": "Radiation Therapy an important part of today's health care field.&nbsp; It involves the use of high energy x-rays, gamma rays, or fast particles such as electrons or protons for the treatment of cancer.&nbsp;", "level": "bachelor", "degree": "Bachelor", "tuition_fee": {"value": 24030, "unit": "year", "currency": "EUR"}, "fulltime_duration": {"value": 48, "unit": "month"}, "density": {"parttime": false, "fulltime": true}, "methods": {"face2face": true, "online": false, "blended": false}, "organisation_id": 13429, "organisation": "Southern Illinois University", "venues": [{"city": "Carbondale", "country": "United States", "area": "Illinois", "display_area": true}], "discipline_title": "Health Informatics", "discipline_id": 283}, {"id": 118411, "title": "Health Sciences", "summary": "Do you see yourself as a doctor or a dentist one day? Perhaps a pharmacist or a veterinarian? Careers in the health professions are as exciting as they are varied, and we want to help you get there. The Bachelor in Health Sciences degree from Queen's University has been designed and built by educational experts for students who hope to become health professionals.", "level": "bachelor", "degree": "B.Sc.", "tuition_fee": {"value": 16972, "unit": "year", "currency": "EUR"}, "fulltime_duration": {"value": 48, "unit": "month"}, "density": {"parttime": false, "fulltime": true}, "methods": {"face2face": true, "online": false, "blended": false}, "organisation_id": 12324, "organisation": "Queen's University", "venues": [{"city": "Kingston", "country": "Canada", "area": "Ontario", "display_area": false}], "discipline_title": "Health Informatics", "discipline_id": 283}, {"id": 228758, "title": "Philosophy, Philosophy of Science and Medicine", "summary": "The Department of Philosophy from University of Tennessee Knoxville&nbsp;&nbsp;is a smaller but dynamic department with a faculty that is actively engaged in research and scholarship, along with teaching.&nbsp;&nbsp;At the undergraduate level, we also offer&nbsp;a&nbsp;Philosophy, Philosophy of Science and Medicine Concentration.", "level": "bachelor", "degree": "B.A.", "tuition_fee": {"value": 29284, "unit": "year", "currency": "EUR"}, "fulltime_duration": {"value": 48, "unit": "month"}, "density": {"parttime": false, "fulltime": true}, "methods": {"face2face": true, "online": false, "blended": false}, "organisation_id": 12185, "organisation": "University of Tennessee Knoxville", "venues": [{"city": "Knoxville", "country": "United States", "area": "Tennessee", "display_area": true}], "discipline_title": "Health Informatics", "discipline_id": 283}, {"id": 264765, "title": "Biomedical Informatics (based in China)", "summary": "Biomedical Informatics (based in China) at The University of Edinburgh encompasses the study of managing, analysing, and interpreting data in the biomedical field. Its researchers study and manage information, study behaviour related to decisions, and develop computational methods and use them to generate knowledge.", "level": "bachelor", "degree": "B.Sc.", "tuition_fee": {"value": 14714, "unit": "year", "currency": "EUR"}, "fulltime_duration": {"value": 48, "unit": "month"}, "density": {"parttime": false, "fulltime": true}, "methods": {"face2face": true, "online": false, "blended": false}, "organisation_id": 43, "organisation": "The University of Edinburgh", "venues": [{"city": "Edinburgh", "country": "United Kingdom", "area": "Scotland", "display_area": true}], "discipline_title": "Health Informatics", "discipline_id": 283}, {"id": 246163, "title": "Health Sciences - Social, Behavioral Health Sciences and Health Information Technology", "summary": "This degree program is designed for those interested in health science, the health care industry and the allied health professions. The degree has a flexible curriculum so students can choose an area of specialization to suit their career interests.&nbsp;", "level": "bachelor", "degree": "B.Sc.", "tuition_fee": {"value": 16012, "unit": "year", "currency": "EUR"}, "density": {"parttime": false, "fulltime": true}, "methods": {"face2face": true, "online": false, "blended": false}, "organisation_id": 18642, "organisation": "University of South Florida-Sarasota-Manatee", "venues": [{"city": "Tampa", "country": "United States", "area": "Florida", "display_area": true}], "discipline_title": "Health Informatics", "discipline_id": 283}, {"id": 112531, "title": "Bioinformatics", "summary": "The BSc in Bioinformatics degree from University of Calgary, focuses on the unique issues that occur when you apply computers to biological systems.", "level": "bachelor", "degree": "B.Sc.", "tuition_fee": {"value": 401, "unit": "module", "currency": "EUR"}, "fulltime_duration": {"value": 48, "unit": "month"}, "density": {"parttime": false, "fulltime": true}, "methods": {"face2face": true, "online": false, "blended": false}, "organisation_id": 12113, "organisation": "University of Calgary", "venues": [{"city": "Calgary", "country": "Canada", "area": "Alberta", "display_area": false}], "discipline_title": "Health Informatics", "discipline_id": 283}, {"id": 208263, "title": "Health Information Management", "summary": "Health Information Management (HIM) blends the sciences of medicine and information technology and focuses on applied healthcare statistics, information resources, legislative rules, and quality assurance to ensure that the most up-to-date information is available to make informed decisions.\u00a0", "level": "bachelor", "degree": "B.Sc.", "tuition_fee": {"value": 17927, "unit": "year", "currency": "EUR"}, "fulltime_duration": {"value": 48, "unit": "month"}, "density": {"parttime": false, "fulltime": true}, "methods": {"face2face": true, "online": false, "blended": false}, "organisation_id": 17506, "organisation": "Alabama State University", "venues": [{"city": "Montgomery", "country": "United States", "area": "Alabama", "display_area": true}], "discipline_title": "Health Informatics", "discipline_id": 283}, {"id": 118668, "title": "Life Sciences", "summary": "The Life Sciences program at Queen\u2019s University is one of the largest Bachelor of Science degree plans on campus. It is in high demand by students who wish to pursue careers in biomedical research and health care.", "level": "bachelor", "degree": "B.Sc.", "tuition_fee": {"value": 27603, "unit": "year", "currency": "EUR"}, "fulltime_duration": {"value": 48, "unit": "month"}, "density": {"parttime": false, "fulltime": true}, "methods": {"face2face": true, "online": false, "blended": false}, "organisation_id": 12324, "organisation": "Queen's University", "venues": [{"city": "Kingston", "country": "Canada", "area": "Ontario", "display_area": false}], "discipline_title": "Health Informatics", "discipline_id": 283}, {"id": 259078, "title": "911 Emergency and Call Centre Communications", "summary": "The&nbsp;911 Emergency and Call Centre Communications programme offered by the Durham College&nbsp;will prepare you for a career in the dynamic fields of emergency and non-emergency call centre communications.&nbsp;", "level": "bachelor", "degree": "Bachelor", "fulltime_duration": {"value": 24, "unit": "month"}, "density": {"parttime": false, "fulltime": true}, "methods": {"face2face": true, "online": false, "blended": false}, "organisation_id": 19012, "organisation": "Durham College", "venues": [{"city": "Oshawa", "country": "Canada", "area": "Ontario", "display_area": false}], "discipline_title": "Health Informatics", "discipline_id": 283}, {"id": 220431, "title": "Healthcare Informatics", "summary": "The Bachelor of Applied Science in Healthcare Informatics prepares individually with IT and/or healthcare preparation and experience to successfully compete for jobs in the rapidly growing field of healthcare informatics, which focuses optimizing use of technology to manage knowledge in order to improve quality of care.", "level": "bachelor", "degree": "B.Sc.", "tuition_fee": {"value": 266, "unit": "credit", "currency": "EUR"}, "fulltime_duration": {"value": 48, "unit": "month"}, "density": {"parttime": false, "fulltime": true}, "methods": {"face2face": true, "online": false, "blended": false}, "organisation_id": 17866, "organisation": "Bellevue College", "venues": [{"city": "Bellevue", "country": "United States", "area": "Washington", "display_area": true}], "discipline_title": "Health Informatics", "discipline_id": 283}, {"id": 121151, "title": "Pre-Pharmacy", "summary": "University of Tennessee Knoxville&nbsp;offers three program options for preparing students for the study of pharmacy at UT Health Science Center, Memphis.&nbsp;&nbsp;Bulletins describing the Pre-Pharmacy program options in detail may be obtained from Arts and Sciences Advising Services.", "level": "bachelor", "degree": "B.Sc.", "tuition_fee": {"value": 29284, "unit": "year", "currency": "EUR"}, "fulltime_duration": {"value": 48, "unit": "month"}, "density": {"parttime": false, "fulltime": true}, "methods": {"face2face": true, "online": false, "blended": false}, "organisation_id": 12185, "organisation": "University of Tennessee Knoxville", "venues": [{"city": "Knoxville", "country": "United States", "area": "Tennessee", "display_area": true}], "discipline_title": "Health Informatics", "discipline_id": 283}, {"id": 123190, "title": "Health Information Administration", "summary": "Health information management (HIM) professionals manage healthcare data and information resources. The profession encompasses planning, collecting, aggregating, analyzing, and disseminating individual patient and aggregate clinical data.", "level": "bachelor", "degree": "B.Sc.", "tuition_fee": {"value": 567, "unit": "credit", "currency": "EUR"}, "fulltime_duration": {"value": 48, "unit": "month"}, "density": {"parttime": false, "fulltime": true}, "methods": {"face2face": true, "online": false, "blended": false}, "organisation_id": 14111, "organisation": "Indiana University Northwest", "venues": [{"city": "Gary", "country": "United States", "area": "Indiana", "display_area": true}], "discipline_title": "Health Informatics", "discipline_id": 283}, {"id": 220215, "title": "Health Information Management Systems", "summary": "Health Information Management Systems professionals play a critical role in maintaining, collecting and analyzing the data that doctors, nurses and other healthcare providers rely on to deliver quality healthcare.\u00a0", "level": "bachelor", "degree": "Bachelor", "tuition_fee": {"value": 8226, "unit": "year", "currency": "EUR"}, "fulltime_duration": {"value": 48, "unit": "month"}, "density": {"parttime": false, "fulltime": true}, "methods": {"face2face": true, "online": false, "blended": false}, "organisation_id": 17859, "organisation": "Southern University New Orleans", "venues": [{"city": "New Orleans", "country": "United States", "area": "Louisiana", "display_area": true}], "discipline_title": "Health Informatics", "discipline_id": 283}, {"id": 296618, "title": "Information Systems (Information Assurance)", "summary": "Strategically position yourself for success in the cyber security field with a&nbsp;Bachelor of Science in&nbsp;Information Systems (Information Assurance) at&nbsp;Liberty University.", "level": "bachelor", "degree": "B.Sc.", "tuition_fee": {"value": 21997, "unit": "year", "currency": "EUR"}, "fulltime_duration": {"value": 48, "unit": "month"}, "density": {"parttime": false, "fulltime": true}, "methods": {"face2face": true, "online": false, "blended": false}, "organisation_id": 11403, "organisation": "Liberty University", "venues": [{"city": "Lynchburg", "country": "United States", "area": "Tennessee", "display_area": true}], "discipline_title": "Health Informatics", "discipline_id": 283}, {"id": 139029, "title": "Vascular Ultrasound", "summary": "The vascular ultrasound program at Rush University is a seven-quarter program. The first year consists of nine months (three academic quarters) of classroom and student lab experience taught by registered vascular technologists (RVT) and vascular surgeons who are experienced practitioner-teachers in the field.", "level": "bachelor", "degree": "B.Sc.", "tuition_fee": {"value": 767, "unit": "credit", "currency": "EUR"}, "fulltime_duration": {"value": 20, "unit": "month"}, "density": {"parttime": false, "fulltime": true}, "methods": {"face2face": true, "online": false, "blended": false}, "organisation_id": 13110, "organisation": "Rush University", "venues": [{"city": "Chicago", "country": "United States", "area": "Illinois", "display_area": true}], "discipline_title": "Health Informatics", "discipline_id": 283}, {"id": 187443, "title": "Healthcare Management: Informatics", "summary": "This degree will help fulfill the need for non-clinical healthcare employees, and is also appropriate for practitioners who desire to move up in clinical management or out of direct patient care into a support role.", "level": "bachelor", "degree": "B.Sc.", "tuition_fee": {"value": 405, "unit": "credit", "currency": "EUR"}, "fulltime_duration": {"value": 48, "unit": "month"}, "density": {"parttime": false, "fulltime": true}, "methods": {"face2face": true, "online": false, "blended": false}, "organisation_id": 17086, "organisation": "Southeast Missouri State University", "venues": [{"city": "Cape Girardeau", "country": "United States", "area": "Missouri", "display_area": true}], "discipline_title": "Health Informatics", "discipline_id": 283}, {"id": 119742, "title": "Healthcare Administration and Medical Informatics", "summary": "Healthcare Administration and Medical Informatics at&nbsp;Kaohsiung Medical University is a new integrated science, which use modern computer technology to collect and process health-related information to effectively address patient care, clinical research, medical administration, medical education, and the issues on the long-term care for senior people.", "level": "bachelor", "degree": "B.Sc.", "tuition_fee": {"value": 3505, "unit": "year", "currency": "EUR"}, "fulltime_duration": {"value": 48, "unit": "month"}, "density": {"parttime": false, "fulltime": true}, "methods": {"face2face": true, "online": false, "blended": false}, "organisation_id": 14049, "organisation": "Kaohsiung Medical University", "venues": [{"city": "Kaohsiung", "country": "Taiwan", "area": "Kaohsiung", "display_area": false}], "discipline_title": "Health Informatics", "discipline_id": 283}, {"id": 236508, "title": "Health Information Management (Completion Program)", "summary": "This program is designed for current RHIT credentialed professionals who are seeking a bachelor\u2019s degree in Health Information Management (HIM).&nbsp; T", "level": "bachelor", "degree": "B.Sc.", "tuition_fee": {"value": 19326, "unit": "year", "currency": "EUR"}, "fulltime_duration": {"value": 48, "unit": "month"}, "density": {"parttime": false, "fulltime": true}, "methods": {"face2face": true, "online": false, "blended": false}, "organisation_id": 18246, "organisation": "Davenport University", "venues": [{"city": "Caledonia", "country": "United States", "area": "Wisconsin", "display_area": true}], "discipline_title": "Health Informatics", "discipline_id": 283}, {"id": 123217, "title": "Informatics", "summary": "The Department of Computer Information Systems (CIS) offers several degrees for those individuals interested in employment in the Information Technology field.  The CIS degrees are designed to provide students with a foundation in computer skills along with a strong theoretical base. This foundation enables graduates to enter the job market as programmer/analysts or information systems analysts.", "level": "bachelor", "degree": "B.Sc.", "tuition_fee": {"value": 567, "unit": "credit", "currency": "EUR"}, "fulltime_duration": {"value": 48, "unit": "month"}, "density": {"parttime": false, "fulltime": true}, "methods": {"face2face": true, "online": false, "blended": false}, "organisation_id": 14111, "organisation": "Indiana University Northwest", "venues": [{"city": "Gary", "country": "United States", "area": "Indiana", "display_area": true}], "discipline_title": "Health Informatics", "discipline_id": 283}, {"id": 254249, "title": "Clinical Technology (Hons)", "summary": "In the Clinical Technology (Hons) program at&nbsp;University of Bradford you will develop the skills you need for a career as a clinical technologist, capable of applying your knowledge to assist in the diagnosis, treatment and rehabilitation of patients.&nbsp;", "level": "bachelor", "degree": "B.Sc.", "tuition_fee": {"value": 10465, "unit": "year", "currency": "EUR"}, "fulltime_duration": {"value": 48, "unit": "month"}, "density": {"parttime": false, "fulltime": true}, "methods": {"face2face": true, "online": false, "blended": false}, "organisation_id": 10352, "organisation": "University of Bradford", "venues": [{"city": "Bradford", "country": "United Kingdom", "area": "England", "display_area": true}], "discipline_title": "Health Informatics", "discipline_id": 283}, {"id": 246738, "title": "Technical Management (Health Information Management)", "summary": "Our Technical Management degree program is designed to prepare students to meet the challenges of a high-tech, global marketplace by bringing the real world into the classroom. Through experiential projects, you can develop the skills and business acumen needed in today's business world.", "level": "bachelor", "degree": "Bachelor", "tuition_fee": {"value": 459, "unit": "credit", "currency": "EUR"}, "density": {"parttime": false, "fulltime": true}, "methods": {"face2face": false, "online": true, "blended": false}, "organisation_id": 18665, "organisation": "DeVry University", "venues": [{"city": "Colton", "country": "United States", "area": "California", "display_area": true}], "discipline_title": "Health Informatics", "discipline_id": 283}, {"id": 97845, "title": "Health Services Management", "summary": "The&nbsp;Health Services Management program at the&nbsp;East Carolina University states that your goals and ambitions are unique, and we are committed to preparing you with the knowledge needed to succeed. ECU has over 175 degrees with nationally recognized academic programs taught by award-winning professors.&nbsp;", "level": "bachelor", "degree": "B.Sc.", "tuition_fee": {"value": 9580, "unit": "year", "currency": "EUR"}, "fulltime_duration": {"value": 48, "unit": "month"}, "density": {"parttime": false, "fulltime": true}, "methods": {"face2face": true, "online": false, "blended": false}, "organisation_id": 13556, "organisation": "East Carolina University", "venues": [{"city": "Greenville", "country": "United States", "area": "North Carolina", "display_area": true}], "discipline_title": "Health Informatics", "discipline_id": 283}, {"id": 242892, "title": "Diagnostic Medical Sonography", "summary": "&nbsp;If you're interested in a career that combines helping others with using the latest medical technology, consider Morehead State University's Bachelor of Science in Diagnostic Medical Sonography (DMS). Our program offers you not only the knowledge, but the hands-on experience to pursue a career in medical imaging.", "level": "bachelor", "degree": "B.Sc.", "tuition_fee": {"value": 21008, "unit": "year", "currency": "EUR"}, "fulltime_duration": {"value": 48, "unit": "month"}, "density": {"parttime": false, "fulltime": true}, "methods": {"face2face": true, "online": false, "blended": false}, "organisation_id": 16699, "organisation": "Morehead State University", "venues": [{"city": "Morehead", "country": "United States", "area": "Kentucky", "display_area": true}], "discipline_title": "Health Informatics", "discipline_id": 283}, {"id": 207207, "title": "Bioinformatics", "summary": "Decode the language of life. Imagine the growing world of computer technology being applied to biological questions - that's Bioinformatics!", "level": "bachelor", "degree": "B.Sc.", "tuition_fee": {"value": 14640, "unit": "year", "currency": "EUR"}, "fulltime_duration": {"value": 48, "unit": "month"}, "density": {"parttime": false, "fulltime": true}, "methods": {"face2face": true, "online": false, "blended": false}, "organisation_id": 17482, "organisation": "Claflin University", "venues": [{"city": "Orangeburg", "country": "United States", "area": "South Carolina", "display_area": true}], "discipline_title": "Health Informatics", "discipline_id": 283}, {"id": 246096, "title": "Health Sciences - Aging Health Studies and Health Information Technology", "summary": "This degree program is designed for those interested in health science, the health care industry and the allied health professions. The degree has a flexible curriculum so students can choose an area of specialization to suit their career interests.", "level": "bachelor", "degree": "B.Sc.", "tuition_fee": {"value": 16012, "unit": "year", "currency": "EUR"}, "density": {"parttime": false, "fulltime": true}, "methods": {"face2face": true, "online": false, "blended": false}, "organisation_id": 18642, "organisation": "University of South Florida-Sarasota-Manatee", "venues": [{"city": "Tampa", "country": "United States", "area": "Florida", "display_area": true}], "discipline_title": "Health Informatics", "discipline_id": 283}, {"id": 94802, "title": "Radiologic Sciences - Diagnostic Medical Sonography", "summary": "Diagnostic Medical Sonography, also called ultrasonography or sonography, is a diagnostic medical procedure that uses high frequency sound waves (ultrasound) to produce dynamic visual images of organs, tissues, or blood flow inside the body. This procedure is often referred to as a sonogram or ultrasound scan. Unlike X-rays, sonography is a radiation-free imaging modality.", "level": "bachelor", "degree": "Bachelor", "tuition_fee": {"value": 24030, "unit": "year", "currency": "EUR"}, "fulltime_duration": {"value": 48, "unit": "month"}, "density": {"parttime": false, "fulltime": true}, "methods": {"face2face": true, "online": false, "blended": false}, "organisation_id": 13429, "organisation": "Southern Illinois University", "venues": [{"city": "Carbondale", "country": "United States", "area": "Illinois", "display_area": true}], "discipline_title": "Health Informatics", "discipline_id": 283}, {"id": 233958, "title": "Informatics - Pre-health Professions", "summary": "In the B.S. in Informatics - Pre-health Professions program at Indiana University Bloomington and then in your career, you\u2019ll apply your tech knowledge to another area you\u2019re interested in to create new uses for technology and the way people interact with it.&nbsp;", "level": "bachelor", "degree": "B.Sc.", "tuition_fee": {"value": 35411, "unit": "year", "currency": "EUR"}, "fulltime_duration": {"value": 48, "unit": "month"}, "density": {"parttime": false, "fulltime": true}, "methods": {"face2face": true, "online": false, "blended": false}, "organisation_id": 11821, "organisation": "Indiana University Bloomington", "venues": [{"city": "Bloomington", "country": "United States", "area": "Indiana", "display_area": true}], "discipline_title": "Health Informatics", "discipline_id": 283}, {"id": 94807, "title": "Radiologic Sciences - Magnetic Resonance Imaging", "summary": "The Magnetic Resonance Imaging and Computed Tomography specialization option is offered during the fourth year in our Radiologic Sciences bachelor's degree program.", "level": "bachelor", "degree": "Bachelor", "tuition_fee": {"value": 24030, "unit": "year", "currency": "EUR"}, "fulltime_duration": {"value": 48, "unit": "month"}, "density": {"parttime": false, "fulltime": true}, "methods": {"face2face": true, "online": false, "blended": false}, "organisation_id": 13429, "organisation": "Southern Illinois University", "venues": [{"city": "Carbondale", "country": "United States", "area": "Illinois", "display_area": true}], "discipline_title": "Health Informatics", "discipline_id": 283}, {"id": 171378, "title": "Health Informatics", "summary": "The Health Informatics concentration at&nbsp;Fort Hays State University is designed to give those already working in the healthcare industry, or hoping to work in healthcare the ability to understand the needs and demands of patient care and information security.", "level": "bachelor", "degree": "B.Sc.", "tuition_fee": {"value": 14264, "unit": "year", "currency": "EUR"}, "fulltime_duration": {"value": 48, "unit": "month"}, "density": {"parttime": false, "fulltime": true}, "methods": {"face2face": true, "online": false, "blended": false}, "organisation_id": 16546, "organisation": "Fort Hays State University", "venues": [{"city": "Hays", "country": "United States", "area": "Kansas", "display_area": true}], "discipline_title": "Health Informatics", "discipline_id": 283}, {"id": 246113, "title": "Health Sciences - Health Information Technology", "summary": "This degree program is designed for those interested in health science, the health care industry and the allied health professions. The degree has a flexible curriculum so students can choose an area of specialization to suit their career interests.&nbsp;", "level": "bachelor", "degree": "B.Sc.", "tuition_fee": {"value": 16012, "unit": "year", "currency": "EUR"}, "density": {"parttime": false, "fulltime": true}, "methods": {"face2face": true, "online": false, "blended": false}, "organisation_id": 18642, "organisation": "University of South Florida-Sarasota-Manatee", "venues": [{"city": "Tampa", "country": "United States", "area": "Florida", "display_area": true}], "discipline_title": "Health Informatics", "discipline_id": 283}, {"id": 152521, "title": "Health Informatics", "summary": "Bachelor of Science Health Informatics is offered by the University of South Alabama.", "level": "bachelor", "degree": "B.Sc.", "tuition_fee": {"value": 636, "unit": "credit", "currency": "EUR"}, "fulltime_duration": {"value": 48, "unit": "month"}, "density": {"parttime": false, "fulltime": true}, "methods": {"face2face": true, "online": false, "blended": false}, "organisation_id": 14967, "organisation": "University of South Alabama", "venues": [{"city": "Mobile", "country": "United States", "area": "Alabama", "display_area": true}], "discipline_title": "Health Informatics", "discipline_id": 283}, {"id": 215084, "title": "Health Information Management", "summary": "The Health Information Management program of Coppin State University involves maintaining, collecting and analyzing the data that doctors, nurses and other healthcare providers rely on to deliver quality healthcare.", "level": "bachelor", "degree": "B.Sc.", "tuition_fee": {"value": 10207, "unit": "year", "currency": "EUR"}, "fulltime_duration": {"value": 48, "unit": "month"}, "density": {"parttime": false, "fulltime": true}, "methods": {"face2face": true, "online": false, "blended": false}, "organisation_id": 17676, "organisation": "Coppin State University", "venues": [{"city": "Baltimore", "country": "United States", "area": "Maryland", "display_area": true}], "discipline_title": "Health Informatics", "discipline_id": 283}, {"id": 280098, "title": "Medical Informatics", "summary": "The faculty of the Medical Informatics academic programme at the University of Heidelberg has very successfully been educating Medical Informatics Specialists.", "level": "bachelor", "degree": "B.Sc.", "tuition_fee": {"value": 0, "unit": "year", "currency": "EUR"}, "fulltime_duration": {"value": 36, "unit": "month"}, "density": {"parttime": false, "fulltime": true}, "methods": {"face2face": true, "online": false, "blended": false}, "organisation_id": 49, "organisation": "University of Heidelberg", "venues": [{"city": "Heidelberg", "country": "Germany", "area": "Baden-W\u00fcrttemberg", "display_area": false}], "discipline_title": "Health Informatics", "discipline_id": 283}, {"id": 236810, "title": "Health Information Management", "summary": "With our&nbsp;transfer-friendly&nbsp;Health Information Management (HIM) degree program, you\u2019ll be prepared to help streamline patient care issues.&nbsp;", "level": "bachelor", "degree": "B.Sc.", "tuition_fee": {"value": 470, "unit": "credit", "currency": "EUR"}, "fulltime_duration": {"value": 48, "unit": "month"}, "density": {"parttime": false, "fulltime": true}, "methods": {"face2face": true, "online": true, "blended": false}, "organisation_id": 18343, "organisation": "Franklin University", "venues": [{"city": "Columbus", "country": "United States", "area": "Ohio", "display_area": true}], "discipline_title": "Health Informatics", "discipline_id": 283}, {"id": 121764, "title": "Bioinformatics", "summary": "Bioinformatics at Carleton University&nbsp;taps into the vast datasets accumulating in the life sciences, combining techniques from informatics and computer science to solve biological problems such as gene identification, drug interactions and protein structure, the answers to which will be at the forefront of the application of personalized medicine.", "level": "bachelor", "degree": "B.Sc.", "tuition_fee": {"value": 17898, "unit": "year", "currency": "EUR"}, "fulltime_duration": {"value": 48, "unit": "month"}, "density": {"parttime": false, "fulltime": true}, "methods": {"face2face": true, "online": false, "blended": false}, "organisation_id": 11922, "organisation": "Carleton University", "venues": [{"city": "Ottawa", "country": "Canada", "area": "Ontario", "display_area": false}], "discipline_title": "Health Informatics", "discipline_id": 283}, {"id": 127070, "title": "Health Information Administration", "summary": "Passionate about the health and well-being of our world? Looking for a way to make a difference in the lives of others? With the Bachelor of Science in Health Sciences \u2013 Health Promotion Concentration, you\u2019ll have the opportunity to dive in to the work you love, building the theoretical foundation you need while gaining hands-on experience to prepare you for whatever comes next for you.", "level": "bachelor", "degree": "B.Sc.", "tuition_fee": {"value": 579, "unit": "credit", "currency": "EUR"}, "fulltime_duration": {"value": 48, "unit": "month"}, "density": {"parttime": false, "fulltime": true}, "methods": {"face2face": true, "online": false, "blended": false}, "organisation_id": 14213, "organisation": "Indiana University Kokomo", "venues": [{"city": "Kokomo", "country": "United States", "area": "Indiana", "display_area": true}], "discipline_title": "Health Informatics", "discipline_id": 283}, {"id": 173623, "title": "Health Information Management", "summary": "We have combined the customary HIM courses with informatics courses designed to strengthen your understanding of technology and business. \u00a0Students will graduate with HIM expertise as well as knowledge of computer applications, databases, and programming, giving them an advantage in their field.", "level": "bachelor", "degree": "B.A.", "tuition_fee": {"value": 20989, "unit": "year", "currency": "EUR"}, "fulltime_duration": {"value": 48, "unit": "month"}, "density": {"parttime": false, "fulltime": true}, "methods": {"face2face": true, "online": false, "blended": true}, "organisation_id": 16656, "organisation": "University of South Carolina Upstate", "venues": [{"city": "Spartanburg", "country": "United States", "area": "South Carolina", "display_area": true}], "discipline_title": "Health Informatics", "discipline_id": 283}, {"id": 126376, "title": "Health Information Management", "summary": "Health Information Management (HIM) at The City University of New York is the practice of acquiring, analyzing, and protecting digital and traditional medical information vital to providing quality patient care.", "level": "bachelor", "degree": "B.Sc.", "tuition_fee": {"value": 17191, "unit": "year", "currency": "EUR"}, "fulltime_duration": {"value": 48, "unit": "month"}, "density": {"parttime": false, "fulltime": true}, "methods": {"face2face": false, "online": true, "blended": false}, "organisation_id": 11937, "organisation": "The City University of New York", "venues": [{"city": "New York City", "country": "United States", "area": "New York", "display_area": true}], "discipline_title": "Health Informatics", "discipline_id": 283}, {"id": 96151, "title": "Health Information Management", "summary": "The 120-credit B.S. in Health Information Management at the&nbsp;Long Island University (LIU)&nbsp;offers a course of study that prepares students to monitor and manage the medical data systems critical to institutional operations and patient care.", "level": "bachelor", "degree": "B.Sc.", "tuition_fee": {"value": 33690, "unit": "year", "currency": "EUR"}, "fulltime_duration": {"value": 48, "unit": "month"}, "density": {"parttime": false, "fulltime": true}, "methods": {"face2face": true, "online": false, "blended": false}, "organisation_id": 13521, "organisation": "Long Island University (LIU)", "venues": [{"city": "New York City", "country": "United States", "area": "New York", "display_area": true}], "discipline_title": "Health Informatics", "discipline_id": 283}, {"id": 231261, "title": "Health Informatics and Information Management", "summary": "The Department of Health Informatics and Information Management (HIIM) was established in 1972, and for more than 45 years has provided outstanding educational opportunities and leadership in the field of HIIM. We offer a bachelor degree in Health Informatics and Information Management at the&nbsp;Louisiana Tech University.&nbsp;", "level": "bachelor", "degree": "B.Sc.", "tuition_fee": {"value": 10229, "unit": "year", "currency": "EUR"}, "fulltime_duration": {"value": 48, "unit": "month"}, "density": {"parttime": false, "fulltime": true}, "methods": {"face2face": true, "online": false, "blended": false}, "organisation_id": 14930, "organisation": "Louisiana Tech University", "venues": [{"city": "Ruston", "country": "United States", "area": "Louisiana", "display_area": true}], "discipline_title": "Health Informatics", "discipline_id": 283}, {"id": 242702, "title": "Data Analytics - Health Informatics", "summary": "The B.S. in Data Analytics program has been designed to train outstanding future&nbsp;data scientists.&nbsp;The demand for such graduates and the opportunity for them to play key roles in 21st-century industry and innovation are outstanding.", "level": "bachelor", "degree": "B.Sc.", "tuition_fee": {"value": 97, "unit": "credit", "currency": "EUR"}, "fulltime_duration": {"value": 48, "unit": "month"}, "density": {"parttime": false, "fulltime": true}, "methods": {"face2face": true, "online": false, "blended": false}, "organisation_id": 14194, "organisation": "Florida Polytechnic University", "venues": [{"city": "Lakeland", "country": "United States", "area": "Florida", "display_area": true}], "discipline_title": "Health Informatics", "discipline_id": 283}, {"id": 224820, "title": "Health Analytics", "summary": "Learn the analytical, technical, and healthcare knowledge and skills you need to improve healthcare quality, delivery, and efficiency using Big Data.\u00a0", "level": "bachelor", "degree": "B.Sc.", "tuition_fee": {"value": 23328, "unit": "year", "currency": "EUR"}, "fulltime_duration": {"value": 48, "unit": "month"}, "density": {"parttime": false, "fulltime": true}, "methods": {"face2face": true, "online": false, "blended": false}, "organisation_id": 17996, "organisation": "D\u2019Youville College", "venues": [{"city": "Buffalo", "country": "United States", "area": "New York", "display_area": true}], "discipline_title": "Health Informatics", "discipline_id": 283}, {"id": 234094, "title": "Informatics - Pre-health Professions", "summary": "In the B.S. in Informatics - Pre-health Professions program at&nbsp;Indiana University Bloomington and then in your career, you\u2019ll apply your tech knowledge to another area you\u2019re interested in to create new uses for technology and the way people interact with it.&nbsp;", "level": "bachelor", "degree": "B.Sc.", "tuition_fee": {"value": 35411, "unit": "year", "currency": "EUR"}, "fulltime_duration": {"value": 48, "unit": "month"}, "density": {"parttime": false, "fulltime": true}, "methods": {"face2face": true, "online": false, "blended": false}, "organisation_id": 11821, "organisation": "Indiana University Bloomington", "venues": [{"city": "Bloomington", "country": "United States", "area": "Indiana", "display_area": true}], "discipline_title": "Health Informatics", "discipline_id": 283}, {"id": 97835, "title": "Health Information Management", "summary": "The&nbsp;Health Information Management program at the&nbsp;East Carolina University states that your goals and ambitions are unique, and we are committed to preparing you with the knowledge needed to succeed. ECU has over 175 degrees with nationally recognized academic programs taught by award-winning professors.&nbsp;", "level": "bachelor", "degree": "B.Sc.", "tuition_fee": {"value": 9580, "unit": "year", "currency": "EUR"}, "fulltime_duration": {"value": 48, "unit": "month"}, "density": {"parttime": false, "fulltime": true}, "methods": {"face2face": true, "online": false, "blended": false}, "organisation_id": 13556, "organisation": "East Carolina University", "venues": [{"city": "Greenville", "country": "United States", "area": "North Carolina", "display_area": true}], "discipline_title": "Health Informatics", "discipline_id": 283}, {"id": 100773, "title": "Health Information Management", "summary": "Health Information Management (HIM) from the&nbsp;University of Pittsburgh stands at the critical intersection of medicine, business management, and information technology.&nbsp;", "level": "bachelor", "degree": "B.Sc.", "tuition_fee": {"value": 38363, "unit": "year", "currency": "EUR"}, "fulltime_duration": {"value": 24, "unit": "month"}, "density": {"parttime": false, "fulltime": true}, "methods": {"face2face": true, "online": false, "blended": false}, "organisation_id": 11747, "organisation": "University of Pittsburgh", "venues": [{"city": "Pittsburgh", "country": "United States", "area": "Pennsylvania", "display_area": true}], "discipline_title": "Health Informatics", "discipline_id": 283}, {"id": 48720, "title": "Health Informatics", "summary": "The Graduate Certificate in Health Informatics at the National University supports students interested in addressing these challenges and advancing their careers at the intersection of technological innovation and human health.", "level": "bachelor", "degree": "Associate Degree", "tuition_fee": {"value": 342, "unit": "module", "currency": "EUR"}, "parttime_duration": {"value": 48, "unit": "month"}, "density": {"parttime": true, "fulltime": false}, "methods": {"face2face": true, "online": true, "blended": false}, "organisation_id": 12825, "organisation": "National University", "venues": [{"city": "San Diego", "country": "United States", "area": "California", "display_area": true}], "discipline_title": "Health Informatics", "discipline_id": 283}, {"id": 245389, "title": "Information Technology with an Advanced Health Care IT Certificate", "summary": "Become a vital part of healthcare by developing the skills to implement and manage health information technologies. Through coursework for our Bachelor of Science in Information Technology (BSIT) degree with an Advanced Health Care IT (AHIT) Certificate, you'll learn these skills that are critical to how clinical and public healthcare facilities operate and deliver patient care. You'll also build your knowledge of healthcare terminology while learning how information systems store, protect and maintain sensitive data.", "level": "bachelor", "degree": "B.Sc.", "tuition_fee": {"value": 368, "unit": "credit", "currency": "EUR"}, "density": {"parttime": false, "fulltime": true}, "methods": {"face2face": false, "online": true, "blended": false}, "organisation_id": 18637, "organisation": "University of Phoenix", "venues": [{"city": "Phoenix", "country": "United States", "area": "Arizona", "display_area": true}], "discipline_title": "Health Informatics", "discipline_id": 283}, {"id": 160893, "title": "Health Informatics", "summary": "The&nbsp;Health Informatics program at Idaho State University is designed to enable graduates to enter careers in information systems usage in healthcare organizations. Information systems play an increasingly important role in the burgeoning healthcare field and the HI degree is intended to develop the skills necessary to manage information systems in a healthcare environment.&nbsp;", "level": "bachelor", "degree": "B.B.A.", "tuition_fee": {"value": 21202, "unit": "year", "currency": "EUR"}, "density": {"parttime": false, "fulltime": true}, "methods": {"face2face": true, "online": false, "blended": false}, "organisation_id": 16171, "organisation": "Idaho State University", "venues": [{"city": "Idaho Falls", "country": "United States", "area": "Idaho", "display_area": true}], "discipline_title": "Health Informatics", "discipline_id": 283}, {"id": 247202, "title": "Health Information Management", "summary": "Health Information Management is essential for successful patient care.&nbsp; That\u2019s why health information management is one of the fastest growing career fields today.&nbsp;", "level": "bachelor", "degree": "B.Sc.", "tuition_fee": {"value": 24455, "unit": "year", "currency": "EUR"}, "density": {"parttime": false, "fulltime": true}, "methods": {"face2face": false, "online": true, "blended": false}, "organisation_id": 18677, "organisation": "Indiana Institute of Technology", "venues": [{"city": "Fort Wayne", "country": "United States", "area": "Indiana", "display_area": true}], "discipline_title": "Health Informatics", "discipline_id": 283}, {"id": 191808, "title": "Health Information Management and Technology", "summary": "The Bachelor of Science in Health Information Management and Technology (HIMT) is designed to provide students with the knowledge and competencies required to meet the growing need for professionals to work in this rapidly expanding and evolving area of health care.\u00a0", "level": "bachelor", "degree": "B.Sc.", "tuition_fee": {"value": 14538, "unit": "year", "currency": "EUR"}, "fulltime_duration": {"value": 48, "unit": "month"}, "density": {"parttime": false, "fulltime": true}, "methods": {"face2face": true, "online": false, "blended": false}, "organisation_id": 17194, "organisation": "University of Wisconsin Green Bay", "venues": [{"city": "Green Bay", "country": "United States", "area": "Wisconsin", "display_area": true}], "discipline_title": "Health Informatics", "discipline_id": 283}, {"id": 179706, "title": "Health Information Management (Management Concentration)", "summary": "The Bachelor of Science Health Information Management (Management Concentration) from&nbsp;Fisher College prepares students to work with various healthcare providers, healthcare system administrators, payers, regulatory agencies, electronic health systems, and patients.&nbsp;", "level": "bachelor", "degree": "B.Sc.", "tuition_fee": {"value": 28087, "unit": "year", "currency": "EUR"}, "fulltime_duration": {"value": 48, "unit": "month"}, "density": {"parttime": false, "fulltime": true}, "methods": {"face2face": true, "online": false, "blended": false}, "organisation_id": 16920, "organisation": "Fisher College", "venues": [{"city": "Boston", "country": "United States", "area": "Massachusetts", "display_area": true}], "discipline_title": "Health Informatics", "discipline_id": 283}, {"id": 264770, "title": "Integrative Biomedical Sciences (based in China)", "summary": "Understanding the functioning of the human body at the molecular, cellular, organ and system levels in health and disease is the aim of the&nbsp;Integrative Biomedical Sciences (based in China) programme at The University of Edinburgh.", "level": "bachelor", "degree": "B.Sc.", "tuition_fee": {"value": 14714, "unit": "year", "currency": "EUR"}, "fulltime_duration": {"value": 48, "unit": "month"}, "density": {"parttime": false, "fulltime": true}, "methods": {"face2face": true, "online": false, "blended": false}, "organisation_id": 43, "organisation": "The University of Edinburgh", "venues": [{"city": "Edinburgh", "country": "United Kingdom", "area": "Scotland", "display_area": true}], "discipline_title": "Health Informatics", "discipline_id": 283}, {"id": 193021, "title": "Allied Health Technologies", "summary": "Completion of this program will result in a Bachelor of Science in Allied Health Technologies with a concentration in radiologic technology awarded jointly by Fairleigh Dickinson University and the partner institution.", "level": "bachelor", "degree": "B.Sc.", "tuition_fee": {"value": 42079, "unit": "year", "currency": "EUR"}, "fulltime_duration": {"value": 48, "unit": "month"}, "density": {"parttime": false, "fulltime": true}, "methods": {"face2face": true, "online": false, "blended": false}, "organisation_id": 16115, "organisation": "Fairleigh Dickinson University", "venues": [{"city": "Madison", "country": "United States", "area": "New Jersey", "display_area": true}], "discipline_title": "Health Informatics", "discipline_id": 283}, {"id": 145929, "title": "Health Informatics and Information Management", "summary": "The Health Informatics and Information Management program of Florida Agricultural and Mechanical University is made up of two parts: the pre-professional curriculum and the professional curriculum.", "level": "bachelor", "degree": "B.Sc.", "tuition_fee": {"value": 31554, "unit": "year", "currency": "EUR"}, "fulltime_duration": {"value": 48, "unit": "month"}, "density": {"parttime": false, "fulltime": true}, "methods": {"face2face": true, "online": false, "blended": false}, "organisation_id": 15133, "organisation": "Florida Agricultural and Mechanical University", "venues": [{"city": "Florida City", "country": "United States", "area": "Florida", "display_area": true}], "discipline_title": "Health Informatics", "discipline_id": 283}, {"id": 98920, "title": "Health Care Administration", "summary": "The&nbsp;Health Care Administration program at the&nbsp;Bowling Green State University&nbsp;is designed to prepare students to work in management and administration of hospitals, clinics and other organizations providing health care services. Health care administrators are responsible for finance, billing, human resource management, facilities management, marketing, procurement.", "level": "bachelor", "degree": "B.Sc.", "tuition_fee": {"value": 15960, "unit": "year", "currency": "EUR"}, "fulltime_duration": {"value": 48, "unit": "month"}, "density": {"parttime": false, "fulltime": true}, "methods": {"face2face": true, "online": false, "blended": false}, "organisation_id": 13571, "organisation": "Bowling Green State University", "venues": [{"city": "Bowling Green", "country": "United States", "area": "Kentucky", "display_area": true}], "discipline_title": "Health Informatics", "discipline_id": 283}, {"id": 259306, "title": "Health Studies (with an Emphasis in Health Informatics and Information Management)", "summary": "Health science disciplines relate to the delivery of health care and services. These&nbsp;applied and clinical practices maintain and improve individual health. Health&nbsp;Studies students study science and healthcare services and systems.&nbsp;", "level": "bachelor", "degree": "B.Sc.", "tuition_fee": {"value": 21975, "unit": "year", "currency": "EUR"}, "fulltime_duration": {"value": 48, "unit": "month"}, "density": {"parttime": false, "fulltime": true}, "methods": {"face2face": true, "online": false, "blended": false}, "organisation_id": 14237, "organisation": "Boise State University", "venues": [{"city": "Boise", "country": "United States", "area": "Idaho", "display_area": true}], "discipline_title": "Health Informatics", "discipline_id": 283}, {"id": 240066, "title": "Health Information Management", "summary": "The&nbsp; Health Information Management (HIM) program focuses on the management of healthcare data and information resources.&nbsp;", "level": "bachelor", "degree": "B.Sc.", "tuition_fee": {"value": 1259, "unit": "credit", "currency": "EUR"}, "density": {"parttime": false, "fulltime": true}, "methods": {"face2face": true, "online": false, "blended": false}, "organisation_id": 18422, "organisation": "Millennia Atlantic University", "venues": [{"city": "Doral", "country": "United States", "area": "Florida", "display_area": true}], "discipline_title": "Health Informatics", "discipline_id": 283}, {"id": 118593, "title": "Kinesiology", "summary": "Study the science of the human body in motion, Kinesiology, and learn about the physiological, biomechanical, psychological and socio-cultural factors that influence human movement, exercise and sport performance, and health at Queen's University.", "level": "bachelor", "degree": "Bachelor", "tuition_fee": {"value": 27603, "unit": "year", "currency": "EUR"}, "fulltime_duration": {"value": 48, "unit": "month"}, "density": {"parttime": false, "fulltime": true}, "methods": {"face2face": true, "online": false, "blended": false}, "organisation_id": 12324, "organisation": "Queen's University", "venues": [{"city": "Kingston", "country": "Canada", "area": "Ontario", "display_area": false}], "discipline_title": "Health Informatics", "discipline_id": 283}, {"id": 162009, "title": "Bioinformatics", "summary": "Ramapo College was one of the first primarily undergraduate colleges in the United States to offer a baccalaureate degree in Bioinformatics. The Bioinformatics program from&nbsp;Ramapo College of New Jersey prepares students for employment in industry and academia, and to engage in research.&nbsp;", "level": "bachelor", "degree": "B.Sc.", "tuition_fee": {"value": 21918, "unit": "year", "currency": "EUR"}, "fulltime_duration": {"value": 48, "unit": "month"}, "density": {"parttime": false, "fulltime": true}, "methods": {"face2face": true, "online": false, "blended": false}, "organisation_id": 16194, "organisation": "Ramapo College of New Jersey", "venues": [{"city": "Ramsey", "country": "United States", "area": "New Jersey", "display_area": true}], "discipline_title": "Health Informatics", "discipline_id": 283}, {"id": 98873, "title": "Health Informatics", "summary": "The Health Informatics at&nbsp;University of Massachusetts Lowell is growing in importance. Applications include: electronic medical records, physician order entry systems, pharmaceutical systems and financial applications.", "level": "bachelor", "degree": "Graduate Certificate", "tuition_fee": {"value": 30504, "unit": "year", "currency": "EUR"}, "fulltime_duration": {"value": 48, "unit": "month"}, "density": {"parttime": false, "fulltime": true}, "methods": {"face2face": true, "online": false, "blended": false}, "organisation_id": 12543, "organisation": "University of Massachusetts Lowell", "venues": [{"city": "Lowell", "country": "United States", "area": "Massachusetts", "display_area": true}], "discipline_title": "Health Informatics", "discipline_id": 283}, {"id": 259220, "title": "Health Care Technology Management", "summary": "The first program of its kind in Canada, the Health Care Technology Management&nbsp;programme offered by the Durham College&nbsp;addresses an identified need in the health care sector for professionals with a hybrid skill set of expertise in medical technology, life sciences and business practices.&nbsp;", "level": "bachelor", "degree": "Bachelor", "tuition_fee": {"value": 11255, "unit": "year", "currency": "EUR"}, "fulltime_duration": {"value": 48, "unit": "month"}, "density": {"parttime": false, "fulltime": true}, "methods": {"face2face": true, "online": false, "blended": false}, "organisation_id": 19012, "organisation": "Durham College", "venues": [{"city": "Oshawa", "country": "Canada", "area": "Ontario", "display_area": false}], "discipline_title": "Health Informatics", "discipline_id": 283}, {"id": 139025, "title": "Imaging Sciences", "summary": "The Imaging Sciences program is committed to offering the highest quality of education through formal didactic and state-of-the-art clinical experiences essential in the preparation of advanced-level imaging science professionals.", "level": "bachelor", "degree": "B.Sc.", "tuition_fee": {"value": 801, "unit": "credit", "currency": "EUR"}, "fulltime_duration": {"value": 24, "unit": "month"}, "density": {"parttime": false, "fulltime": true}, "methods": {"face2face": true, "online": false, "blended": false}, "organisation_id": 13110, "organisation": "Rush University", "venues": [{"city": "Chicago", "country": "United States", "area": "Illinois", "display_area": true}], "discipline_title": "Health Informatics", "discipline_id": 283}, {"id": 280675, "title": "Applied Science in Medical Insurance, Billing, and Coding", "summary": "The mission of the&nbsp;Associate of Applied Science in Medical Insurance, Billing, and Coding&nbsp;program offered by Stratford University is to prepare students to be knowledgeable about proper identification of medical codes used by insurance companies and to teach students how to use medical office software to process medical insurance bills.", "level": "bachelor", "degree": "Associate Degree", "tuition_fee": {"value": 342, "unit": "credit", "currency": "EUR"}, "fulltime_duration": {"value": 24, "unit": "month"}, "density": {"parttime": false, "fulltime": true}, "methods": {"face2face": true, "online": true, "blended": false}, "organisation_id": 19711, "organisation": "Stratford University", "venues": [{"city": "Falls Church", "country": "United States", "area": "Virginia", "display_area": true}], "discipline_title": "Health Informatics", "discipline_id": 283}, {"id": 93758, "title": "Computer Science and Health Information Science", "summary": "The Computer Science and Health Information Science program of University of Victoria, British Columbia&nbsp;combines studies in the organization of health care systems and specific issues involving health informatics with the fundamentals of software engineering, operating systems, programming languages and computer hardware.", "level": "bachelor", "degree": "B.Sc.", "tuition_fee": {"value": 16353, "unit": "year", "currency": "EUR"}, "fulltime_duration": {"value": 48, "unit": "month"}, "density": {"parttime": false, "fulltime": true}, "methods": {"face2face": true, "online": false, "blended": false}, "organisation_id": 12137, "organisation": "University of Victoria, British Columbia", "venues": [{"city": "Victoria", "country": "Canada", "area": "British Columbia", "display_area": false}], "discipline_title": "Health Informatics", "discipline_id": 283}, {"id": 187839, "title": "Biomedical Sciences", "summary": "The Faculty of Medicine & Health Sciences is offering the Bachelor of Biomedical Sciences, a 3-year program, at An-Najah National University.\u00a0", "level": "bachelor", "degree": "B.Sc.", "fulltime_duration": {"value": 36, "unit": "month"}, "density": {"parttime": false, "fulltime": true}, "methods": {"face2face": true, "online": false, "blended": false}, "organisation_id": 17091, "organisation": "An-Najah National University", "venues": [{"city": "Nablus", "country": "Palestinian Territory, Occupied", "area": "West Bank", "display_area": false}], "discipline_title": "Health Informatics", "discipline_id": 283}, {"id": 105496, "title": "Information Sciences", "summary": "The Information Sciences program of University of New Brunswick will teach students to&nbsp;will learn how to establish programs to collect and analyze data, which will better equip people to function within their work environments.", "level": "bachelor", "degree": "B.Sc.", "tuition_fee": {"value": 6212, "unit": "year", "currency": "EUR"}, "fulltime_duration": {"value": 48, "unit": "month"}, "density": {"parttime": false, "fulltime": true}, "methods": {"face2face": true, "online": false, "blended": false}, "organisation_id": 13779, "organisation": "University of New Brunswick", "venues": [{"city": "Saint John", "country": "Canada", "area": "New Brunswick", "display_area": false}], "discipline_title": "Health Informatics", "discipline_id": 283}, {"id": 175437, "title": "Exercise Science", "summary": "Serve others by improving and maintaining their health and fitness. Learn how to help people live healthier lives through exercise, rehabilitation, and nutrition\u2014in our personalized program. In addition to the undergraduate program at Xavier University, utilize the 3+2 option to complete your undergraduate degree in Exercise Science and a master's degree in Athletic Training in five years.", "level": "bachelor", "degree": "B.Sc.", "tuition_fee": {"value": 39243, "unit": "year", "currency": "EUR"}, "fulltime_duration": {"value": 48, "unit": "month"}, "density": {"parttime": false, "fulltime": true}, "methods": {"face2face": true, "online": false, "blended": false}, "organisation_id": 16700, "organisation": "Xavier University", "venues": [{"city": "Cincinnati", "country": "United States", "area": "Ohio", "display_area": true}], "discipline_title": "Health Informatics", "discipline_id": 283}, {"id": 165737, "title": "Health Care Systems Administration", "summary": "The Health Care Systems Administration&nbsp;course at Ferris State University includes courses in management, marketing, accounting, quality assurance, health care finance, health care planning and long-term care management prepares you to work in many areas in health-care.", "level": "bachelor", "degree": "B.Sc.", "tuition_fee": {"value": 17598, "unit": "year", "currency": "EUR"}, "fulltime_duration": {"value": 48, "unit": "month"}, "density": {"parttime": false, "fulltime": true}, "methods": {"face2face": true, "online": false, "blended": false}, "organisation_id": 10809, "organisation": "Ferris State University", "venues": [{"city": "Big Rapids", "country": "United States", "area": "Michigan", "display_area": true}], "discipline_title": "Health Informatics", "discipline_id": 283}, {"id": 195716, "title": "Information Systems - Healthcare Information Systems Emphasis", "summary": "The healthcare industry relies heavily on information systems to store patient information so that medical professionals can analyze the data. Information systems professionals who specialize in HIS find exciting careers.\u00a0", "level": "bachelor", "degree": "B.Sc.", "tuition_fee": {"value": 1107, "unit": "credit", "currency": "EUR"}, "fulltime_duration": {"value": 48, "unit": "month"}, "density": {"parttime": false, "fulltime": true}, "methods": {"face2face": true, "online": false, "blended": false}, "organisation_id": 16977, "organisation": "Utah Valley University", "venues": [{"city": "Orem", "country": "United States", "area": "Utah", "display_area": true}], "discipline_title": "Health Informatics", "discipline_id": 283}, {"id": 250281, "title": "Health Information Management", "summary": "The&nbsp;Health Information Management program is offered at College of Pharmacy and Health Sciences.", "level": "bachelor", "degree": "B.Sc.", "tuition_fee": {"value": 15705, "unit": "year", "currency": "EUR"}, "fulltime_duration": {"value": 48, "unit": "month"}, "density": {"parttime": false, "fulltime": true}, "methods": {"face2face": true, "online": false, "blended": false}, "organisation_id": 17202, "organisation": "Texas Southern University", "venues": [{"city": "Texas City", "country": "United States", "area": "Texas", "display_area": true}], "discipline_title": "Health Informatics", "discipline_id": 283}, {"id": 280678, "title": "Applied Science in Pharmacy Technician", "summary": "The mission of the&nbsp;Associate of Applied Science in Pharmacy Technician&nbsp;program offered by Stratford University is to educate and graduate pharmacy technicians capable of assisting pharmacists in the preparation and dispensing of medications.", "level": "bachelor", "degree": "Associate Degree", "tuition_fee": {"value": 342, "unit": "credit", "currency": "EUR"}, "fulltime_duration": {"value": 24, "unit": "month"}, "density": {"parttime": false, "fulltime": true}, "methods": {"face2face": true, "online": true, "blended": false}, "organisation_id": 19711, "organisation": "Stratford University", "venues": [{"city": "Falls Church", "country": "United States", "area": "Virginia", "display_area": true}], "discipline_title": "Health Informatics", "discipline_id": 283}, {"id": 235898, "title": "Clinical Laboratory Science", "summary": "The Clinical Laboratory Science program at Maryville University prepares students to use molecular, microbiological, and hematological procedures to help doctors diagnose and treat patients.", "level": "bachelor", "degree": "Bachelor", "tuition_fee": {"value": 24095, "unit": "year", "currency": "EUR"}, "fulltime_duration": {"value": 48, "unit": "month"}, "density": {"parttime": false, "fulltime": true}, "methods": {"face2face": true, "online": false, "blended": false}, "organisation_id": 11534, "organisation": "Maryville University", "venues": [{"city": "Saint Louis", "country": "United States", "area": "Missouri", "display_area": true}], "discipline_title": "Health Informatics", "discipline_id": 283}, {"id": 95212, "title": "Health Informatics and Information Management", "summary": "Western Michigan University's health informatics and information management major was developed to meet the rising demand for health care information professionals. If you desire to be involved in a health care discipline that focuses on technologies and information management that spans from clinical applications to research, this program will be a good fit for you.", "level": "bachelor", "degree": "B.B.A.", "tuition_fee": {"value": 15355, "unit": "year", "currency": "EUR"}, "fulltime_duration": {"value": 48, "unit": "month"}, "density": {"parttime": false, "fulltime": true}, "methods": {"face2face": true, "online": false, "blended": false}, "organisation_id": 13482, "organisation": "Western Michigan University", "venues": [{"city": "Kalamazoo", "country": "United States", "area": "Michigan", "display_area": true}], "discipline_title": "Health Informatics", "discipline_id": 283}, {"id": 187840, "title": "Public Health: Information", "summary": "The societal need for highly trained and educated public health professionals continues to grow rapidly. According to the US Bureau of Labor Statistics (BLS), nearly one-third of the projected increase in US jobs is projected to come from the healthcare and social assistance sectors.", "level": "bachelor", "degree": "Bachelor", "tuition_fee": {"value": 405, "unit": "credit", "currency": "EUR"}, "fulltime_duration": {"value": 48, "unit": "month"}, "density": {"parttime": false, "fulltime": true}, "methods": {"face2face": true, "online": false, "blended": false}, "organisation_id": 17086, "organisation": "Southeast Missouri State University", "venues": [{"city": "Cape Girardeau", "country": "United States", "area": "Missouri", "display_area": true}], "discipline_title": "Health Informatics", "discipline_id": 283}, {"id": 246158, "title": "Health Sciences - Health Management and Health Information Technology", "summary": "This degree program is designed for those interested in health science, the health care industry and the allied health professions. The degree has a flexible curriculum so students can choose an area of specialization to suit their career interests.&nbsp;", "level": "bachelor", "degree": "B.Sc.", "tuition_fee": {"value": 16012, "unit": "year", "currency": "EUR"}, "density": {"parttime": false, "fulltime": true}, "methods": {"face2face": true, "online": false, "blended": false}, "organisation_id": 18642, "organisation": "University of South Florida-Sarasota-Manatee", "venues": [{"city": "Tampa", "country": "United States", "area": "Florida", "display_area": true}], "discipline_title": "Health Informatics", "discipline_id": 283}, {"id": 144546, "title": "Health Information Administration", "summary": "Health Informatics encompasses understanding technology\u2019s impact on people, developing new uses for technology and applying information technology in the context of another field. The university offers an applied informatics bachelor\u2019s degree in health information administration.", "level": "bachelor", "degree": "B.Sc.", "tuition_fee": {"value": 10040, "unit": "year", "currency": "EUR"}, "fulltime_duration": {"value": 48, "unit": "month"}, "density": {"parttime": false, "fulltime": true}, "methods": {"face2face": true, "online": false, "blended": false}, "organisation_id": 15057, "organisation": "Augusta  University", "venues": [{"city": "Augusta", "country": "United States", "area": "Georgia", "display_area": true}], "discipline_title": "Health Informatics", "discipline_id": 283}, {"id": 189902, "title": "Diagnostic Medical Sonography", "summary": "The&nbsp;Diagnostic Medical Sonography&nbsp;programme offered by Roosevelt University is&nbsp;a 3+1.5 program in which the first three years of course work is completed at Roosevelt University with the final year and a half completed at Northwestern Memorial Hospital.", "level": "bachelor", "degree": "B.Sc.", "tuition_fee": {"value": 29107, "unit": "year", "currency": "EUR"}, "fulltime_duration": {"value": 60, "unit": "month"}, "density": {"parttime": false, "fulltime": true}, "methods": {"face2face": true, "online": false, "blended": false}, "organisation_id": 12504, "organisation": "Roosevelt University", "venues": [{"city": "Chicago", "country": "United States", "area": "Illinois", "display_area": true}], "discipline_title": "Health Informatics", "discipline_id": 283}, {"id": 250148, "title": "Health Care Informatics", "summary": "The bachelor\u2019s degree provides students with both a foundation in business, and skills in management information systems, rather than a foundational focus on computer science.&nbsp;&nbsp;", "level": "bachelor", "degree": "B.Sc.", "tuition_fee": {"value": 553, "unit": "credit", "currency": "EUR"}, "fulltime_duration": {"value": 48, "unit": "month"}, "density": {"parttime": false, "fulltime": true}, "methods": {"face2face": false, "online": false, "blended": true}, "organisation_id": 16407, "organisation": "University of Illinois Springfield", "venues": [{"city": "Springfield", "country": "United States", "area": "Illinois", "display_area": true}], "discipline_title": "Health Informatics", "discipline_id": 283}, {"id": 245459, "title": "Information Technology with an Advanced Health Care IT Certificate", "summary": "Become a vital part of healthcare by developing the skills to implement and manage health information technologies. Through coursework for our Bachelor of Science in Information Technology (BSIT) degree with an Advanced Health Care IT (AHIT) Certificate, you'll learn these skills that are critical to how clinical and public healthcare facilities operate and deliver patient care. You'll also build your knowledge of healthcare terminology while learning how information systems store, protect and maintain sensitive data.", "level": "bachelor", "degree": "B.Sc.", "tuition_fee": {"value": 368, "unit": "credit", "currency": "EUR"}, "density": {"parttime": false, "fulltime": true}, "methods": {"face2face": false, "online": true, "blended": false}, "organisation_id": 18637, "organisation": "University of Phoenix", "venues": [{"city": "Phoenix", "country": "United States", "area": "Arizona", "display_area": true}], "discipline_title": "Health Informatics", "discipline_id": 283}, {"id": 235169, "title": "Health Information Management - Registered Health Information Technician", "summary": "The Health Information Management - Registered Health Information Technician sequence is designed for a special group of students\u2014those who have a current RHIT certification and are graduates of an accredited college program in health information technology.", "level": "bachelor", "degree": "Bachelor", "tuition_fee": {"value": 24359, "unit": "year", "currency": "EUR"}, "fulltime_duration": {"value": 48, "unit": "month"}, "density": {"parttime": false, "fulltime": true}, "methods": {"face2face": true, "online": false, "blended": false}, "organisation_id": 13862, "organisation": "Illinois State University", "venues": [{"city": "Normal", "country": "United States", "area": "Illinois", "display_area": true}], "discipline_title": "Health Informatics", "discipline_id": 283}, {"id": 105042, "title": "Advanced Medical Imaging Technology", "summary": "The Advanced Medical Imaging Technology program&nbsp;offered by University of Cincinnati presents a new concept in the field of diagnostic medical imaging education. Traditionally, students were offered programs enabling them to specialize in a single diagnostic medical imaging modality. Most programs were housed within a certificate or associate degree program that was 12-24 months in length.", "level": "bachelor", "degree": "B.Sc.", "tuition_fee": {"value": 8616, "unit": "year", "currency": "EUR"}, "fulltime_duration": {"value": 48, "unit": "month"}, "density": {"parttime": false, "fulltime": true}, "methods": {"face2face": true, "online": false, "blended": false}, "organisation_id": 11497, "organisation": "University of Cincinnati", "venues": [{"city": "Cincinnati", "country": "United States", "area": "Ohio", "display_area": true}], "discipline_title": "Health Informatics", "discipline_id": 283}, {"id": 244023, "title": "Health Information Management", "summary": "Health information management (HIM) is the practice of acquiring, analyzing, and protecting digital and traditional medical information vital to providing quality patient care.", "level": "bachelor", "degree": "B.Sc.", "tuition_fee": {"value": 15389, "unit": "year", "currency": "EUR"}, "fulltime_duration": {"value": 48, "unit": "month"}, "density": {"parttime": false, "fulltime": true}, "methods": {"face2face": false, "online": false, "blended": true}, "organisation_id": 18582, "organisation": "State University of New York Polytechnic Institute", "venues": [{"city": "Utica", "country": "United States", "area": "New York", "display_area": true}], "discipline_title": "Health Informatics", "discipline_id": 283}, {"id": 185335, "title": "Health Informatics and Information Management", "summary": "The mission of the Health Informatics and Information Management Program is to provide students with specialized training in using information technology to support effective health care administration, innovative health care services delivery, secure patient-centric health care, leadership skills, quality assurance, finance and legal and regulatory requirements.", "level": "bachelor", "degree": "B.Sc.", "tuition_fee": {"value": 532, "unit": "credit", "currency": "EUR"}, "fulltime_duration": {"value": 48, "unit": "month"}, "density": {"parttime": false, "fulltime": true}, "methods": {"face2face": true, "online": false, "blended": false}, "organisation_id": 17059, "organisation": "University of Southern Indiana", "venues": [{"city": "Evansville", "country": "United States", "area": "Wisconsin", "display_area": true}], "discipline_title": "Health Informatics", "discipline_id": 283}, {"id": 245501, "title": "Health Informatics", "summary": "This&nbsp;Health Informatics degree course at&nbsp;Deggendorf Institute of Technology educates students to become computer scientists in the health industry. Informatics-based, medical, scientific and technical knowledge in healthcare and in the healthcare industry are influential in management.", "level": "bachelor", "degree": "B.Sc.", "tuition_fee": {"value": 0, "unit": "year", "currency": "EUR"}, "fulltime_duration": {"value": 42, "unit": "month"}, "density": {"parttime": false, "fulltime": true}, "methods": {"face2face": true, "online": false, "blended": false}, "organisation_id": 836, "organisation": "Deggendorf Institute of Technology", "venues": [{"city": "Deggendorf", "country": "Germany", "area": "Bavaria", "display_area": false}], "discipline_title": "Health Informatics", "discipline_id": 283}, {"id": 246106, "title": "Health Sciences - Biological Health Sciences and Health Information Technology", "summary": "This degree program is designed for those interested in health science, the health care industry and the allied health professions. The degree has a flexible curriculum so students can choose an area of specialization to suit their career interests.&nbsp;", "level": "bachelor", "degree": "B.Sc.", "tuition_fee": {"value": 16012, "unit": "year", "currency": "EUR"}, "density": {"parttime": false, "fulltime": true}, "methods": {"face2face": true, "online": false, "blended": false}, "organisation_id": 18642, "organisation": "University of South Florida-Sarasota-Manatee", "venues": [{"city": "Tampa", "country": "United States", "area": "Florida", "display_area": true}], "discipline_title": "Health Informatics", "discipline_id": 283}, {"id": 280614, "title": "Health Information Management", "summary": "The mission of the&nbsp;Bachelor of Science in Health Information Management (HIM)&nbsp;program offered by Stratford University is to produce ethical healthcare professionals who are equipped with the knowledge, skills, and dispositions to be successful managers of healthcare data and information.&nbsp;", "level": "bachelor", "degree": "B.Sc.", "tuition_fee": {"value": 342, "unit": "credit", "currency": "EUR"}, "fulltime_duration": {"value": 30, "unit": "month"}, "density": {"parttime": false, "fulltime": true}, "methods": {"face2face": true, "online": true, "blended": false}, "organisation_id": 19711, "organisation": "Stratford University", "venues": [{"city": "Falls Church", "country": "United States", "area": "Virginia", "display_area": true}], "discipline_title": "Health Informatics", "discipline_id": 283}, {"id": 93753, "title": "Health Information Science", "summary": "The Health Information Science program of University of Victoria, British Columbia&nbsp;bridges the worlds of health care, management and technology.", "level": "bachelor", "degree": "B.Sc.", "tuition_fee": {"value": 16353, "unit": "year", "currency": "EUR"}, "fulltime_duration": {"value": 48, "unit": "month"}, "density": {"parttime": false, "fulltime": true}, "methods": {"face2face": true, "online": false, "blended": false}, "organisation_id": 12137, "organisation": "University of Victoria, British Columbia", "venues": [{"city": "Victoria", "country": "Canada", "area": "British Columbia", "display_area": false}], "discipline_title": "Health Informatics", "discipline_id": 283}, {"id": 290730, "title": "Health Information Management", "summary": "The&nbsp;Health Information Management program at Grand Canyon University provides the knowledge, resources and tools needed to advance professional standards in health care and support delivery across many settings.", "level": "bachelor", "degree": "B.Sc.", "tuition_fee": {"value": 15250, "unit": "year", "currency": "EUR"}, "density": {"parttime": true, "fulltime": true}, "methods": {"face2face": true, "online": true, "blended": false}, "organisation_id": 17365, "organisation": "Grand Canyon University", "venues": [{"city": "Phoenix", "country": "United States", "area": "Arizona", "display_area": true}], "discipline_title": "Health Informatics", "discipline_id": 283}]