[{"id": 264038, "title": "Deep Learning", "summary": "EdX is an online learning platform trusted by over 12 million users offering the Deep Learning Professional Certificate in collaboration with&nbsp;IBMx.&nbsp;This hands-on program will prepare and equip you with the in-demand skills required to become a successful AI practitioner and start a career in the growing and lucrative field of deep learning.", "level": "short", "degree": "Short Course", "tuition_fee": {"value": 457, "unit": "full", "currency": "EUR"}, "parttime_duration": {"value": 7, "unit": "month"}, "density": {"parttime": true, "fulltime": false}, "methods": {"face2face": false, "online": true, "blended": false}, "organisation_id": 16783, "organisation": "edX - online learning platform", "venues": [{"city": "Portland", "country": "United States", "area": "Oregon", "display_area": true}], "discipline_title": "Machine Learning", "discipline_id": 331}, {"id": 269568, "title": "Machine Learning with TensorFlow on Google Cloud Platform", "summary": "This Machine Learning with TensorFlow on Google Cloud Platform offered by Coursera in partnership with Google Cloud will help you to learn ML with Google Cloud. Real-world experimentation with end-to-end ML.", "level": "short", "degree": "Short Course", "parttime_duration": {"value": 1, "unit": "month"}, "density": {"parttime": true, "fulltime": false}, "methods": {"face2face": false, "online": true, "blended": false}, "organisation_id": 17570, "organisation": "Coursera - Google Cloud", "venues": [{"city": "Mountain View", "country": "United States", "area": "California", "display_area": true}], "discipline_title": "Machine Learning", "discipline_id": 331}, {"id": 210930, "title": "Neural Networks and Deep Learning", "summary": "This Neural Networks and Deep Learning offered by Coursera in partnership with Deeplearning is part of the Deep Learning Specialization.", "level": "short", "degree": "Certificate", "parttime_duration": {"value": 1, "unit": "month"}, "density": {"parttime": true, "fulltime": false}, "methods": {"face2face": false, "online": true, "blended": false}, "organisation_id": 17569, "organisation": "Coursera", "venues": [{"city": "Mountain View", "country": "United States", "area": "California", "display_area": true}], "discipline_title": "Machine Learning", "discipline_id": 331}, {"id": 264019, "title": "Essential Math for Machine Learning - R Edition", "summary": "EdX is an online learning platform trusted by over 12 million users offering the Essential Math for Machine Learning - R Edition Certificate in collaboration with&nbsp;MicrosoftX.&nbsp;Learn the essential mathematical foundations for machine learning and artificial intelligence.", "level": "short", "degree": "Certificate", "parttime_duration": {"value": 42, "unit": "day"}, "density": {"parttime": true, "fulltime": false}, "methods": {"face2face": false, "online": true, "blended": false}, "organisation_id": 16785, "organisation": "MicrosoftX", "venues": [{"city": "Portland", "country": "United States", "area": "Oregon", "display_area": true}], "discipline_title": "Machine Learning", "discipline_id": 331}, {"id": 254334, "title": "Machine Learning with Python - from Linear Models to Deep Learning", "summary": "EdX is an online learning platform trusted by over 12 million users offering the Machine Learning with Python - from Linear Models to Deep Learning course in collaboration with&nbsp;Massachusetts Institute of Technology - MITx.&nbsp;An in-depth introduction to the field of machine learning, from linear models to deep learning and reinforcement learning, through hands-on Python projects.", "level": "short", "degree": "Certificate", "parttime_duration": {"value": 91, "unit": "day"}, "density": {"parttime": true, "fulltime": false}, "methods": {"face2face": false, "online": true, "blended": false}, "organisation_id": 16737, "organisation": "Massachusetts Institute of Technology - MITx", "venues": [{"city": "Cambridge", "country": "United States", "area": "Massachusetts", "display_area": true}], "discipline_title": "Machine Learning", "discipline_id": 331}, {"id": 210971, "title": "Structuring Machine Learning Projects", "summary": "This Structuring Machine Learning Projects offered by Coursera in partnership with Deeplearning is part of the Deep Learning Specialization.", "level": "short", "degree": "Certificate", "parttime_duration": {"value": 14, "unit": "day"}, "density": {"parttime": true, "fulltime": false}, "methods": {"face2face": false, "online": true, "blended": false}, "organisation_id": 17569, "organisation": "Coursera", "venues": [{"city": "Mountain View", "country": "United States", "area": "California", "display_area": true}], "discipline_title": "Machine Learning", "discipline_id": 331}, {"id": 275968, "title": "Machine Learning for Business Professionals", "summary": "This Machine Learning for Business Professionals offered by Coursera in partnership with Google Cloud is intended to be an introduction to machine learning for non-technical business professionals.", "level": "short", "degree": "Certificate", "parttime_duration": {"value": 1, "unit": "month"}, "density": {"parttime": true, "fulltime": false}, "methods": {"face2face": false, "online": true, "blended": false}, "organisation_id": 17570, "organisation": "Coursera - Google Cloud", "venues": [{"city": "Mountain View", "country": "United States", "area": "California", "display_area": true}], "discipline_title": "Machine Learning", "discipline_id": 331}, {"id": 211175, "title": "Practical Machine Learning", "summary": "This&nbsp;Practical Machine Learning Course offered by Coursera in partnership Johns Hopkins University is part of the Data Science Specialization and the&nbsp;Data Science - Statistics and Machine Learning Specialization.", "level": "short", "degree": "Certificate", "parttime_duration": {"value": 1, "unit": "month"}, "density": {"parttime": true, "fulltime": false}, "methods": {"face2face": false, "online": true, "blended": false}, "organisation_id": 17574, "organisation": "Coursera - John Hopkins University", "venues": [{"city": "Mountain View", "country": "United States", "area": "California", "display_area": true}], "discipline_title": "Machine Learning", "discipline_id": 331}, {"id": 227290, "title": "Data Science - Machine Learning", "summary": "EdX is an online learning platform trusted by over 12 million users offering the Data Science - Machine Learning Certificate in collaboration with Harvard University - HarvardX.&nbsp;Build a movie recommendation system and learn the science behind one of the most popular and successful data science techniques.", "level": "short", "degree": "Certificate", "parttime_duration": {"value": 56, "unit": "day"}, "density": {"parttime": true, "fulltime": false}, "methods": {"face2face": false, "online": true, "blended": false}, "organisation_id": 18040, "organisation": "Harvard University - HarvardX", "venues": [{"city": "Cambridge", "country": "United States", "area": "Massachusetts", "display_area": true}], "discipline_title": "Machine Learning", "discipline_id": 331}, {"id": 275966, "title": "Introduction to TensorFlow for Artificial Intelligence, Machine Learning, and Deep Learning", "summary": "This Introduction to TensorFlow for Artificial Intelligence, Machine Learning, and Deep Learning offered by Coursera in partnership with Deeplearning is part of the TensorFlow in Practice Specialization.", "level": "short", "degree": "Short Course", "parttime_duration": {"value": 1, "unit": "month"}, "density": {"parttime": true, "fulltime": false}, "methods": {"face2face": false, "online": true, "blended": false}, "organisation_id": 17569, "organisation": "Coursera", "venues": [{"city": "Mountain View", "country": "United States", "area": "California", "display_area": true}], "discipline_title": "Machine Learning", "discipline_id": 331}, {"id": 293452, "title": "Big Data Applications - Machine Learning at Scale", "summary": "During this&nbsp;Big Data Applications - Machine Learning at Scale offered by&nbsp;Coursera&nbsp;in partnership with&nbsp;Yandex you will identify practical problems which can be solved with machine learning.", "level": "short", "degree": "Certificate", "parttime_duration": {"value": 1, "unit": "month"}, "density": {"parttime": true, "fulltime": false}, "methods": {"face2face": false, "online": true, "blended": false}, "organisation_id": 17569, "organisation": "Coursera", "venues": [{"city": "Mountain View", "country": "United States", "area": "California", "display_area": true}], "discipline_title": "Machine Learning", "discipline_id": 331}, {"id": 293077, "title": "Data Engineering, Big Data, and Machine Learning on GCP", "summary": "Data Engineering on Google Cloud Platform. Launch your career in Data Engineering. Deliver business value with big data and machine learning with this Data Engineering, Big Data, and Machine Learning on GCP Specialization offered by Coursera in partnership with Google Cloud.", "level": "short", "degree": "Short Course", "density": {"parttime": true, "fulltime": false}, "methods": {"face2face": false, "online": true, "blended": false}, "organisation_id": 17570, "organisation": "Coursera - Google Cloud", "venues": [{"city": "Mountain View", "country": "United States", "area": "California", "display_area": true}], "discipline_title": "Machine Learning", "discipline_id": 331}, {"id": 269533, "title": "Machine Learning", "summary": "Build Intelligent Applications. Master machine learning fundamentals in this Machine Learning offered by Coursera in partnership with University of Washington.", "level": "short", "degree": "Short Course", "parttime_duration": {"value": 8, "unit": "month"}, "density": {"parttime": true, "fulltime": false}, "methods": {"face2face": false, "online": true, "blended": false}, "organisation_id": 17569, "organisation": "Coursera", "venues": [{"city": "Mountain View", "country": "United States", "area": "California", "display_area": true}], "discipline_title": "Machine Learning", "discipline_id": 331}, {"id": 227272, "title": "Data Science - Inference and Modeling", "summary": "EdX is an online learning platform trusted by over 12 million users offering the Data Science - Inference and Modeling Certificate in collaboration with&nbsp;Harvard University - HarvardX.&nbsp;Learn inference and modeling, two of the most widely used statistical tools in data analysis.", "level": "short", "degree": "Certificate", "parttime_duration": {"value": 56, "unit": "day"}, "density": {"parttime": true, "fulltime": false}, "methods": {"face2face": false, "online": true, "blended": false}, "organisation_id": 18040, "organisation": "Harvard University - HarvardX", "venues": [{"city": "Cambridge", "country": "United States", "area": "Massachusetts", "display_area": true}], "discipline_title": "Machine Learning", "discipline_id": 331}, {"id": 272621, "title": "Machine Learning for Financial Data", "summary": "The Machine Learning for Financial Data from&nbsp;EIT Digital Master School&nbsp;will provide an introduction to the benefits and best practices of machine learning and deep learning in the financial sector. Data and pattern mining on the web of special transactions-like data as well as visualization techniques will also be presented.&nbsp;", "level": "short", "degree": "Short Course", "tuition_fee": {"value": 800, "unit": "full", "currency": "EUR"}, "fulltime_duration": {"value": 14, "unit": "day"}, "density": {"parttime": false, "fulltime": true}, "methods": {"face2face": false, "online": true, "blended": false}, "organisation_id": 19436, "organisation": "EIT Digital Summer School", "venues": [{"city": "Budapest", "country": "Hungary", "area": "Budapest", "display_area": false}], "discipline_title": "Machine Learning", "discipline_id": 331}, {"id": 210961, "title": "Improving Deep Neural Networks - Hyperparameter tuning, Regularization and Optimization", "summary": "This Improving Deep Neural Networks - Hyperparameter tuning, Regularization and Optimization offered by Coursera in partnership with Deeplearning is part of the Deep Learning Specialization.", "level": "short", "degree": "Certificate", "parttime_duration": {"value": 21, "unit": "day"}, "density": {"parttime": true, "fulltime": false}, "methods": {"face2face": false, "online": true, "blended": false}, "organisation_id": 17569, "organisation": "Coursera", "venues": [{"city": "Mountain View", "country": "United States", "area": "California", "display_area": true}], "discipline_title": "Machine Learning", "discipline_id": 331}, {"id": 293730, "title": "Disruptive 4.0 A Multidisciplinary Approach of Artificial Intelligence", "summary": "As a teaching methodology, this Disruptive 4.0 A Multidisciplinary Approach of Artificial Intelligence&nbsp;course at&nbsp;Vrije Universiteit Amsterdam is a novel concept in the field of AI studies, offering a unique holistic understanding of emerging technologies.", "level": "short", "degree": "Short Course", "tuition_fee": {"value": 500, "unit": "full", "currency": "EUR"}, "fulltime_duration": {"value": 14, "unit": "day"}, "density": {"parttime": false, "fulltime": true}, "methods": {"face2face": false, "online": true, "blended": false}, "organisation_id": 81, "organisation": "Vrije Universiteit Amsterdam", "venues": [{"city": "Amsterdam", "country": "Netherlands", "area": "North Holland", "display_area": false}], "discipline_title": "Machine Learning", "discipline_id": 331}, {"id": 263549, "title": "Principles of Machine Learning - Python Edition", "summary": "EdX is an online learning platform trusted by over 12 million users offering the Principles of Machine Learning - Python Edition Certificate in collaboration with&nbsp;MicrosoftX.&nbsp;Get hands-on experience building and deriving insights from machine learning models using Python and Azure Notebooks.", "level": "short", "degree": "Certificate", "parttime_duration": {"value": 42, "unit": "day"}, "density": {"parttime": true, "fulltime": false}, "methods": {"face2face": false, "online": true, "blended": false}, "organisation_id": 16785, "organisation": "MicrosoftX", "venues": [{"city": "Portland", "country": "United States", "area": "Oregon", "display_area": true}], "discipline_title": "Machine Learning", "discipline_id": 331}, {"id": 210528, "title": "Robotics - Computational Motion Planning", "summary": "This Robotics - Computational Motion Planning offered by Coursera in partnership with University of Pennsylvania is part of&nbsp;Robotics Specialization.", "level": "short", "degree": "Certificate", "parttime_duration": {"value": 1, "unit": "month"}, "density": {"parttime": true, "fulltime": false}, "methods": {"face2face": false, "online": true, "blended": false}, "organisation_id": 17525, "organisation": "Coursera - University of Pennsylvania", "venues": [{"city": "Mountain View", "country": "United States", "area": "California", "display_area": true}], "discipline_title": "Machine Learning", "discipline_id": 331}, {"id": 263536, "title": "Essential Math for Machine Learning - Python Edition", "summary": "EdX is an online learning platform trusted by over 12 million users offering the Essential Math for Machine Learning - Python Edition Certificate in collaboration with&nbsp;MicrosoftX.&nbsp;Learn the essential mathematical foundations for machine learning and artificial intelligence.", "level": "short", "degree": "Certificate", "parttime_duration": {"value": 42, "unit": "day"}, "density": {"parttime": true, "fulltime": false}, "methods": {"face2face": false, "online": true, "blended": false}, "organisation_id": 16785, "organisation": "MicrosoftX", "venues": [{"city": "Portland", "country": "United States", "area": "Oregon", "display_area": true}], "discipline_title": "Machine Learning", "discipline_id": 331}, {"id": 293082, "title": "Applied Data Science", "summary": "Get hands-on skills for a Career in Data Science. Learn Python, analyze and visualize data. Apply your skills to data science and machine learning with this Applied Data Science Specialization offered by Coursera in partnership with IBM.", "level": "short", "degree": "Short Course", "parttime_duration": {"value": 2, "unit": "month"}, "density": {"parttime": true, "fulltime": false}, "methods": {"face2face": false, "online": true, "blended": false}, "organisation_id": 17569, "organisation": "Coursera", "venues": [{"city": "Mountain View", "country": "United States", "area": "California", "display_area": true}], "discipline_title": "Machine Learning", "discipline_id": 331}, {"id": 269531, "title": "Mathematics for Machine Learning", "summary": "Mathematics for Machine Learning. Learn about the prerequisite mathematics for applications in data science and machine learning with this&nbsp;Mathematics for Machine Learning offered by Coursera in partnership with Imperial College London.", "level": "short", "degree": "Short Course", "parttime_duration": {"value": 2, "unit": "month"}, "density": {"parttime": true, "fulltime": false}, "methods": {"face2face": false, "online": true, "blended": false}, "organisation_id": 17569, "organisation": "Coursera", "venues": [{"city": "Mountain View", "country": "United States", "area": "California", "display_area": true}], "discipline_title": "Machine Learning", "discipline_id": 331}, {"id": 271410, "title": "Business Application of Machine Learning and Artificial Intelligence in Healthcare", "summary": "This Business Application of Machine Learning and Artificial Intelligence in Healthcare offered by Coursera in partnership with Northeastern University&nbsp;is part of the Healthcare Trends for Business Professionals Specialization.", "level": "short", "degree": "Certificate", "parttime_duration": {"value": 1, "unit": "month"}, "density": {"parttime": true, "fulltime": false}, "methods": {"face2face": false, "online": true, "blended": false}, "organisation_id": 19396, "organisation": "Coursera - Northeastern University", "venues": [{"city": "Mountain View", "country": "United States", "area": "California", "display_area": true}], "discipline_title": "Machine Learning", "discipline_id": 331}, {"id": 210842, "title": "Google Cloud Platform Big Data and Machine Learning Fundamentals", "summary": "This Google Cloud Platform Big Data and Machine Learning Fundamentals offered by Coursera in partnership with Google Cloud&nbsp;introduces participants to the Big Data and Machine Learning capabilities of Google Cloud Platform (GCP).", "level": "short", "degree": "Certificate", "parttime_duration": {"value": 14, "unit": "day"}, "density": {"parttime": true, "fulltime": false}, "methods": {"face2face": false, "online": true, "blended": false}, "organisation_id": 17570, "organisation": "Coursera - Google Cloud", "venues": [{"city": "Mountain View", "country": "United States", "area": "California", "display_area": true}], "discipline_title": "Machine Learning", "discipline_id": 331}, {"id": 285998, "title": "Machine Learning", "summary": "Machine Learning offered by Coursera in partnership with&nbsp;Stanford provides a broad introduction to machine learning, datamining, and statistical pattern recognition.&nbsp;", "level": "short", "degree": "Certificate", "parttime_duration": {"value": 3, "unit": "month"}, "density": {"parttime": true, "fulltime": false}, "methods": {"face2face": false, "online": true, "blended": false}, "organisation_id": 17569, "organisation": "Coursera", "venues": [{"city": "Mountain View", "country": "United States", "area": "California", "display_area": true}], "discipline_title": "Machine Learning", "discipline_id": 331}, {"id": 223127, "title": "Dynamic Programming - Applications In Machine Learning and Genomics", "summary": "EdX is an online learning platform trusted by over 12 million users offering the Dynamic Programming - Applications In Machine Learning and Genomics Certificate in collaboration with University of California, San Diego - UC San DiegoX.\u00a0Learn how dynamic programming and Hidden Markov Models can be used to compare genetic strings and uncover evolution.", "level": "short", "degree": "Certificate", "parttime_duration": {"value": 28, "unit": "day"}, "density": {"parttime": true, "fulltime": false}, "methods": {"face2face": false, "online": true, "blended": false}, "organisation_id": 16747, "organisation": "University of California, San Diego - UC San DiegoX", "venues": [{"city": "San Diego", "country": "United States", "area": "California", "display_area": true}], "discipline_title": "Machine Learning", "discipline_id": 331}, {"id": 264042, "title": "Deep Learning Fundamentals with Keras", "summary": "EdX is an online learning platform trusted by over 12 million users offering the Deep Learning Fundamentals with Keras Certificate in collaboration with&nbsp;IBMx.&nbsp;New to deep learning? Start with this course, that will not only introduce you to the field of deep learning but give you the opportunity to build your first deep learning model using the&nbsp;popular Keras library.", "level": "short", "degree": "Certificate", "parttime_duration": {"value": 35, "unit": "day"}, "density": {"parttime": true, "fulltime": false}, "methods": {"face2face": false, "online": true, "blended": false}, "organisation_id": 16783, "organisation": "edX - online learning platform", "venues": [{"city": "Portland", "country": "United States", "area": "Oregon", "display_area": true}], "discipline_title": "Machine Learning", "discipline_id": 331}, {"id": 194922, "title": "Machine Learning for Data Science and Analytics", "summary": "EdX is an online learning platform trusted by over 12 million users offering the Machine Learning for Data Science and Analytics Program in collaboration with Columbia University \u2013 ColumbiaX.&nbsp;Learn the principles of machine learning and the importance of algorithms.", "level": "short", "degree": "Certificate", "parttime_duration": {"value": 35, "unit": "day"}, "density": {"parttime": true, "fulltime": false}, "methods": {"face2face": false, "online": true, "blended": false}, "organisation_id": 16738, "organisation": "Columbia University - ColumbiaX", "venues": [{"city": "Manhattan", "country": "United States", "area": "New York", "display_area": true}], "discipline_title": "Machine Learning", "discipline_id": 331}, {"id": 271867, "title": "Mechatronics and Remote Engineering - Machine Vision", "summary": "This Mechatronics and Remote Engineering - Machine Vision programme at&nbsp;IDC Technologies&nbsp;is designed to help students to understand the fundamentals of selecting and setting up the appropriate machine vision and image processing hardware components, lightning techniques and optical filters.&nbsp;", "level": "short", "degree": "Certificate", "tuition_fee": {"value": 91, "unit": "full", "currency": "EUR"}, "parttime_duration": {"value": 1, "unit": "day"}, "density": {"parttime": true, "fulltime": false}, "methods": {"face2face": false, "online": true, "blended": false}, "organisation_id": 19411, "organisation": "Remote Engineering, Mechatronics and Robotics", "venues": [{"city": "Perth", "country": "Australia", "area": "Western Australia", "display_area": true}], "discipline_title": "Machine Learning", "discipline_id": 331}, {"id": 194596, "title": "Machine Learning Fundamentals", "summary": "EdX is an online learning platform trusted by over 12 million users offering the\u00a0Machine Learning Fundamentals Certificate in collaboration with University of California, San Diego - UC San DiegoX.\u00a0Understand machine learning\u2019s role in data-driven modeling, prediction, and decision-making.", "level": "short", "degree": "Certificate", "parttime_duration": {"value": 70, "unit": "day"}, "density": {"parttime": true, "fulltime": false}, "methods": {"face2face": false, "online": true, "blended": false}, "organisation_id": 16747, "organisation": "University of California, San Diego - UC San DiegoX", "venues": [{"city": "San Diego", "country": "United States", "area": "California", "display_area": true}], "discipline_title": "Machine Learning", "discipline_id": 331}, {"id": 193767, "title": "Machine Learning", "summary": "EdX is an online learning platform trusted by over 12 million users offering the&nbsp;Machine Learning Program in collaboration with&nbsp;Columbia University - ColumbiaX.&nbsp;Master the essentials of machine learning and algorithms to help improve learning from data without human intervention.", "level": "short", "degree": "Certificate", "parttime_duration": {"value": 84, "unit": "day"}, "density": {"parttime": true, "fulltime": false}, "methods": {"face2face": false, "online": true, "blended": false}, "organisation_id": 16738, "organisation": "Columbia University - ColumbiaX", "venues": [{"city": "Manhattan", "country": "United States", "area": "New York", "display_area": true}], "discipline_title": "Machine Learning", "discipline_id": 331}, {"id": 219688, "title": "Practical Machine Learning - Summer School", "summary": "The Practical Machine Learning course offered by Queen Mary University of London&nbsp;will give you an introduction to machine learning using the Python programming language and the TensorFlowTM programming toolkit from Google.&nbsp;", "level": "short", "degree": "Short Course", "tuition_fee": {"value": 1867, "unit": "module", "currency": "EUR"}, "fulltime_duration": {"value": 19, "unit": "day"}, "density": {"parttime": false, "fulltime": true}, "methods": {"face2face": true, "online": false, "blended": false}, "organisation_id": 17843, "organisation": "Queen Mary University of London - Summer School", "venues": [{"city": "London", "country": "United Kingdom", "area": "England", "display_area": true}], "discipline_title": "Machine Learning", "discipline_id": 331}, {"id": 279539, "title": "AI and Machine Learning in Financial Services", "summary": "The AI and Machine Learning in Financial Services course from the&nbsp;Executive Education&nbsp;at Imperial College London&nbsp;builds a strong foundation in AI, big data, and machine learning to allow you to make better decisions using these evolving techniques.&nbsp;", "level": "short", "degree": "Short Course", "tuition_fee": {"value": 3949, "unit": "full", "currency": "EUR"}, "fulltime_duration": {"value": 3, "unit": "day"}, "density": {"parttime": false, "fulltime": true}, "methods": {"face2face": true, "online": false, "blended": false}, "organisation_id": 190, "organisation": "Imperial College London", "venues": [{"city": "London", "country": "United Kingdom", "area": "England", "display_area": true}], "discipline_title": "Machine Learning", "discipline_id": 331}, {"id": 253056, "title": "Machine Learning and Deep Learning for Medical and Biomedical Applications", "summary": "Medical imaging and biomedical imaging are producing a huge amount of data each day. Learn more in the&nbsp;Machine Learning and Deep Learning for Medical and Biomedical Applications programme at&nbsp;Universiti Teknologi PETRONAS.", "level": "short", "degree": "Short Course", "fulltime_duration": {"value": 5, "unit": "day"}, "density": {"parttime": false, "fulltime": true}, "methods": {"face2face": true, "online": false, "blended": false}, "organisation_id": 19517, "organisation": "Centre for Advanced and Professional Education (CAPE)", "venues": [{"city": "Ipoh", "country": "Malaysia", "area": "Perak", "display_area": false}], "discipline_title": "Machine Learning", "discipline_id": 331}, {"id": 276742, "title": "Practical Machine Learning", "summary": "UC Berkeley Extension\u2019s Practical Machine Learning course offers a hands-on introduction to machine learning with R-programming that includes real-world datasets that let you solve problems in a variety of industries.", "level": "short", "degree": "Certificate", "tuition_fee": {"value": 1294, "unit": "full", "currency": "EUR"}, "parttime_duration": {"value": 3, "unit": "month"}, "density": {"parttime": true, "fulltime": false}, "methods": {"face2face": false, "online": true, "blended": false}, "organisation_id": 11801, "organisation": "University of California, Berkeley", "venues": [{"city": "Berkeley", "country": "United States", "area": "California", "display_area": true}], "discipline_title": "Machine Learning", "discipline_id": 331}, {"id": 271664, "title": "Machine Learning and Applied Statistics", "summary": "The Machine Learning and Applied Statistics Summer School at Imperial College London will introduce you to a range of quantitative methods from mathematics, statistics and computing and will enable you to use these methods in applications in various fields including finance and bioimaging.", "level": "short", "degree": "Short Course", "tuition_fee": {"value": 1986, "unit": "full", "currency": "EUR"}, "fulltime_duration": {"value": 19, "unit": "day"}, "density": {"parttime": false, "fulltime": true}, "methods": {"face2face": true, "online": false, "blended": false}, "organisation_id": 190, "organisation": "Imperial College London", "venues": [{"city": "London", "country": "United Kingdom", "area": "England", "display_area": true}], "discipline_title": "Machine Learning", "discipline_id": 331}, {"id": 296101, "title": "Machine Learning - Concepts and Applications in Civil and Environmental Engineering", "summary": "In the Machine Learning - Concepts and Applications in Civil and Environmental Engineering program at Stanford Summer you will learn algorithms and development of a machine learning pipeline.", "level": "short", "degree": "Short Course", "tuition_fee": {"value": 1086, "unit": "credit", "currency": "EUR"}, "fulltime_duration": {"value": 53, "unit": "day"}, "density": {"parttime": false, "fulltime": true}, "methods": {"face2face": false, "online": true, "blended": false}, "organisation_id": 14258, "organisation": "Stanford University - Summer Sessions", "venues": [{"city": "Stanford", "country": "United States", "area": "California", "display_area": true}], "discipline_title": "Machine Learning", "discipline_id": 331}, {"id": 292794, "title": "Building world's most trusted robot Summer Course", "summary": "New technologies can be either blessings or devils in device. In the traditional view on the social sciences and humanities in relation to technology, these disciplines are believed to have a limited, secondary role with a large emphasis on issues like facilitating the acceptance and user-friendliness of technology or merely legal issues like privacy protection.Seen from a more contemporary viewpoint, the social sciences and humanities take a more fundamental and primary position, seeing technology development as a means to an end rather than as an end in itself. The key issue is about values: how can we align autonomous and self-learning technology with values, our human values. We explore the key steps and requirements to build trusted and trustworthy applications of autonomous and intelligent technology that align with human values.", "level": "short", "degree": "Short Course", "tuition_fee": {"value": 500, "unit": "full", "currency": "EUR"}, "fulltime_duration": {"value": 7, "unit": "day"}, "density": {"parttime": false, "fulltime": true}, "methods": {"face2face": true, "online": false, "blended": false}, "organisation_id": 80, "organisation": "Tilburg University", "venues": [{"city": "Tilburg", "country": "Netherlands", "area": "North Brabant", "display_area": false}], "discipline_title": "Machine Learning", "discipline_id": 331}, {"id": 295168, "title": "Python Programming for Data Science", "summary": "Introduction course to the programming language  Python. Get to know the very basics of Python and&nbsp; learn the to use the tools to analyze data.&nbsp; Get insights to Machine  Learning.", "level": "short", "degree": "Certificate", "tuition_fee": {"value": 950, "unit": "module", "currency": "EUR"}, "fulltime_duration": {"value": 14, "unit": "day"}, "density": {"parttime": false, "fulltime": true}, "methods": {"face2face": true, "online": false, "blended": false}, "organisation_id": 278, "organisation": "TU Berlin", "venues": [{"city": "Berlin", "country": "Germany", "area": "Berlin", "display_area": false}], "discipline_title": "Machine Learning", "discipline_id": 331}, {"id": 228368, "title": "Deep Learning", "summary": "The Deep Learning programme is offered at the University of Southern Denmark.&nbsp;Computer science forms the basis for development of efficient and secure modern software, and computer scientists excel at working at all levels from program developers to project managers and executives in software divisions and&nbsp; software companies.", "level": "short", "degree": "Short Course", "tuition_fee": {"value": 570, "unit": "full", "currency": "EUR"}, "fulltime_duration": {"value": 11, "unit": "day"}, "density": {"parttime": false, "fulltime": true}, "methods": {"face2face": true, "online": false, "blended": false}, "organisation_id": 180, "organisation": "University of Southern Denmark", "venues": [{"city": "Odense", "country": "Denmark", "area": "South Denmark", "display_area": false}], "discipline_title": "Machine Learning", "discipline_id": 331}, {"id": 292726, "title": "Computational Modelling For All", "summary": "Computer science provides tools that help us understand and benefit from the world around us. The ability to take information, understand it, process it, extract value from it, visualise it, and communicate it is a hugely important skill. To learn more, join the&nbsp;Computational Modelling For All course from&nbsp;University of Warwick.", "level": "short", "degree": "Certificate", "tuition_fee": {"value": 2602, "unit": "full", "currency": "EUR"}, "fulltime_duration": {"value": 21, "unit": "day"}, "density": {"parttime": false, "fulltime": true}, "methods": {"face2face": true, "online": false, "blended": false}, "organisation_id": 183, "organisation": "University of Warwick", "venues": [{"city": "London", "country": "United Kingdom", "area": "England", "display_area": true}], "discipline_title": "Machine Learning", "discipline_id": 331}, {"id": 292654, "title": "Machine Learning and Data Mining using Python", "summary": "This 6-day course will familiarize participants with Machine Learning and Data Mining algorithms using the Python programming language. You will learn to recognize the correct machine learning approach for a given problem; furthermore, participants will learn how to implement several different algorithms. We will also&nbsp;introduce more advance machine learning topics and methodologies.&nbsp;", "level": "short", "degree": "Short Course", "tuition_fee": {"value": 850, "unit": "full", "currency": "EUR"}, "fulltime_duration": {"value": 6, "unit": "day"}, "density": {"parttime": false, "fulltime": true}, "methods": {"face2face": true, "online": false, "blended": false}, "organisation_id": 470, "organisation": "Maastricht  School of Management", "venues": [{"city": "Maastricht", "country": "Netherlands", "area": "Limburg", "display_area": false}], "discipline_title": "Machine Learning", "discipline_id": 331}, {"id": 285401, "title": "Machine Learning Theory and Application", "summary": "The Machine Learning Theory and Application program at Peter the Great St. Petersburg Polytechnic University (SPbPU) is a joint program with MISIS university in Moscow and is cut out for those who are keen on machine learning applications and development.", "level": "short", "degree": "Short Course", "tuition_fee": {"value": 510, "unit": "full", "currency": "EUR"}, "fulltime_duration": {"value": 14, "unit": "day"}, "density": {"parttime": false, "fulltime": true}, "methods": {"face2face": true, "online": false, "blended": false}, "organisation_id": 1682, "organisation": "Peter the Great St. Petersburg Polytechnic University (SPbPU)", "venues": [{"city": "Saint Petersburg", "country": "Russia", "area": "Sankt-Peterburg", "display_area": false}], "discipline_title": "Machine Learning", "discipline_id": 331}, {"id": 269058, "title": "Machine Learning with Python", "summary": "This is the bite size course to learn Machine Learning with Python through Simpliv. In CRISP DM data mining process, machine learning is at the modeling and evaluation stage.&nbsp;", "level": "short", "degree": "Certificate", "tuition_fee": {"value": 46, "unit": "full", "currency": "EUR"}, "density": {"parttime": true, "fulltime": false}, "methods": {"face2face": false, "online": true, "blended": false}, "organisation_id": 19165, "organisation": "Simpliv", "venues": [{"city": "Fremont", "country": "United States", "area": "California", "display_area": true}], "discipline_title": "Machine Learning", "discipline_id": 331}]