[{"id": 276027, "title": "Machine Learning for Analytics", "summary": "Master AI algorithms, data mining techniques, and predictive analytics. Solve real-world business problems using machine learning with this&nbsp;Machine Learning for Analytics offered by Coursera in partnership with University of Chicago.", "level": "preparation", "degree": "Pre-Master", "tuition_fee": {"value": 3697, "unit": "full", "currency": "EUR"}, "density": {"parttime": true, "fulltime": false}, "methods": {"face2face": false, "online": true, "blended": false}, "organisation_id": 17569, "organisation": "Coursera", "venues": [{"city": "Mountain View", "country": "United States", "area": "California", "display_area": true}], "discipline_title": "Machine Learning", "discipline_id": 331}, {"id": 297188, "title": "Blockchain Applications", "summary": "Apply blockchain technology to real-world business challenges as you learn from this&nbsp;Blockchain Applications&nbsp;offered by Coursera in partnership with Duke University.", "level": "preparation", "degree": "Pre-Master", "tuition_fee": {"value": 2773, "unit": "full", "currency": "EUR"}, "parttime_duration": {"value": 6, "unit": "month"}, "density": {"parttime": true, "fulltime": false}, "methods": {"face2face": false, "online": true, "blended": false}, "organisation_id": 17569, "organisation": "Coursera", "venues": [{"city": "Mountain View", "country": "United States", "area": "California", "display_area": true}], "discipline_title": "Machine Learning", "discipline_id": 331}, {"id": 297185, "title": "AI and Machine Learning", "summary": "Gain in-demand skills in artificial intelligence and machine learning by studying statistical machine learning, deep learning, supervised and unsupervised learning, knowledge representation and reasoning with this&nbsp;AI and Machine Learning&nbsp;offered by Coursera in partnership with Arizona State University.", "level": "preparation", "degree": "Pre-Master", "tuition_fee": {"value": 4159, "unit": "full", "currency": "EUR"}, "parttime_duration": {"value": 4, "unit": "month"}, "density": {"parttime": true, "fulltime": false}, "methods": {"face2face": false, "online": true, "blended": false}, "organisation_id": 17569, "organisation": "Coursera", "venues": [{"city": "Mountain View", "country": "United States", "area": "California", "display_area": true}], "discipline_title": "Machine Learning", "discipline_id": 331}]