[{"id": 276456, "title": "Speech-Language Pathology and Audiology", "summary": "The BA in Speech-Language Pathology and Audiology at Pace University is a pre-professional program that will prepare you for a variety of career opportunities.", "level": "bachelor", "degree": "B.A.", "tuition_fee": {"value": 41326, "unit": "year", "currency": "EUR"}, "fulltime_duration": {"value": 48, "unit": "month"}, "density": {"parttime": false, "fulltime": true}, "methods": {"face2face": true, "online": false, "blended": false}, "organisation_id": 12502, "organisation": "Pace University", "venues": [{"city": "New York City", "country": "United States", "area": "New York", "display_area": true}], "discipline_title": "Machine Learning", "discipline_id": 331}, {"id": 202638, "title": "(Hons.) Machine Tools Manufacturing", "summary": "This Bachelor&nbsp;(Hons.) Machine Tools Manufacturing programme at&nbsp;University of Kuala Lumpur prepares students with the knowledge in&nbsp;Machine Tools and Manufacturing. This field of study encompasses&nbsp;mainly mechanical, manufacturing and metrology. Students are&nbsp;prepared to perform duty as production engineer especially when&nbsp;dealing with machine tools.", "level": "bachelor", "degree": "B.Eng.", "tuition_fee": {"value": 3408, "unit": "year", "currency": "EUR"}, "fulltime_duration": {"value": 48, "unit": "month"}, "density": {"parttime": false, "fulltime": true}, "methods": {"face2face": true, "online": false, "blended": false}, "organisation_id": 17394, "organisation": "University of Kuala Lumpur", "venues": [{"city": "Kuala Lumpur", "country": "Malaysia", "area": "Kuala Lumpur", "display_area": false}], "discipline_title": "Machine Learning", "discipline_id": 331}, {"id": 187160, "title": "Speech, Language and Hearing Sciences", "summary": "The Speech, Language, Hearing Sciences at Metropolitan State University of Denver&nbsp;places students in community-based clinical internships focused on spoken language. Students also learn how to test hearing by utilizing audiological instruments located on campus.", "level": "bachelor", "degree": "B.A.", "tuition_fee": {"value": 748, "unit": "credit", "currency": "EUR"}, "fulltime_duration": {"value": 48, "unit": "month"}, "density": {"parttime": false, "fulltime": true}, "methods": {"face2face": true, "online": false, "blended": false}, "organisation_id": 15838, "organisation": "Metropolitan State University of Denver", "venues": [{"city": "Denver", "country": "United States", "area": "Colorado", "display_area": true}], "discipline_title": "Machine Learning", "discipline_id": 331}, {"id": 286701, "title": "Computer Science and Engineering - Artificial Intelligence and Machine Learning", "summary": "Artificial Intelligence (AI) as a term has been there since 1955. Analysts have predicted AI to become a $46 billion market by 2020. Learn more at the&nbsp;Computer Science and Engineering - Artificial Intelligence and Machine Learning program of the University of Petroleum and Energy Studies.", "level": "bachelor", "degree": "Bachelor", "tuition_fee": {"value": 2667, "unit": "year", "currency": "EUR"}, "fulltime_duration": {"value": 48, "unit": "month"}, "density": {"parttime": false, "fulltime": true}, "methods": {"face2face": true, "online": false, "blended": false}, "organisation_id": 19815, "organisation": "University of Petroleum and Energy Studies", "venues": [{"city": "Dehra Dun", "country": "India", "area": "Uttarakhand", "display_area": false}], "discipline_title": "Machine Learning", "discipline_id": 331}, {"id": 163051, "title": "Speech-Language Pathology", "summary": "As a speech-language pathology student, you will learn about the basic processes of communication and its disorders, and about the techniques to treat those disorders effectively.\u00a0", "level": "bachelor", "degree": "B.Sc.", "tuition_fee": {"value": 43310, "unit": "year", "currency": "EUR"}, "fulltime_duration": {"value": 48, "unit": "month"}, "density": {"parttime": false, "fulltime": true}, "methods": {"face2face": true, "online": false, "blended": false}, "organisation_id": 12400, "organisation": "Texas Christian University", "venues": [{"city": "Fort Worth", "country": "United States", "area": "Texas", "display_area": true}], "discipline_title": "Machine Learning", "discipline_id": 331}, {"id": 108142, "title": "Speech-Language Pathology and Audiology", "summary": "The Speech-Language Pathology and Audiology program at&nbsp;University of Texas at Dallas offers study in the processes and disorders of speech, language, and hearing.&nbsp;", "level": "bachelor", "degree": "B.Sc.", "tuition_fee": {"value": 38857, "unit": "year", "currency": "EUR"}, "fulltime_duration": {"value": 48, "unit": "month"}, "density": {"parttime": false, "fulltime": true}, "methods": {"face2face": true, "online": false, "blended": false}, "organisation_id": 12023, "organisation": "University of Texas at Dallas", "venues": [{"city": "Richardson", "country": "United States", "area": "Texas", "display_area": true}], "discipline_title": "Machine Learning", "discipline_id": 331}, {"id": 88570, "title": "Speech, Language & Hearing Sciences", "summary": "Speech, Language &amp; Hearing Sciences degree offered by the University of Arizona is designed to provide foundational information to develop critical thinking skills, the ability to evaluate scientific information, and to facilitate the development of writing skills.", "level": "bachelor", "degree": "B.Sc.", "tuition_fee": {"value": 34304, "unit": "year", "currency": "EUR"}, "fulltime_duration": {"value": 48, "unit": "month"}, "density": {"parttime": false, "fulltime": true}, "methods": {"face2face": true, "online": false, "blended": false}, "organisation_id": 11027, "organisation": "University of Arizona", "venues": [{"city": "Tucson", "country": "United States", "area": "Arizona", "display_area": true}], "discipline_title": "Machine Learning", "discipline_id": 331}, {"id": 222053, "title": "Artificial Intelligence and Machine Learning", "summary": "Investigate the best concepts and techniques central to artificial intelligence, including representation, heuristic search, machine learning, genetic algorithms, planning, and games.", "level": "bachelor", "degree": "B.Sc.", "tuition_fee": {"value": 34788, "unit": "year", "currency": "EUR"}, "fulltime_duration": {"value": 48, "unit": "month"}, "density": {"parttime": false, "fulltime": true}, "methods": {"face2face": true, "online": false, "blended": false}, "organisation_id": 17934, "organisation": "Florida Southern College", "venues": [{"city": "Lakeland", "country": "United States", "area": "Florida", "display_area": true}], "discipline_title": "Machine Learning", "discipline_id": 331}, {"id": 102606, "title": "Computational Modeling and Data Analytics", "summary": "The CMDA program draws on expertise from four departments at Virginia Tech whose strengths are in quantitative science: Statistics, Mathematics, Computer Science, and Physics.", "level": "bachelor", "degree": "B.Sc.", "tuition_fee": {"value": 1121, "unit": "credit", "currency": "EUR"}, "fulltime_duration": {"value": 48, "unit": "month"}, "density": {"parttime": false, "fulltime": true}, "methods": {"face2face": true, "online": false, "blended": false}, "organisation_id": 12001, "organisation": "Virginia Tech", "venues": [{"city": "Blacksburg", "country": "United States", "area": "Virginia", "display_area": true}], "discipline_title": "Machine Learning", "discipline_id": 331}, {"id": 89547, "title": "Speech, Language and Hearing Science", "summary": "The Bachelor of Arts in Speech, Language and Hearing Science at Temple\u2019s College of Public Health at&nbsp;Temple University is a degree program for students interested in becoming a speech-language pathologist or audiologist.&nbsp;", "level": "bachelor", "degree": "B.A.", "tuition_fee": {"value": 31476, "unit": "year", "currency": "EUR"}, "fulltime_duration": {"value": 48, "unit": "month"}, "density": {"parttime": false, "fulltime": true}, "methods": {"face2face": true, "online": false, "blended": false}, "organisation_id": 12217, "organisation": "Temple University", "venues": [{"city": "Philadelphia", "country": "United States", "area": "Pennsylvania", "display_area": true}], "discipline_title": "Machine Learning", "discipline_id": 331}, {"id": 125651, "title": "Speech, Language, and Hearing Sciences", "summary": "The School of Speech, Language, and Hearing Sciences at&nbsp;San Diego State University offers a B.A. in Liberal Arts and Sciences with a major in Speech, Language, and Hearing Sciences.", "level": "bachelor", "degree": "B.A.", "tuition_fee": {"value": 10980, "unit": "year", "currency": "EUR"}, "fulltime_duration": {"value": 48, "unit": "month"}, "density": {"parttime": false, "fulltime": true}, "methods": {"face2face": true, "online": false, "blended": false}, "organisation_id": 11405, "organisation": "San Diego State University", "venues": [{"city": "San Diego", "country": "United States", "area": "California", "display_area": true}], "discipline_title": "Machine Learning", "discipline_id": 331}]