[{"id": 150622, "title": "Graduate Diploma in Science, Computing and Engineering", "summary": "The Graduate Diploma in Science, Computing and Engineering at INTO University of Stirling prepares you for direct entry to a specialist Big Data postgraduate degree at the University of Stirling, or a postgraduate degree at other Scottish universities.", "level": "preparation", "degree": "Pre-Master", "tuition_fee": {"value": 17706, "unit": "year", "currency": "EUR"}, "fulltime_duration": {"value": 9, "unit": "month"}, "density": {"parttime": false, "fulltime": true}, "methods": {"face2face": true, "online": false, "blended": false}, "organisation_id": 11322, "organisation": "INTO University of Stirling", "venues": [{"city": "Stirling", "country": "United Kingdom", "area": "Scotland", "display_area": true}], "discipline_title": "Data Science & Big Data", "discipline_id": 282}, {"id": 150160, "title": "International Graduate Diploma in Computing", "summary": "The International Graduate Diploma in Computing at INTO Glasgow Caledonian University prepares you for direct entry to a range of postgraduate degrees in computing at GCU.", "level": "preparation", "degree": "Pre-Master", "tuition_fee": {"value": 15274, "unit": "year", "currency": "EUR"}, "fulltime_duration": {"value": 9, "unit": "month"}, "density": {"parttime": false, "fulltime": true}, "methods": {"face2face": true, "online": false, "blended": false}, "organisation_id": 8886, "organisation": "INTO Glasgow Caledonian University", "venues": [{"city": "Glasgow", "country": "United Kingdom", "area": "Scotland", "display_area": true}], "discipline_title": "Data Science & Big Data", "discipline_id": 282}, {"id": 279199, "title": "International Foundation in Engineering, Mathematics, Computer Science and Physical Sciences - Mathematics and Data Science (BSc", "summary": "The International Foundation in Engineering, Mathematics, Computer Science and Physical Sciences - Mathematics and Data Science (BSc) at INTO&nbsp;The University of Exeter prepares you for direct entry to Year 1 of an undergraduate degree in a range of subjects, such as Computer Science, Electronic Engineering, Mathematical Sciences, Mathematics and Mechanical Engineering at the University of Exeter.", "level": "preparation", "degree": "Pre-Bachelor", "tuition_fee": {"value": 22509, "unit": "year", "currency": "EUR"}, "fulltime_duration": {"value": 9, "unit": "month"}, "density": {"parttime": false, "fulltime": true}, "methods": {"face2face": true, "online": false, "blended": false}, "organisation_id": 8885, "organisation": "INTO University of Exeter", "venues": [{"city": "Exeter", "country": "United Kingdom", "area": "England", "display_area": true}], "discipline_title": "Data Science & Big Data", "discipline_id": 282}, {"id": 176592, "title": "Software Testing and Verification MicroMasters Program", "summary": "EdX is an online learning platform trusted by over 12 million users offering the\u00a0Software Testing and Verification MicroMasters Program\u00a0in collaboration with University System of Maryland - USMx and UMUC. Learn methods and techniques to test and verify software to advance your career as a software tester or software developer.", "level": "preparation", "degree": "Pre-Master", "tuition_fee": {"value": 690, "unit": "full", "currency": "EUR"}, "parttime_duration": {"value": 6, "unit": "month"}, "density": {"parttime": true, "fulltime": false}, "methods": {"face2face": false, "online": true, "blended": false}, "organisation_id": 16775, "organisation": "University System of Maryland - USMx", "venues": [{"city": "Adelphi", "country": "United States", "area": "Maryland", "display_area": true}], "discipline_title": "Data Science & Big Data", "discipline_id": 282}, {"id": 288762, "title": "Extended MSc International Business with Data Analytics with Advanced Practice", "summary": "The Extended MSc International Business with Data Analytics with Advanced Practice from Ulster University London Branch integrates the Graduate Certificate programme to allow entry for students with equivalent to a standard degree (third class, pass or ordinary) with the MSc International Business with Data Analytics which incorporates a compulsory work internship or an applied consulting project.", "level": "preparation", "degree": "Pre-Master", "tuition_fee": {"value": 10748, "unit": "year", "currency": "EUR"}, "fulltime_duration": {"value": 24, "unit": "month"}, "density": {"parttime": false, "fulltime": true}, "methods": {"face2face": true, "online": false, "blended": false}, "organisation_id": 19553, "organisation": "Ulster University London Branch", "venues": [{"city": "London", "country": "United Kingdom", "area": "England", "display_area": true}], "discipline_title": "Data Science & Big Data", "discipline_id": 282}, {"id": 281317, "title": "International Year One in General - Data Science", "summary": "The International Year One in General - Data Science program at&nbsp;INTO Colorado State University&nbsp;will prepare you to enter your next semester of a bachelor\u2019s degree program at Colorado State University.", "level": "preparation", "degree": "Pre-Bachelor", "tuition_fee": {"value": 17718, "unit": "year", "currency": "EUR"}, "fulltime_duration": {"value": 6, "unit": "month"}, "density": {"parttime": false, "fulltime": true}, "methods": {"face2face": true, "online": false, "blended": false}, "organisation_id": 12160, "organisation": "INTO Colorado State University", "venues": [{"city": "Fort Collins", "country": "United States", "area": "Colorado", "display_area": true}], "discipline_title": "Data Science & Big Data", "discipline_id": 282}, {"id": 280310, "title": "International Foundation in Actuarial Science - Data Analytics and Actuarial Science", "summary": "The International Foundation in Actuarial Science - Data Analytics and Actuarial Science course offered by&nbsp;INTO City University London&nbsp;prepares you for direct entry to Year 1 of of BSc (Hons) Data Analytics and Actuarial Science&nbsp;at Cass Business School at City, University of London.", "level": "preparation", "degree": "Pre-Master", "tuition_fee": {"value": 21383, "unit": "year", "currency": "EUR"}, "fulltime_duration": {"value": 9, "unit": "month"}, "density": {"parttime": false, "fulltime": true}, "methods": {"face2face": true, "online": false, "blended": false}, "organisation_id": 8888, "organisation": "INTO City University London", "venues": [{"city": "London", "country": "United Kingdom", "area": "England", "display_area": true}], "discipline_title": "Data Science & Big Data", "discipline_id": 282}, {"id": 255645, "title": "Statistics and Data Science", "summary": "EdX is an online learning platform trusted by over 12 million users offering the Statistics and Data Science course in collaboration with&nbsp;Massachusetts Institute of Technology - MITx.&nbsp;Master the skills needed to solve complex data challenges.", "level": "preparation", "degree": "Pre-Master", "tuition_fee": {"value": 1109, "unit": "year", "currency": "EUR"}, "parttime_duration": {"value": 15, "unit": "month"}, "density": {"parttime": true, "fulltime": false}, "methods": {"face2face": false, "online": true, "blended": false}, "organisation_id": 16737, "organisation": "Massachusetts Institute of Technology - MITx", "venues": [{"city": "Cambridge", "country": "United States", "area": "Massachusetts", "display_area": true}], "discipline_title": "Data Science & Big Data", "discipline_id": 282}, {"id": 66958, "title": "Graduate Pathway in Data Analytics Engineering", "summary": "Students who successfully complete an INTO George Mason University Graduate Pathway in Data Analytics Engineering are assured progression to a Mason graduate degree program upon submission of additional required application materials.", "level": "preparation", "degree": "Pre-Master", "tuition_fee": {"value": 20130, "unit": "year", "currency": "EUR"}, "fulltime_duration": {"value": 4, "unit": "month"}, "density": {"parttime": false, "fulltime": true}, "methods": {"face2face": true, "online": false, "blended": false}, "organisation_id": 12270, "organisation": "INTO George Mason University", "venues": [{"city": "Fairfax", "country": "United States", "area": "Virginia", "display_area": true}], "discipline_title": "Data Science & Big Data", "discipline_id": 282}, {"id": 288761, "title": "Extended MSc International Business with Data Analytics", "summary": "The Extended MSc International Business with Data Analytics from Ulster University London Branch integrates the stand alone Graduate Certificate programme to allow entry for students with equivalent to a standard degree (third class, pass or ordinary).", "level": "preparation", "degree": "Pre-Master", "tuition_fee": {"value": 5883, "unit": "year", "currency": "EUR"}, "fulltime_duration": {"value": 15, "unit": "month"}, "density": {"parttime": false, "fulltime": true}, "methods": {"face2face": true, "online": false, "blended": false}, "organisation_id": 19553, "organisation": "Ulster University London Branch", "venues": [{"city": "London", "country": "United Kingdom", "area": "England", "display_area": true}], "discipline_title": "Data Science & Big Data", "discipline_id": 282}, {"id": 280141, "title": "Graduate Diploma in Informatics - Data Science", "summary": "The Graduate Diploma in Informatics - Data Science offered by&nbsp;INTO City University London&nbsp;prepares you for direct entry to a postgraduate degree in a range of subject areas such as information science, software engineering, data science, human-computer interaction design, cyber security and library science.", "level": "preparation", "degree": "Pre-Master", "tuition_fee": {"value": 18951, "unit": "year", "currency": "EUR"}, "fulltime_duration": {"value": 9, "unit": "month"}, "density": {"parttime": false, "fulltime": true}, "methods": {"face2face": true, "online": false, "blended": false}, "organisation_id": 8888, "organisation": "INTO City University London", "venues": [{"city": "London", "country": "United Kingdom", "area": "England", "display_area": true}], "discipline_title": "Data Science & Big Data", "discipline_id": 282}, {"id": 176312, "title": "Big Data MicroMasters Program", "summary": "EdX is an online learning platform trusted by over 12 million users offering the&nbsp;Big Data MicroMasters Program&nbsp;in collaboration with&nbsp;University of Adelaide - AdelaideX. Transform big data into business insights and solutions.", "level": "preparation", "degree": "Pre-Master", "tuition_fee": {"value": 1293, "unit": "year", "currency": "EUR"}, "parttime_duration": {"value": 12, "unit": "month"}, "density": {"parttime": true, "fulltime": false}, "methods": {"face2face": false, "online": true, "blended": false}, "organisation_id": 16742, "organisation": "University of Adelaide - AdelaideX", "venues": [{"city": "Adelaide", "country": "Australia", "area": "South Australia", "display_area": true}], "discipline_title": "Data Science & Big Data", "discipline_id": 282}, {"id": 176131, "title": "Software Development MicroMasters Program", "summary": "EdX is an online learning platform trusted by over 12 million users offering the\u00a0Software Development MicroMasters Program in collaboration with University of British Columbia - UBCx. Learn software engineering skills experts use to work in any programming language and build a project portfolio using Java, Typescript and more.", "level": "preparation", "degree": "Pre-Master", "tuition_fee": {"value": 855, "unit": "full", "currency": "EUR"}, "parttime_duration": {"value": 42, "unit": "day"}, "density": {"parttime": true, "fulltime": false}, "methods": {"face2face": false, "online": true, "blended": false}, "organisation_id": 16729, "organisation": "University of British Columbia - UBCx", "venues": [{"city": "Kelowna", "country": "Canada", "area": "British Columbia", "display_area": false}], "discipline_title": "Data Science & Big Data", "discipline_id": 282}, {"id": 277989, "title": "Pre-Master's - Statistics", "summary": "Join the Pre-Master's - Statistics course at INTO Manchester and prepare&nbsp;for direct entry to a range of postgraduate degrees in Business related subjects at a range of&nbsp;NCUK&nbsp;universities.", "level": "preparation", "degree": "Pre-Master", "tuition_fee": {"value": 11800, "unit": "year", "currency": "EUR"}, "fulltime_duration": {"value": 6, "unit": "month"}, "density": {"parttime": false, "fulltime": true}, "methods": {"face2face": true, "online": false, "blended": false}, "organisation_id": 18816, "organisation": "INTO Manchester", "venues": [{"city": "Manchester", "country": "United Kingdom", "area": "England", "display_area": true}], "discipline_title": "Data Science & Big Data", "discipline_id": 282}, {"id": 151689, "title": "Graduate Pathway in Health Data Science", "summary": "An INTO SLU Graduate Pathway in Health Data Science will prepare you to enter your next semester of a master\u2019s degree program at Saint Louis University.&nbsp;", "level": "preparation", "degree": "Pre-Master", "tuition_fee": {"value": 17949, "unit": "year", "currency": "EUR"}, "fulltime_duration": {"value": 6, "unit": "month"}, "density": {"parttime": false, "fulltime": true}, "methods": {"face2face": true, "online": false, "blended": false}, "organisation_id": 15559, "organisation": "INTO Saint Louis University", "venues": [{"city": "Saint Louis", "country": "United States", "area": "Missouri", "display_area": true}], "discipline_title": "Data Science & Big Data", "discipline_id": 282}, {"id": 288804, "title": "Extended MSc International Business with Data Analytics with Advanced Practice", "summary": "The Extended MSc International Business with Data Analytics with Advanced Practice from Ulster University Birmingham Branch integrates the Graduate Certificate programme to allow entry for students with equivalent to a standard degree with the MSc International Business with Data Analytics which incorporates a compulsory work internship or an applied consulting project.", "level": "preparation", "degree": "Pre-Master", "tuition_fee": {"value": 10748, "unit": "year", "currency": "EUR"}, "fulltime_duration": {"value": 24, "unit": "month"}, "density": {"parttime": false, "fulltime": true}, "methods": {"face2face": true, "online": false, "blended": false}, "organisation_id": 19873, "organisation": "Ulster University Birmingham Branch", "venues": [{"city": "Birmingham", "country": "United Kingdom", "area": "England", "display_area": true}], "discipline_title": "Data Science & Big Data", "discipline_id": 282}, {"id": 278289, "title": "International Foundation in Science, Computing, Engineering and Mathematics - Mapping and Geospatial Data Science", "summary": "With the International Foundation in Science, Computing, Engineering and Mathematics - Mapping and Geospatial Data Science programme at INTO Newcastle University, you can prepare for direct entry to an undergraduate degree in a range of science or engineering related subject at Newcastle University.", "level": "preparation", "degree": "Pre-Bachelor", "tuition_fee": {"value": 22622, "unit": "year", "currency": "EUR"}, "fulltime_duration": {"value": 9, "unit": "month"}, "density": {"parttime": false, "fulltime": true}, "methods": {"face2face": true, "online": false, "blended": false}, "organisation_id": 7023, "organisation": "INTO Newcastle University", "venues": [{"city": "Newcastle upon Tyne", "country": "United Kingdom", "area": "England", "display_area": true}], "discipline_title": "Data Science & Big Data", "discipline_id": 282}, {"id": 275133, "title": "International Year One in Computer Science - Data Science", "summary": "International Year One in Computer Science - Data Science will prepare you to enter your next semester of a bachelor's degree program at Saint Louis University.&nbsp;", "level": "preparation", "degree": "Pre-Bachelor", "tuition_fee": {"value": 24428, "unit": "year", "currency": "EUR"}, "fulltime_duration": {"value": 6, "unit": "month"}, "density": {"parttime": false, "fulltime": true}, "methods": {"face2face": true, "online": false, "blended": false}, "organisation_id": 15559, "organisation": "INTO Saint Louis University", "venues": [{"city": "Saint Louis", "country": "United States", "area": "Missouri", "display_area": true}], "discipline_title": "Data Science & Big Data", "discipline_id": 282}, {"id": 281889, "title": "Data Science", "summary": "Data is everywhere: e-commerce sales, app downloads, smartphones, supply chain management, bioinformatics and connected devices. Begin your journey to a data analyst or data scientist role\u2014or add data analysis to your current or future work\u2014with the Data Science program at Berkeley Global.&nbsp;", "level": "preparation", "degree": "Pre-Master", "tuition_fee": {"value": 10167, "unit": "full", "currency": "EUR"}, "fulltime_duration": {"value": 5, "unit": "month"}, "density": {"parttime": false, "fulltime": true}, "methods": {"face2face": true, "online": false, "blended": false}, "organisation_id": 18812, "organisation": "UC Berkeley Global", "venues": [{"city": "Berkeley", "country": "United States", "area": "California", "display_area": true}], "discipline_title": "Data Science & Big Data", "discipline_id": 282}, {"id": 280104, "title": "International Graduate Diploma in Computing - 3D Design for Virtual Environments", "summary": "The International Graduate Diploma in Computing - 3D Design for Virtual Environments at INTO Glasgow Caledonian University prepares you for direct entry to a range of postgraduate degrees in computing at GCU.", "level": "preparation", "degree": "Pre-Master", "tuition_fee": {"value": 15274, "unit": "year", "currency": "EUR"}, "fulltime_duration": {"value": 9, "unit": "month"}, "density": {"parttime": false, "fulltime": true}, "methods": {"face2face": true, "online": false, "blended": false}, "organisation_id": 8886, "organisation": "INTO Glasgow Caledonian University", "venues": [{"city": "Glasgow", "country": "United Kingdom", "area": "Scotland", "display_area": true}], "discipline_title": "Data Science & Big Data", "discipline_id": 282}, {"id": 179026, "title": "Instructional Design and Technology MicroMasters Program", "summary": "EdX is an online learning platform trusted by over 12 million users offering the&nbsp;Instructional Design and Technology MicroMasters Program&nbsp;in collaboration with University of Maryland University College - UMUCx. Learn how to design and operate the learning platforms of the future.", "level": "preparation", "degree": "Pre-Master", "tuition_fee": {"value": 736, "unit": "full", "currency": "EUR"}, "parttime_duration": {"value": 8, "unit": "month"}, "density": {"parttime": true, "fulltime": false}, "methods": {"face2face": false, "online": true, "blended": false}, "organisation_id": 16899, "organisation": "University of Maryland University College - UMUCx", "venues": [{"city": "Maryland City", "country": "United States", "area": "Maryland", "display_area": true}], "discipline_title": "Data Science & Big Data", "discipline_id": 282}, {"id": 274739, "title": "International Year One in Business - Data Analytics", "summary": "International Year One in Business - Data Analytics at Washington State University&nbsp;will prepare you to enter your next semester of a bachelor\u2019s degree program.&nbsp;", "level": "preparation", "degree": "Pre-Bachelor", "tuition_fee": {"value": 15712, "unit": "year", "currency": "EUR"}, "fulltime_duration": {"value": 6, "unit": "month"}, "density": {"parttime": false, "fulltime": true}, "methods": {"face2face": true, "online": false, "blended": false}, "organisation_id": 18230, "organisation": "INTO Washington State University", "venues": [{"city": "Pullman", "country": "United States", "area": "Washington", "display_area": true}], "discipline_title": "Data Science & Big Data", "discipline_id": 282}, {"id": 288803, "title": "Extended MSc International Business with Data Analytics", "summary": "The Extended MSc International Business with Data Analytics from Ulster University Birmingham Branch integrates the stand alone Graduate Certificate programme to allow entry for students with equivalent to a standard degree (third class, pass or ordinary).", "level": "preparation", "degree": "Pre-Master", "tuition_fee": {"value": 5883, "unit": "year", "currency": "EUR"}, "fulltime_duration": {"value": 15, "unit": "month"}, "density": {"parttime": false, "fulltime": true}, "methods": {"face2face": true, "online": false, "blended": false}, "organisation_id": 19873, "organisation": "Ulster University Birmingham Branch", "venues": [{"city": "Birmingham", "country": "United Kingdom", "area": "England", "display_area": true}], "discipline_title": "Data Science & Big Data", "discipline_id": 282}, {"id": 278778, "title": "International Foundation in Engineering, Mathematics, Computer Science and Physical Sciences - Data Science (BSc)", "summary": "The International Foundation in Engineering, Mathematics, Computer Science and Physical Sciences - Data Science (BSc) at INTO&nbsp;The University of Exeter prepares you for direct entry to Year 1 of an undergraduate degree in a range of subjects, such as Computer Science, Electronic Engineering, Mathematical Sciences, Mathematics and Mechanical Engineering at the University of Exeter.", "level": "preparation", "degree": "Pre-Bachelor", "tuition_fee": {"value": 22509, "unit": "year", "currency": "EUR"}, "fulltime_duration": {"value": 9, "unit": "month"}, "density": {"parttime": false, "fulltime": true}, "methods": {"face2face": true, "online": false, "blended": false}, "organisation_id": 8885, "organisation": "INTO University of Exeter", "venues": [{"city": "Exeter", "country": "United Kingdom", "area": "England", "display_area": true}], "discipline_title": "Data Science & Big Data", "discipline_id": 282}, {"id": 278779, "title": "International Foundation in Engineering, Mathematics, Computer Science and Physical Sciences - Data Science (MSci)", "summary": "The International Foundation in Engineering, Mathematics, Computer Science and Physical Sciences - Data Science (MSci) at INTO&nbsp;The University of Exeter prepares you for direct entry to Year 1 of an undergraduate degree in a range of subjects, such as Computer Science, Electronic Engineering, Mathematical Sciences, Mathematics and Mechanical Engineering at the University of Exeter.", "level": "preparation", "degree": "Pre-Bachelor", "tuition_fee": {"value": 22509, "unit": "year", "currency": "EUR"}, "fulltime_duration": {"value": 9, "unit": "month"}, "density": {"parttime": false, "fulltime": true}, "methods": {"face2face": true, "online": false, "blended": false}, "organisation_id": 8885, "organisation": "INTO University of Exeter", "venues": [{"city": "Exeter", "country": "United Kingdom", "area": "England", "display_area": true}], "discipline_title": "Data Science & Big Data", "discipline_id": 282}, {"id": 179019, "title": "Cloud Computing MicroMasters Program", "summary": "EdX is an online learning platform trusted by over 12 million users offering the&nbsp;Cloud Computing MicroMasters Program&nbsp;in collaboration with University of Maryland University College - UMUCx. Gain expertise in one of the hottest fields in IT, as you learn how to design, implement, and manage cloud computing systems.", "level": "preparation", "degree": "Pre-Master", "tuition_fee": {"value": 921, "unit": "full", "currency": "EUR"}, "parttime_duration": {"value": 8, "unit": "month"}, "density": {"parttime": true, "fulltime": false}, "methods": {"face2face": false, "online": true, "blended": false}, "organisation_id": 16899, "organisation": "University of Maryland University College - UMUCx", "venues": [{"city": "Maryland City", "country": "United States", "area": "Maryland", "display_area": true}], "discipline_title": "Data Science & Big Data", "discipline_id": 282}, {"id": 274493, "title": "International Year One in Dance - Dance", "summary": "The International Year One in Dance - Dance offered by INTO Colorado State University&nbsp;&nbsp;will prepare you to enter your next semester of a bachelor\u2019s degree program.", "level": "preparation", "degree": "Pre-Bachelor", "tuition_fee": {"value": 17718, "unit": "year", "currency": "EUR"}, "fulltime_duration": {"value": 6, "unit": "month"}, "density": {"parttime": false, "fulltime": true}, "methods": {"face2face": true, "online": false, "blended": false}, "organisation_id": 12160, "organisation": "INTO Colorado State University", "venues": [{"city": "Fort Collins", "country": "United States", "area": "Colorado", "display_area": true}], "discipline_title": "Data Science & Big Data", "discipline_id": 282}, {"id": 267436, "title": "Graduate Pathway in Data Science", "summary": "The Graduate Pathway in Data Science&nbsp;will prepare you to enter your next semester of a master's degree program at The University of Alabama at Birmingham.&nbsp;", "level": "preparation", "degree": "Pre-Master", "tuition_fee": {"value": 14723, "unit": "year", "currency": "EUR"}, "fulltime_duration": {"value": 6, "unit": "month"}, "density": {"parttime": false, "fulltime": true}, "methods": {"face2face": true, "online": false, "blended": false}, "organisation_id": 15588, "organisation": "INTO The University of Alabama at Birmingham", "venues": [{"city": "Birmingham", "country": "United States", "area": "Alabama", "display_area": true}], "discipline_title": "Data Science & Big Data", "discipline_id": 282}, {"id": 283551, "title": "Data Science - Undergraduate Foundation Programme", "summary": "This one-year (3 term) (Hons) Data Science - Undergraduate Foundation Programme from ONCAMPUS&nbsp;London South Bank&nbsp;offers successful students&nbsp;guaranteed progression to London South Bank University. You will study&nbsp;your Foundation programme at our Centre located at the heart of the London South Bank University campus.", "level": "preparation", "degree": "Pre-Bachelor", "tuition_fee": {"value": 14595, "unit": "year", "currency": "EUR"}, "fulltime_duration": {"value": 9, "unit": "month"}, "density": {"parttime": false, "fulltime": true}, "methods": {"face2face": true, "online": false, "blended": false}, "organisation_id": 11508, "organisation": "ONCAMPUS London South Bank", "venues": [{"city": "London", "country": "United Kingdom", "area": "England", "display_area": true}], "discipline_title": "Data Science & Big Data", "discipline_id": 282}, {"id": 222820, "title": "Internet of Things (IoT) MicroMasters Program", "summary": "EdX is an online learning platform trusted by over 12 million users offering the Internet of Things (IoT) MicroMasters Program in collaboration with&nbsp;Curtin University - CurtinX.&nbsp;Learn to guide IoT projects and design IoT solutions.", "level": "preparation", "degree": "Pre-Master", "tuition_fee": {"value": 1196, "unit": "full", "currency": "EUR"}, "parttime_duration": {"value": 10, "unit": "month"}, "density": {"parttime": true, "fulltime": false}, "methods": {"face2face": false, "online": true, "blended": false}, "organisation_id": 16741, "organisation": "Curtin University - CurtinX", "venues": [{"city": "Bentley", "country": "Australia", "area": "Western Australia", "display_area": true}], "discipline_title": "Data Science & Big Data", "discipline_id": 282}, {"id": 176369, "title": "Data Science MicroMasters Program", "summary": "EdX is an online learning platform trusted by over 12 million users offering the&nbsp;Data Science MicroMasters Program in collaboration with University of California, San Diego - UC San DiegoX.&nbsp;Learn data science by doing data science.", "level": "preparation", "degree": "Pre-Master", "tuition_fee": {"value": 1294, "unit": "full", "currency": "EUR"}, "parttime_duration": {"value": 10, "unit": "month"}, "density": {"parttime": true, "fulltime": false}, "methods": {"face2face": false, "online": true, "blended": false}, "organisation_id": 16747, "organisation": "University of California, San Diego - UC San DiegoX", "venues": [{"city": "San Diego", "country": "United States", "area": "California", "display_area": true}], "discipline_title": "Data Science & Big Data", "discipline_id": 282}, {"id": 176616, "title": "Instructional Design and Technology MicroMasters Program", "summary": "EdX is an online learning platform trusted by over 12 million users offering the\u00a0Instructional Design and Technology MicroMasters Program\u00a0in collaboration with University System of Maryland - USMx and UMUC. Learn how to design and operate the learning platforms of the future.", "level": "preparation", "degree": "Pre-Master", "tuition_fee": {"value": 736, "unit": "full", "currency": "EUR"}, "parttime_duration": {"value": 8, "unit": "month"}, "density": {"parttime": true, "fulltime": false}, "methods": {"face2face": false, "online": true, "blended": false}, "organisation_id": 16775, "organisation": "University System of Maryland - USMx", "venues": [{"city": "Adelphi", "country": "United States", "area": "Maryland", "display_area": true}], "discipline_title": "Data Science & Big Data", "discipline_id": 282}, {"id": 276028, "title": "Spatial Data Analysis and Visualization", "summary": "Industry areas that rely on spatial data analysis, remote sensing, cartography, and data visualization are growing at accelerated rates.&nbsp;With this Spatial Data Analysis and Visualization programme offered by Coursera in partnership with UC Davis, you\u2019ll study at the graduate level to gain the Python programming language and GIS skills you need to advance your career.", "level": "preparation", "degree": "Pre-Master", "tuition_fee": {"value": 2773, "unit": "full", "currency": "EUR"}, "parttime_duration": {"value": 6, "unit": "month"}, "density": {"parttime": true, "fulltime": false}, "methods": {"face2face": false, "online": true, "blended": false}, "organisation_id": 17569, "organisation": "Coursera", "venues": [{"city": "Mountain View", "country": "United States", "area": "California", "display_area": true}], "discipline_title": "Data Science & Big Data", "discipline_id": 282}, {"id": 179031, "title": "Software Testing and Verification MicroMasters Program", "summary": "EdX is an online learning platform trusted by over 12 million users offering the&nbsp;Software Testing and Verification MicroMasters Program&nbsp;in collaboration with University of Maryland University College - UMUCx. Learn methods and techniques to test and verify software to advance your career as a software tester or software developer.", "level": "preparation", "degree": "Pre-Master", "tuition_fee": {"value": 690, "unit": "full", "currency": "EUR"}, "parttime_duration": {"value": 6, "unit": "month"}, "density": {"parttime": true, "fulltime": false}, "methods": {"face2face": false, "online": true, "blended": false}, "organisation_id": 16899, "organisation": "University of Maryland University College - UMUCx", "venues": [{"city": "Maryland City", "country": "United States", "area": "Maryland", "display_area": true}], "discipline_title": "Data Science & Big Data", "discipline_id": 282}, {"id": 274608, "title": "International Year One in Mathematics - Data Analytics", "summary": "International Year One in Mathematics - Data Analytics at Washington State University&nbsp;will prepare you to enter your next semester of a bachelor\u2019s degree program.&nbsp;", "level": "preparation", "degree": "Pre-Bachelor", "tuition_fee": {"value": 15712, "unit": "year", "currency": "EUR"}, "fulltime_duration": {"value": 6, "unit": "month"}, "density": {"parttime": false, "fulltime": true}, "methods": {"face2face": true, "online": false, "blended": false}, "organisation_id": 18230, "organisation": "INTO Washington State University", "venues": [{"city": "Pullman", "country": "United States", "area": "Washington", "display_area": true}], "discipline_title": "Data Science & Big Data", "discipline_id": 282}, {"id": 273886, "title": "International Foundation in Science, Computing and Engineering - Computing Science", "summary": "The&nbsp;International Foundation in Science, Computing and Engineering - Computing Science programme offered by&nbsp;University of Stirling will prepare students&nbsp;for direct entry to Year 2 of an undergraduate degree in a wide range of subjects at the University of Stirling or the University of Dundee in just six months.", "level": "preparation", "degree": "Pre-Bachelor", "tuition_fee": {"value": 11370, "unit": "year", "currency": "EUR"}, "fulltime_duration": {"value": 6, "unit": "month"}, "density": {"parttime": false, "fulltime": true}, "methods": {"face2face": true, "online": false, "blended": false}, "organisation_id": 11322, "organisation": "INTO University of Stirling", "venues": [{"city": "Stirling", "country": "United Kingdom", "area": "Scotland", "display_area": true}], "discipline_title": "Data Science & Big Data", "discipline_id": 282}, {"id": 280644, "title": "Pre-sessional Pre-Master's - Big Data Technologies", "summary": "The Pre-sessional Pre-Master's - Big Data Technologies course is offered by INTO Glasgow Caledonian University.", "level": "preparation", "degree": "Pre-Master", "tuition_fee": {"value": 5091, "unit": "full", "currency": "EUR"}, "fulltime_duration": {"value": 3, "unit": "month"}, "density": {"parttime": false, "fulltime": true}, "methods": {"face2face": true, "online": false, "blended": false}, "organisation_id": 8886, "organisation": "INTO Glasgow Caledonian University", "venues": [{"city": "Glasgow", "country": "United Kingdom", "area": "Scotland", "display_area": true}], "discipline_title": "Data Science & Big Data", "discipline_id": 282}, {"id": 277918, "title": "Pre-Master's - Data Communication Networks", "summary": "Join the Pre-Master's - Data Communication Networks course at INTO Manchester and prepare&nbsp;for direct entry to a range of postgraduate degrees in Business related subjects at a range of&nbsp;NCUK&nbsp;universities.", "level": "preparation", "degree": "Pre-Master", "tuition_fee": {"value": 11800, "unit": "year", "currency": "EUR"}, "fulltime_duration": {"value": 6, "unit": "month"}, "density": {"parttime": false, "fulltime": true}, "methods": {"face2face": true, "online": false, "blended": false}, "organisation_id": 18816, "organisation": "INTO Manchester", "venues": [{"city": "Manchester", "country": "United Kingdom", "area": "England", "display_area": true}], "discipline_title": "Data Science & Big Data", "discipline_id": 282}, {"id": 277884, "title": "Pre-Master's - Data Analytics", "summary": "Join the Pre-Master's - Data Analytics course at INTO Manchester and prepare&nbsp;for direct entry to a range of postgraduate degrees in Business related subjects at a range of&nbsp;NCUK&nbsp;universities.", "level": "preparation", "degree": "Pre-Master", "tuition_fee": {"value": 11800, "unit": "year", "currency": "EUR"}, "fulltime_duration": {"value": 6, "unit": "month"}, "density": {"parttime": false, "fulltime": true}, "methods": {"face2face": true, "online": false, "blended": false}, "organisation_id": 18816, "organisation": "INTO Manchester", "venues": [{"city": "Manchester", "country": "United Kingdom", "area": "England", "display_area": true}], "discipline_title": "Data Science & Big Data", "discipline_id": 282}, {"id": 280807, "title": "Graduate Diploma in Science, Computing and Engineering - Big Data", "summary": "The Graduate Diploma in Science, Computing and Engineering - Big Data at INTO University of Stirling prepares you for direct entry to a specialist Big Data postgraduate degree at the University of Stirling, or a postgraduate degree at other Scottish universities.", "level": "preparation", "degree": "Pre-Master", "tuition_fee": {"value": 17706, "unit": "year", "currency": "EUR"}, "fulltime_duration": {"value": 9, "unit": "month"}, "density": {"parttime": false, "fulltime": true}, "methods": {"face2face": true, "online": false, "blended": false}, "organisation_id": 11322, "organisation": "INTO University of Stirling", "venues": [{"city": "Stirling", "country": "United Kingdom", "area": "Scotland", "display_area": true}], "discipline_title": "Data Science & Big Data", "discipline_id": 282}, {"id": 280108, "title": "International Graduate Diploma in Computing - Advanced Internetwork Engineering", "summary": "The International Graduate Diploma in Computing - Advanced Internetwork Engineering at INTO Glasgow Caledonian University prepares you for direct entry to a range of postgraduate degrees in computing at GCU.", "level": "preparation", "degree": "Pre-Master", "tuition_fee": {"value": 15274, "unit": "year", "currency": "EUR"}, "fulltime_duration": {"value": 9, "unit": "month"}, "density": {"parttime": false, "fulltime": true}, "methods": {"face2face": true, "online": false, "blended": false}, "organisation_id": 8886, "organisation": "INTO Glasgow Caledonian University", "venues": [{"city": "Glasgow", "country": "United Kingdom", "area": "Scotland", "display_area": true}], "discipline_title": "Data Science & Big Data", "discipline_id": 282}, {"id": 279106, "title": "Graduate Pathway in Health Data Science - Health Data Science", "summary": "An INTO SLU Graduate Pathway in Health Data Science - Health Data Science will prepare you to enter your next semester of a master\u2019s degree program at Saint Louis University.&nbsp;", "level": "preparation", "degree": "Pre-Master", "tuition_fee": {"value": 17949, "unit": "year", "currency": "EUR"}, "fulltime_duration": {"value": 6, "unit": "month"}, "density": {"parttime": false, "fulltime": true}, "methods": {"face2face": true, "online": false, "blended": false}, "organisation_id": 15559, "organisation": "INTO Saint Louis University", "venues": [{"city": "Saint Louis", "country": "United States", "area": "Missouri", "display_area": true}], "discipline_title": "Data Science & Big Data", "discipline_id": 282}, {"id": 280111, "title": "International Graduate Diploma in Computing - Big Data Technologies", "summary": "The International Graduate Diploma in Computing - Big Data Technologies at INTO Glasgow Caledonian University prepares you for direct entry to a range of postgraduate degrees in computing at GCU.", "level": "preparation", "degree": "Pre-Master", "tuition_fee": {"value": 15274, "unit": "year", "currency": "EUR"}, "fulltime_duration": {"value": 9, "unit": "month"}, "density": {"parttime": false, "fulltime": true}, "methods": {"face2face": true, "online": false, "blended": false}, "organisation_id": 8886, "organisation": "INTO Glasgow Caledonian University", "venues": [{"city": "Glasgow", "country": "United Kingdom", "area": "Scotland", "display_area": true}], "discipline_title": "Data Science & Big Data", "discipline_id": 282}, {"id": 274765, "title": "International Year One in Agricultural Sciences - Data Analytics", "summary": "International Year One in Agricultural Sciences - Data Analytics at Washington State University will prepare you to enter your next semester of a bachelor\u2019s degree program.", "level": "preparation", "degree": "Pre-Bachelor", "tuition_fee": {"value": 15712, "unit": "year", "currency": "EUR"}, "fulltime_duration": {"value": 6, "unit": "month"}, "density": {"parttime": false, "fulltime": true}, "methods": {"face2face": true, "online": false, "blended": false}, "organisation_id": 18230, "organisation": "INTO Washington State University", "venues": [{"city": "Pullman", "country": "United States", "area": "Washington", "display_area": true}], "discipline_title": "Data Science & Big Data", "discipline_id": 282}, {"id": 278586, "title": "Graduate Pathway in Data Science - Data Science M.S.", "summary": "The Graduate Pathway in Data Science - Data Science M.S. will prepare you to enter your next semester of a master's degree program at The University of Alabama at Birmingham.&nbsp;", "level": "preparation", "degree": "Pre-Master", "tuition_fee": {"value": 14723, "unit": "year", "currency": "EUR"}, "fulltime_duration": {"value": 6, "unit": "month"}, "density": {"parttime": false, "fulltime": true}, "methods": {"face2face": true, "online": false, "blended": false}, "organisation_id": 15588, "organisation": "INTO The University of Alabama at Birmingham", "venues": [{"city": "Birmingham", "country": "United States", "area": "Alabama", "display_area": true}], "discipline_title": "Data Science & Big Data", "discipline_id": 282}, {"id": 223079, "title": "Algorithms and Data Structures MicroMasters Program", "summary": "EdX is an online learning platform trusted by over 12 million users offering the&nbsp;Algorithms and Data Structures MicroMasters Program in collaboration with University of California, San Diego - UC San DiegoX.&nbsp;A wealth of programming challenges to help you learn.", "level": "preparation", "degree": "Pre-Master", "tuition_fee": {"value": 1109, "unit": "full", "currency": "EUR"}, "parttime_duration": {"value": 9, "unit": "month"}, "density": {"parttime": true, "fulltime": false}, "methods": {"face2face": false, "online": true, "blended": false}, "organisation_id": 16747, "organisation": "University of California, San Diego - UC San DiegoX", "venues": [{"city": "San Diego", "country": "United States", "area": "California", "display_area": true}], "discipline_title": "Data Science & Big Data", "discipline_id": 282}, {"id": 280412, "title": "International Foundation in Computer Science - Data Science", "summary": "The International Foundation in Computer Science - Data Science course offered by INTO City University London&nbsp;prepares you for direct entry to Year 1 of an undergraduate degree in computer science, business computing systems and games technology&nbsp;&nbsp;at City, University of London.", "level": "preparation", "degree": "Pre-Bachelor", "tuition_fee": {"value": 18951, "unit": "year", "currency": "EUR"}, "fulltime_duration": {"value": 9, "unit": "month"}, "density": {"parttime": false, "fulltime": true}, "methods": {"face2face": true, "online": false, "blended": false}, "organisation_id": 8888, "organisation": "INTO City University London", "venues": [{"city": "London", "country": "United Kingdom", "area": "England", "display_area": true}], "discipline_title": "Data Science & Big Data", "discipline_id": 282}, {"id": 274940, "title": "International Year One in Business - Big Data and Business Analytics", "summary": "International Year One in Business - Big Data and Business Analytics will prepare you to enter your next semester of a bachelor\u2019s degree program at Suffolk University.", "level": "preparation", "degree": "Pre-Bachelor", "tuition_fee": {"value": 21867, "unit": "year", "currency": "EUR"}, "fulltime_duration": {"value": 6, "unit": "month"}, "density": {"parttime": false, "fulltime": true}, "methods": {"face2face": true, "online": false, "blended": false}, "organisation_id": 17493, "organisation": "INTO Suffolk", "venues": [{"city": "Boston", "country": "United States", "area": "Massachusetts", "display_area": true}], "discipline_title": "Data Science & Big Data", "discipline_id": 282}, {"id": 279200, "title": "International Foundation in Engineering, Mathematics, Computer Science and Physical Sciences - Mathematics and Data Science (MSc", "summary": "The International Foundation in Engineering, Mathematics, Computer Science and Physical Sciences - Mathematics and Data Science (MSc) at INTO&nbsp;The University of Exeter prepares you for direct entry to Year 1 of an undergraduate degree in a range of subjects, such as Computer Science, Electronic Engineering, Mathematical Sciences, Mathematics and Mechanical Engineering at the University of Exeter.", "level": "preparation", "degree": "Pre-Bachelor", "tuition_fee": {"value": 22509, "unit": "year", "currency": "EUR"}, "fulltime_duration": {"value": 9, "unit": "month"}, "density": {"parttime": false, "fulltime": true}, "methods": {"face2face": true, "online": false, "blended": false}, "organisation_id": 8885, "organisation": "INTO University of Exeter", "venues": [{"city": "Exeter", "country": "United Kingdom", "area": "England", "display_area": true}], "discipline_title": "Data Science & Big Data", "discipline_id": 282}, {"id": 281573, "title": "Graduate Pathway in Data Analytics Engineering - Data Analytics Engineering", "summary": "Students who successfully complete an INTO George Mason University Graduate Pathway in Data Analytics Engineering - Data Analytics Engineering are assured progression to a Mason graduate degree program upon submission of additional required application materials.", "level": "preparation", "degree": "Pre-Master", "tuition_fee": {"value": 20130, "unit": "year", "currency": "EUR"}, "fulltime_duration": {"value": 4, "unit": "month"}, "density": {"parttime": false, "fulltime": true}, "methods": {"face2face": true, "online": false, "blended": false}, "organisation_id": 12270, "organisation": "INTO George Mason University", "venues": [{"city": "Fairfax", "country": "United States", "area": "Virginia", "display_area": true}], "discipline_title": "Data Science & Big Data", "discipline_id": 282}, {"id": 294428, "title": "Cloud Security (CCSK) online training", "summary": "The CCSK online training is a unique training package that offers far  more than the 3-day in-class training. The online training is enriched  with many instructor-led support hours, extra PowerPoints, screen  recordings, chat support, more exam preparation materials, practical  application tips for CCSK and online classes.", "level": "preparation", "degree": "Pre-Bachelor", "tuition_fee": {"value": 3495, "unit": "year", "currency": "EUR"}, "fulltime_duration": {"value": 3, "unit": "month"}, "density": {"parttime": false, "fulltime": true}, "methods": {"face2face": false, "online": true, "blended": false}, "organisation_id": 10516, "organisation": "IMF Academy", "venues": [{"city": "Eindhoven", "country": "Netherlands", "area": "North Brabant", "display_area": false}], "discipline_title": "Data Science & Big Data", "discipline_id": 282}, {"id": 297436, "title": "Data Analytics", "summary": "In just two months, the&nbsp;Data Analytics program from&nbsp;University of California, Berkeley will&nbsp;help you gain practical skills to collect, process, analyze and interpret data so that you can develop actionable insights.&nbsp;", "level": "preparation", "degree": "Preparation Course", "tuition_fee": {"value": 7394, "unit": "full", "currency": "EUR"}, "parttime_duration": {"value": 2, "unit": "month"}, "density": {"parttime": true, "fulltime": false}, "methods": {"face2face": false, "online": true, "blended": false}, "organisation_id": 11801, "organisation": "University of California, Berkeley", "venues": [{"city": "Berkeley", "country": "United States", "area": "California", "display_area": true}], "discipline_title": "Data Science & Big Data", "discipline_id": 282}, {"id": 52301, "title": "Undergraduate Certificate in Web 2.0", "summary": "This course introduces students to Web 2.0 trends and technologies. Students will profile the various features, tools, communities, and practices available in Web 2.0. This certificate includes a survey of the concepts, tools, and practices used to build blogs and wikis.\u00a0", "level": "preparation", "degree": "Pre-Bachelor", "tuition_fee": {"value": 250, "unit": "credit", "currency": "EUR"}, "fulltime_duration": {"value": 12, "unit": "month"}, "parttime_duration": {"value": 36, "unit": "month"}, "density": {"parttime": true, "fulltime": true}, "methods": {"face2face": false, "online": true, "blended": false}, "organisation_id": 10683, "organisation": "American Public University", "venues": [{"city": "Charles Town", "country": "United States", "area": "West Virginia", "display_area": true}], "discipline_title": "Data Science & Big Data", "discipline_id": 282}, {"id": 297437, "title": "Data Science", "summary": "Are you looking to build a career as a data analyst or data scientist, or need to better understand data science in your current position? This 2-month Data Science certificate from University of California, Berkeley&nbsp;gives you in-depth understanding about how to effectively use data to make sound business decisions.", "level": "preparation", "degree": "Preparation Course", "tuition_fee": {"value": 7394, "unit": "full", "currency": "EUR"}, "parttime_duration": {"value": 2, "unit": "month"}, "density": {"parttime": true, "fulltime": false}, "methods": {"face2face": false, "online": true, "blended": false}, "organisation_id": 11801, "organisation": "University of California, Berkeley", "venues": [{"city": "Berkeley", "country": "United States", "area": "California", "display_area": true}], "discipline_title": "Data Science & Big Data", "discipline_id": 282}, {"id": 52199, "title": "Undergraduate Certificate in Microsoft Access Database Applications", "summary": "The Certificate in Microsoft Access Database Programming provides students with the theories and skills necessary to develop databases. This Certificate prepares adult learners to seek entry-level career positions such as: Database Developer, Database Analyst, Database Designer, Database Specialist, and Microsoft Access Developer.", "level": "preparation", "degree": "Pre-Bachelor", "tuition_fee": {"value": 250, "unit": "credit", "currency": "EUR"}, "fulltime_duration": {"value": 12, "unit": "month"}, "parttime_duration": {"value": 36, "unit": "month"}, "density": {"parttime": true, "fulltime": true}, "methods": {"face2face": false, "online": true, "blended": false}, "organisation_id": 10683, "organisation": "American Public University", "venues": [{"city": "Charles Town", "country": "United States", "area": "West Virginia", "display_area": true}], "discipline_title": "Data Science & Big Data", "discipline_id": 282}, {"id": 222821, "title": "Data Science and Entrepreneurship", "summary": "In preparation of the Master's program Data Science and Entrepreneurship we offer several Pre-Master's programs at different levels - both Academic University and University of Applied Science / Hogeschool.&nbsp;", "level": "preparation", "degree": "Pre-Master", "tuition_fee": {"value": 15000, "unit": "year", "currency": "EUR"}, "fulltime_duration": {"value": 6, "unit": "month"}, "density": {"parttime": false, "fulltime": true}, "methods": {"face2face": true, "online": false, "blended": false}, "organisation_id": 17951, "organisation": "Jheronimus Academy of Data Science (JADS)", "venues": [{"city": "'s-Hertogenbosch", "country": "Netherlands", "area": "North Brabant", "display_area": false}, {"city": "Eindhoven", "country": "Netherlands", "area": "North Brabant", "display_area": false}, {"city": "Tilburg", "country": "Netherlands", "area": "North Brabant", "display_area": false}], "discipline_title": "Data Science & Big Data", "discipline_id": 282}, {"id": 292291, "title": "Data Science", "summary": "The Data Science program at American University Washington DC is a one-semester, pre-master\u2019s program designed specifically for international students.&nbsp;", "level": "preparation", "degree": "Pre-Master", "tuition_fee": {"value": 27094, "unit": "year", "currency": "EUR"}, "fulltime_duration": {"value": 12, "unit": "month"}, "density": {"parttime": false, "fulltime": true}, "methods": {"face2face": true, "online": false, "blended": false}, "organisation_id": 11225, "organisation": "American University Washington DC", "venues": [{"city": "Washington, D. C.", "country": "United States", "area": "Washington, D.C.", "display_area": true}], "discipline_title": "Data Science & Big Data", "discipline_id": 282}, {"id": 292081, "title": "Data Science", "summary": "The Data Science program at the University of the Pacific provides more than academic, language and cultural growth. With the included Career Accelerator program, you can also gain valuable professional skills that prepare you for a successful career.&nbsp;", "level": "preparation", "degree": "Pre-Master", "tuition_fee": {"value": 10595, "unit": "full", "currency": "EUR"}, "fulltime_duration": {"value": 6, "unit": "month"}, "density": {"parttime": false, "fulltime": true}, "methods": {"face2face": true, "online": false, "blended": false}, "organisation_id": 19771, "organisation": "Accelerator Programs at University of the Pacific", "venues": [{"city": "Stockton", "country": "United States", "area": "California", "display_area": true}], "discipline_title": "Data Science & Big Data", "discipline_id": 282}]