[{"id": 273158, "title": "International Year One in General - Health Information Management", "summary": "An INTO Illinois State University International Year One in General - Health Information Management will prepare you to enter your next semester of a bachelor\u2019s degree program at Illinois State University.", "level": "preparation", "degree": "Pre-Bachelor", "tuition_fee": {"value": 14899, "unit": "year", "currency": "EUR"}, "fulltime_duration": {"value": 6, "unit": "month"}, "density": {"parttime": false, "fulltime": true}, "methods": {"face2face": true, "online": false, "blended": false}, "organisation_id": 18813, "organisation": "INTO Illinois State University", "venues": [{"city": "Normal", "country": "United States", "area": "Illinois", "display_area": true}], "discipline_title": "Health Informatics", "discipline_id": 283}, {"id": 66646, "title": "Graduate Pathway in Bioinformatics Management", "summary": "Students who successfully complete an INTO George Mason University Graduate Pathway in Bioinformatics Management are assured progression to a Mason graduate degree program upon submission of additional required application materials.", "level": "preparation", "degree": "Pre-Master", "fulltime_duration": {"value": 4, "unit": "month"}, "density": {"parttime": false, "fulltime": true}, "methods": {"face2face": true, "online": false, "blended": false}, "organisation_id": 12270, "organisation": "INTO George Mason University", "venues": [{"city": "Fairfax", "country": "United States", "area": "Virginia", "display_area": true}], "discipline_title": "Health Informatics", "discipline_id": 283}, {"id": 151689, "title": "Graduate Pathway in Health Data Science", "summary": "An INTO SLU Graduate Pathway in Health Data Science will prepare you to enter your next semester of a master\u2019s degree program at Saint Louis University.&nbsp;", "level": "preparation", "degree": "Pre-Master", "tuition_fee": {"value": 17949, "unit": "year", "currency": "EUR"}, "fulltime_duration": {"value": 6, "unit": "month"}, "density": {"parttime": false, "fulltime": true}, "methods": {"face2face": true, "online": false, "blended": false}, "organisation_id": 15559, "organisation": "INTO Saint Louis University", "venues": [{"city": "Saint Louis", "country": "United States", "area": "Missouri", "display_area": true}], "discipline_title": "Health Informatics", "discipline_id": 283}, {"id": 273735, "title": "International Foundation in Science - Diagnostic Imaging", "summary": "The&nbsp;INTO Glasgow Caledonian University International Foundation in Science - Diagnostic Imaging programme prepares you for direct entry to Year 2 of an undergraduate degree in a range of science-related degrees at GCU.", "level": "preparation", "degree": "Pre-Bachelor", "tuition_fee": {"value": 15274, "unit": "year", "currency": "EUR"}, "fulltime_duration": {"value": 9, "unit": "month"}, "density": {"parttime": false, "fulltime": true}, "methods": {"face2face": true, "online": false, "blended": false}, "organisation_id": 8886, "organisation": "INTO Glasgow Caledonian University", "venues": [{"city": "Glasgow", "country": "United Kingdom", "area": "Scotland", "display_area": true}], "discipline_title": "Health Informatics", "discipline_id": 283}, {"id": 279383, "title": "International Foundation in Science and Engineering - Healthcare Science (Life Sciences)", "summary": "The International Foundation in Science and Engineering - Healthcare Science (Life Sciences) at INTO Manchester prepares you for direct entry on to the first year of a Computing, Mathematics, Engineering, Science or related undergraduate degree.", "level": "preparation", "degree": "Pre-Bachelor", "tuition_fee": {"value": 17706, "unit": "year", "currency": "EUR"}, "fulltime_duration": {"value": 9, "unit": "month"}, "density": {"parttime": false, "fulltime": true}, "methods": {"face2face": true, "online": false, "blended": false}, "organisation_id": 18816, "organisation": "INTO Manchester", "venues": [{"city": "Manchester", "country": "United Kingdom", "area": "England", "display_area": true}], "discipline_title": "Health Informatics", "discipline_id": 283}, {"id": 66835, "title": "Graduate Pathway in Health Informatics", "summary": "Students who successfully complete an INTO George Mason University Graduate Pathway in Health Informatics are assured progression to a Mason graduate degree program upon submission of additional required application materials.", "level": "preparation", "degree": "Pre-Master", "tuition_fee": {"value": 20130, "unit": "year", "currency": "EUR"}, "fulltime_duration": {"value": 4, "unit": "month"}, "density": {"parttime": false, "fulltime": true}, "methods": {"face2face": true, "online": false, "blended": false}, "organisation_id": 12270, "organisation": "INTO George Mason University", "venues": [{"city": "Fairfax", "country": "United States", "area": "Virginia", "display_area": true}], "discipline_title": "Health Informatics", "discipline_id": 283}, {"id": 274871, "title": "International Year One in Natural and Health Sciences - Statistics", "summary": "The International Year One in Natural and Health Sciences - Statistics will prepare you to enter the second year of a bachelor's degree program at the University of South Florida.&nbsp;", "level": "preparation", "degree": "Pre-Bachelor", "tuition_fee": {"value": 13494, "unit": "year", "currency": "EUR"}, "fulltime_duration": {"value": 6, "unit": "month"}, "density": {"parttime": false, "fulltime": true}, "methods": {"face2face": true, "online": false, "blended": false}, "organisation_id": 12254, "organisation": "INTO University of South Florida", "venues": [{"city": "Tampa", "country": "United States", "area": "Florida", "display_area": true}], "discipline_title": "Health Informatics", "discipline_id": 283}, {"id": 277897, "title": "Pre-Master's - Public Health", "summary": "Join the Pre-Master's - Public Health course at INTO Manchester and prepare&nbsp;for direct entry to a range of postgraduate degrees in Business related subjects at a range of&nbsp;NCUK&nbsp;universities.", "level": "preparation", "degree": "Pre-Master", "tuition_fee": {"value": 11800, "unit": "year", "currency": "EUR"}, "fulltime_duration": {"value": 6, "unit": "month"}, "density": {"parttime": false, "fulltime": true}, "methods": {"face2face": true, "online": false, "blended": false}, "organisation_id": 18816, "organisation": "INTO Manchester", "venues": [{"city": "Manchester", "country": "United Kingdom", "area": "England", "display_area": true}], "discipline_title": "Health Informatics", "discipline_id": 283}, {"id": 270595, "title": "Graduate Pathway in Health Informatics", "summary": "An INTO Hofstra Graduate Pathway in Health Informatics will prepare you to enter your next semester of a master\u2019s degree program at Hofstra University.", "level": "preparation", "degree": "Pre-Master", "tuition_fee": {"value": 18854, "unit": "year", "currency": "EUR"}, "fulltime_duration": {"value": 6, "unit": "month"}, "density": {"parttime": false, "fulltime": true}, "methods": {"face2face": true, "online": false, "blended": false}, "organisation_id": 19375, "organisation": "INTO Hofstra University", "venues": [{"city": "Hempstead", "country": "United States", "area": "New York", "display_area": true}], "discipline_title": "Health Informatics", "discipline_id": 283}, {"id": 281455, "title": "Graduate Pathway in Health Informatics - Health Informatics", "summary": "INTO Marshall\u2019s Graduate Pathway program in Health Informatics will prepare you to enter the second year of a master\u2019s degree program at Marshall University.", "level": "preparation", "degree": "Pre-Master", "tuition_fee": {"value": 13956, "unit": "year", "currency": "EUR"}, "fulltime_duration": {"value": 6, "unit": "month"}, "density": {"parttime": false, "fulltime": true}, "methods": {"face2face": true, "online": false, "blended": false}, "organisation_id": 12273, "organisation": "INTO Marshall University", "venues": [{"city": "Huntington", "country": "United States", "area": "West Virginia", "display_area": true}], "discipline_title": "Health Informatics", "discipline_id": 283}, {"id": 275230, "title": "International Year One in Health Information Management - Health Information Management", "summary": "International Year One in Health Information Management - Health Information Management will prepare you to enter your next semester of a bachelor's degree program at Saint Louis University.", "level": "preparation", "degree": "Pre-Bachelor", "tuition_fee": {"value": 42478, "unit": "year", "currency": "EUR"}, "fulltime_duration": {"value": 12, "unit": "month"}, "density": {"parttime": false, "fulltime": true}, "methods": {"face2face": true, "online": false, "blended": false}, "organisation_id": 15559, "organisation": "INTO Saint Louis University", "venues": [{"city": "Saint Louis", "country": "United States", "area": "Missouri", "display_area": true}], "discipline_title": "Health Informatics", "discipline_id": 283}, {"id": 66642, "title": "Graduate Pathway in Bioinformatics and Computational Biology", "summary": "Students who successfully complete an INTO Mason Graduate Pathway in Bioinformatics and Computational Biology are assured progression to a Mason graduate degree program upon submission of additional required application materials.", "level": "preparation", "degree": "Pre-Master", "tuition_fee": {"value": 20130, "unit": "year", "currency": "EUR"}, "fulltime_duration": {"value": 4, "unit": "month"}, "density": {"parttime": false, "fulltime": true}, "methods": {"face2face": true, "online": false, "blended": false}, "organisation_id": 12270, "organisation": "INTO George Mason University", "venues": [{"city": "Fairfax", "country": "United States", "area": "Virginia", "display_area": true}], "discipline_title": "Health Informatics", "discipline_id": 283}, {"id": 280718, "title": "Graduate Pathway in Health Informatics - Health Informatics", "summary": "An INTO Hofstra Graduate Pathway in Health Informatics&nbsp;- Health Informatics will prepare you to enter your next semester of a master\u2019s degree program at Hofstra University.", "level": "preparation", "degree": "Pre-Master", "tuition_fee": {"value": 18854, "unit": "year", "currency": "EUR"}, "fulltime_duration": {"value": 6, "unit": "month"}, "density": {"parttime": false, "fulltime": true}, "methods": {"face2face": true, "online": false, "blended": false}, "organisation_id": 19375, "organisation": "INTO Hofstra University", "venues": [{"city": "Hempstead", "country": "United States", "area": "New York", "display_area": true}], "discipline_title": "Health Informatics", "discipline_id": 283}, {"id": 279106, "title": "Graduate Pathway in Health Data Science - Health Data Science", "summary": "An INTO SLU Graduate Pathway in Health Data Science - Health Data Science will prepare you to enter your next semester of a master\u2019s degree program at Saint Louis University.&nbsp;", "level": "preparation", "degree": "Pre-Master", "tuition_fee": {"value": 17949, "unit": "year", "currency": "EUR"}, "fulltime_duration": {"value": 6, "unit": "month"}, "density": {"parttime": false, "fulltime": true}, "methods": {"face2face": true, "online": false, "blended": false}, "organisation_id": 15559, "organisation": "INTO Saint Louis University", "venues": [{"city": "Saint Louis", "country": "United States", "area": "Missouri", "display_area": true}], "discipline_title": "Health Informatics", "discipline_id": 283}, {"id": 280739, "title": "Graduate Pathway in MBA - Health Services Management", "summary": "An INTO Hofstra Graduate Pathway in MBA - Health Services Management will prepare you to enter your next semester of a master\u2019s degree program at Hofstra University.", "level": "preparation", "degree": "Pre-Master", "tuition_fee": {"value": 18854, "unit": "year", "currency": "EUR"}, "fulltime_duration": {"value": 6, "unit": "month"}, "density": {"parttime": false, "fulltime": true}, "methods": {"face2face": true, "online": false, "blended": false}, "organisation_id": 19375, "organisation": "INTO Hofstra University", "venues": [{"city": "Hempstead", "country": "United States", "area": "New York", "display_area": true}], "discipline_title": "Health Informatics", "discipline_id": 283}, {"id": 158980, "title": "Graduate Pathway in Health Informatics", "summary": "INTO Marshall\u2019s Graduate Pathway program in Health Informatics will prepare you to enter the second year of a master\u2019s degree program at Marshall University.", "level": "preparation", "degree": "Pre-Master", "tuition_fee": {"value": 13956, "unit": "year", "currency": "EUR"}, "fulltime_duration": {"value": 6, "unit": "month"}, "density": {"parttime": false, "fulltime": true}, "methods": {"face2face": true, "online": false, "blended": false}, "organisation_id": 12273, "organisation": "INTO Marshall University", "venues": [{"city": "Huntington", "country": "United States", "area": "West Virginia", "display_area": true}], "discipline_title": "Health Informatics", "discipline_id": 283}, {"id": 234765, "title": "International Year One in Health Information Management", "summary": "International Year One in Health Information Management will prepare you to enter your next semester of a bachelor's degree program at Saint Louis University.", "level": "preparation", "degree": "Pre-Bachelor", "tuition_fee": {"value": 42478, "unit": "year", "currency": "EUR"}, "fulltime_duration": {"value": 12, "unit": "month"}, "density": {"parttime": false, "fulltime": true}, "methods": {"face2face": true, "online": false, "blended": false}, "organisation_id": 15559, "organisation": "INTO Saint Louis University", "venues": [{"city": "Saint Louis", "country": "United States", "area": "Missouri", "display_area": true}], "discipline_title": "Health Informatics", "discipline_id": 283}, {"id": 281529, "title": "Graduate Pathway in Bioinformatics and Computational Biology - Bioinformatics and Computational Biology", "summary": "Students who successfully complete an INTO Mason Graduate Pathway in Bioinformatics and Computational Biology - Bioinformatics and Computational Biology are assured progression to a Mason graduate degree program upon submission of additional required application materials.", "level": "preparation", "degree": "Pre-Master", "tuition_fee": {"value": 24641, "unit": "year", "currency": "EUR"}, "fulltime_duration": {"value": 4, "unit": "month"}, "density": {"parttime": false, "fulltime": true}, "methods": {"face2face": true, "online": false, "blended": false}, "organisation_id": 12270, "organisation": "INTO George Mason University", "venues": [{"city": "Fairfax", "country": "United States", "area": "Virginia", "display_area": true}], "discipline_title": "Health Informatics", "discipline_id": 283}, {"id": 149653, "title": "International Year One - Health Sciences", "summary": "International Year One - Health Sciences at James Madison University International Study Center is a fast-track pathway to second year placement into a James Madison University bachelor's degree.", "level": "preparation", "degree": "Pre-Bachelor", "tuition_fee": {"value": 21858, "unit": "year", "currency": "EUR"}, "fulltime_duration": {"value": 12, "unit": "month"}, "density": {"parttime": false, "fulltime": true}, "methods": {"face2face": true, "online": false, "blended": false}, "organisation_id": 12659, "organisation": "James Madison University", "venues": [{"city": "Harrisonburg", "country": "United States", "area": "Virginia", "display_area": true}], "discipline_title": "Health Informatics", "discipline_id": 283}]