[{"id": 293199, "title": "Applied Informatics", "summary": "This Applied Informatics programme at the University of Hradec Kr\u00e1lov\u00e9 focuses on research topics such as information system design methodologies, advanced techniques in information and knowledge processing, and ambient intelligence.", "level": "phd", "degree": "Ph.D.", "tuition_fee": {"value": 4000, "unit": "year", "currency": "EUR"}, "fulltime_duration": {"value": 48, "unit": "month"}, "density": {"parttime": false, "fulltime": true}, "methods": {"face2face": true, "online": false, "blended": false}, "organisation_id": 1231, "organisation": "University of Hradec Kr\u00e1lov\u00e9", "venues": [{"city": "Hradec Kr\u00e1lov\u00e9", "country": "Czech Republic", "area": "Kr\u00e1lov\u00e9hradeck\u00fd Kraj", "display_area": false}], "discipline_title": "Informatics & Information Sciences", "discipline_id": 108}, {"id": 43378, "title": "Information Management", "summary": "The Doctoral Program in Information Management from&nbsp;NOVA IMS aims to promote knowledge and innovation in Information Management, particularly in the research of its impact on wealth creation, improving the performance of organizations and the development of new methodologies and decision making tools.", "level": "phd", "degree": "Doctorate", "tuition_fee": {"value": 3000, "unit": "year", "currency": "EUR"}, "fulltime_duration": {"value": 36, "unit": "month"}, "density": {"parttime": false, "fulltime": true}, "methods": {"face2face": true, "online": false, "blended": false}, "organisation_id": 10447, "organisation": "NOVA IMS", "venues": [{"city": "Lisbon", "country": "Portugal", "area": "Lisbon", "display_area": false}], "discipline_title": "Informatics & Information Sciences", "discipline_id": 108}, {"id": 276498, "title": "Computer Science", "summary": "With the PhD in Computer Science program at&nbsp;Pace University, students will be prepared to make original and innovative contributions to a field of study through research efforts.", "level": "phd", "degree": "Ph.D.", "tuition_fee": {"value": 1155, "unit": "credit", "currency": "EUR"}, "fulltime_duration": {"value": 36, "unit": "month"}, "density": {"parttime": false, "fulltime": true}, "methods": {"face2face": true, "online": false, "blended": false}, "organisation_id": 12502, "organisation": "Pace University", "venues": [{"city": "Pleasantville", "country": "United States", "area": "New York", "display_area": true}], "discipline_title": "Informatics & Information Sciences", "discipline_id": 108}, {"id": 64394, "title": "Network Science", "summary": "The PhD program in Network Science at Central European University (CEU)&nbsp;is a research-oriented program that provides the only PhD degree in this field in Europe.&nbsp;It offers advanced training in theoretical and computational methods, challenging&nbsp;coursework on the basic concepts and theories of large-scale networks, and&nbsp;hands-on experience in taming massive datasets.", "level": "phd", "degree": "Ph.D.", "fulltime_duration": {"value": 36, "unit": "month"}, "density": {"parttime": false, "fulltime": true}, "methods": {"face2face": true, "online": false, "blended": false}, "organisation_id": 79, "organisation": "Central European University (CEU)", "venues": [{"city": "Vienna", "country": "Austria", "area": "Vienna", "display_area": false}], "discipline_title": "Informatics & Information Sciences", "discipline_id": 108}, {"id": 15295, "title": "Applied Informatics", "summary": "The doctoral study field Applied Informatics at University of Economics, Prague&nbsp;focuses on education of&nbsp;theoretically and practically well-prepared professionals with global&nbsp;overview of individual subfields of&nbsp;informatics.", "level": "phd", "degree": "Ph.D.", "tuition_fee": {"value": 5000, "unit": "year", "currency": "EUR"}, "fulltime_duration": {"value": 48, "unit": "month"}, "density": {"parttime": false, "fulltime": true}, "methods": {"face2face": true, "online": false, "blended": false}, "organisation_id": 382, "organisation": "University of Economics, Prague", "venues": [{"city": "Prague", "country": "Czech Republic", "area": "Hlavn\u00ed Mesto Praha", "display_area": false}], "discipline_title": "Informatics & Information Sciences", "discipline_id": 108}, {"id": 51905, "title": "Informatics", "summary": "The aim of doctoral studies in Informatics at&nbsp;Kaunas University of Technology is to educate scientists capable to develop and creatively apply the methods of information technology for creation and analysis of the mathematical models of real world objects and systems aiming to find solutions to important scientific and practical problems.", "level": "phd", "degree": "Ph.D.", "fulltime_duration": {"value": 48, "unit": "month"}, "density": {"parttime": false, "fulltime": true}, "methods": {"face2face": true, "online": false, "blended": false}, "organisation_id": 349, "organisation": "Kaunas University of Technology", "venues": [{"city": "Kaunas", "country": "Lithuania", "area": "Kauno Apskritis", "display_area": false}], "discipline_title": "Informatics & Information Sciences", "discipline_id": 108}, {"id": 281325, "title": "Information Systems and Computer Engineering", "summary": "The PhD in Information Systems and Computer Engineering is included in the 3rd cycle of Higher Education, according to the Bologna Agreement. The Information Systems and Computer Engineering programme complements the basic training of the 1st and 2nd cycles (Bachelor's and Master's) in Computer Science and Engineering at Instituto Superior T\u00e9cnico.&nbsp;", "level": "phd", "degree": "Ph.D.", "tuition_fee": {"value": 2750, "unit": "year", "currency": "EUR"}, "fulltime_duration": {"value": 36, "unit": "month"}, "density": {"parttime": false, "fulltime": true}, "methods": {"face2face": true, "online": false, "blended": false}, "organisation_id": 10407, "organisation": "Instituto Superior T\u00e9cnico", "venues": [{"city": "Lisbon", "country": "Portugal", "area": "Lisbon", "display_area": false}], "discipline_title": "Informatics & Information Sciences", "discipline_id": 108}, {"id": 293231, "title": "Systems Engineering and Informatics", "summary": "This Systems Engineering and Informatics programme at the University of Hradec Kr\u00e1lov\u00e9 focuses on research topics such as information systems design methodologies, advanced techniques in information and knowledge processing, and ambient intelligence.", "level": "phd", "degree": "Ph.D.", "tuition_fee": {"value": 4000, "unit": "year", "currency": "EUR"}, "fulltime_duration": {"value": 48, "unit": "month"}, "density": {"parttime": false, "fulltime": true}, "methods": {"face2face": true, "online": false, "blended": false}, "organisation_id": 1231, "organisation": "University of Hradec Kr\u00e1lov\u00e9", "venues": [{"city": "Hradec Kr\u00e1lov\u00e9", "country": "Czech Republic", "area": "Kr\u00e1lov\u00e9hradeck\u00fd Kraj", "display_area": false}], "discipline_title": "Informatics & Information Sciences", "discipline_id": 108}, {"id": 284545, "title": "Computer Science - Information Management Concentration", "summary": "&nbsp;The program is the first in Texas to combine the application of computer science practice and theory with entrepreneurial and commercialization skills.&nbsp;", "level": "phd", "degree": "Ph.D.", "tuition_fee": {"value": 14270, "unit": "year", "currency": "EUR"}, "fulltime_duration": {"value": 24, "unit": "month"}, "density": {"parttime": false, "fulltime": true}, "methods": {"face2face": true, "online": false, "blended": false}, "organisation_id": 14186, "organisation": "Texas State University", "venues": [{"city": "San Marcos", "country": "United States", "area": "Texas", "display_area": true}], "discipline_title": "Informatics & Information Sciences", "discipline_id": 108}, {"id": 51853, "title": "Informatics Engineering", "summary": "This&nbsp;Informatics Engineering programme at Kaunas University of Technology of doctoral studies prepares future scientific leaders in the scientific field of Informatics Engineering.", "level": "phd", "degree": "Ph.D.", "fulltime_duration": {"value": 48, "unit": "month"}, "density": {"parttime": false, "fulltime": true}, "methods": {"face2face": true, "online": false, "blended": false}, "organisation_id": 349, "organisation": "Kaunas University of Technology", "venues": [{"city": "Kaunas", "country": "Lithuania", "area": "Kauno Apskritis", "display_area": false}], "discipline_title": "Informatics & Information Sciences", "discipline_id": 108}, {"id": 138461, "title": "Computer Science and Engineering", "summary": "The PhD in Computer Science and Engineering from&nbsp;University at Buffalo, The State University of New York School of Engineering and Applied Sciences is your passport to a career in academia or industrial research.&nbsp;", "level": "phd", "degree": "Ph.D.", "tuition_fee": {"value": 21350, "unit": "year", "currency": "EUR"}, "fulltime_duration": {"value": 60, "unit": "month"}, "density": {"parttime": false, "fulltime": true}, "methods": {"face2face": true, "online": false, "blended": false}, "organisation_id": 14726, "organisation": "University at Buffalo SUNY - School of Engineering and Applied Sciences", "venues": [{"city": "Buffalo", "country": "United States", "area": "New York", "display_area": true}], "discipline_title": "Informatics & Information Sciences", "discipline_id": 108}, {"id": 252838, "title": "Library and Information Management (Postgraduate Research)", "summary": "PhDs in this Library and Information Management (Postgraduate Research) area from&nbsp;University of Wolverhampton&nbsp;will be supervised by the Statistical Cybermetrics Research Group, a team of recognised experts in scientometrics, webometrics, and altmetrics.", "level": "phd", "degree": "Ph.D.", "tuition_fee": {"value": 4986, "unit": "year", "currency": "EUR"}, "fulltime_duration": {"value": 48, "unit": "month"}, "parttime_duration": {"value": 96, "unit": "month"}, "density": {"parttime": true, "fulltime": true}, "methods": {"face2face": true, "online": false, "blended": false}, "organisation_id": 1180, "organisation": "University of Wolverhampton", "venues": [{"city": "Wolverhampton", "country": "United Kingdom", "area": "England", "display_area": true}], "discipline_title": "Informatics & Information Sciences", "discipline_id": 108}, {"id": 138541, "title": "Computational and Data-Enabled Sciences", "summary": "The integration of large computing and big data is essential to tackle the research problems in fields ranging from multi-scale modeling and design of materials to natural disasters, smart electric grids, and medical technologies. The&nbsp;Computational and Data-Enabled Sciences programme is offered by&nbsp;University at Buffalo, The State University of New York School of Engineering and Applied Sciences.", "level": "phd", "degree": "Ph.D.", "tuition_fee": {"value": 21350, "unit": "year", "currency": "EUR"}, "fulltime_duration": {"value": 48, "unit": "month"}, "density": {"parttime": false, "fulltime": true}, "methods": {"face2face": true, "online": false, "blended": false}, "organisation_id": 14726, "organisation": "University at Buffalo SUNY - School of Engineering and Applied Sciences", "venues": [{"city": "Buffalo", "country": "United States", "area": "New York", "display_area": true}], "discipline_title": "Informatics & Information Sciences", "discipline_id": 108}, {"id": 265227, "title": "Management Information Systems", "summary": "The department of Management Information Systems in the faculty of Engineering and Natural Sciences at Kadir Has University is now offering Turkey\u2019s second PhD program in Management Information Systems. The program is the first of its kind that is offered by an engineering college &nbsp;rather than a business one.", "level": "phd", "degree": "Ph.D.", "tuition_fee": {"value": 5545, "unit": "year", "currency": "EUR"}, "fulltime_duration": {"value": 24, "unit": "month"}, "density": {"parttime": false, "fulltime": true}, "methods": {"face2face": true, "online": false, "blended": false}, "organisation_id": 1835, "organisation": "Kadir Has University", "venues": [{"city": "Istanbul", "country": "Turkey", "area": "Istanbul", "display_area": false}], "discipline_title": "Informatics & Information Sciences", "discipline_id": 108}, {"id": 294815, "title": "Enhancing Children Feeding Practices through Immersive/Interactive Technologies in Peru", "summary": "Cardiff School of Computer Science &amp; Informatics is currently offering a funded 3 year PhD scholarship, starting in October 2020.&nbsp;This PhD project aims to design and create innovative approaches, strategies and interventions (technological-based or not) that can support and help enhance complementary feeding practices in infants and children in Peru.&nbsp;", "level": "phd", "degree": "Ph. D.", "density": {"parttime": false, "fulltime": true}, "methods": {"face2face": true, "online": false, "blended": false}, "organisation_id": 148, "organisation": "Cardiff University", "venues": [{"city": "Cardiff", "country": "United Kingdom", "area": "Wales", "display_area": true}], "discipline_title": "Informatics & Information Sciences", "discipline_id": 108}, {"id": 16565, "title": "Information Technology, Mathematics and Physics", "summary": "The PhD programme in Information Technology, Mathematics and Physics from the University of Stavanger is made up of the following areas: Cybernetics and signal processing, Computer science, Mathematics, Physics.", "level": "phd", "degree": "Ph.D.", "density": {"parttime": false, "fulltime": true}, "methods": {"face2face": true, "online": false, "blended": false}, "organisation_id": 745, "organisation": "University of Stavanger", "venues": [{"city": "Stavanger", "country": "Norway", "area": "Rogaland", "display_area": false}], "discipline_title": "Informatics & Information Sciences", "discipline_id": 108}, {"id": 80945, "title": "Information and Communication Technology", "summary": "As a student in the Information and Communication Technology program at the Swinburne University of Technology, you will undertake supervised research with the aim of making a significant and original contribution to a discipline or profession.&nbsp;", "level": "phd", "degree": "Ph.D.", "tuition_fee": {"value": 22739, "unit": "year", "currency": "EUR"}, "fulltime_duration": {"value": 48, "unit": "month"}, "density": {"parttime": true, "fulltime": true}, "methods": {"face2face": true, "online": false, "blended": false}, "organisation_id": 11999, "organisation": "Swinburne University of Technology", "venues": [{"city": "Melbourne", "country": "Australia", "area": "Victoria", "display_area": true}], "discipline_title": "Informatics & Information Sciences", "discipline_id": 108}, {"id": 281664, "title": "Technical Informatic and Telecommunication", "summary": "The Technical Informatic and Telecommunication programme from Silesian University of Technology aims to promote and implement research areas defined in the University development strategy.&nbsp;", "level": "phd", "degree": "Ph.D.", "fulltime_duration": {"value": 48, "unit": "month"}, "density": {"parttime": false, "fulltime": true}, "methods": {"face2face": true, "online": false, "blended": false}, "organisation_id": 1674, "organisation": "Silesian University of Technology", "venues": [{"city": "Gliwice", "country": "Poland", "area": "Silesian Voivodeship", "display_area": false}], "discipline_title": "Informatics & Information Sciences", "discipline_id": 108}, {"id": 256948, "title": "Informatics - ICSA - Computer Architecture, Compilation and System Software, Networks and Communication", "summary": "The&nbsp;Informatics - ICSA - Computer Architecture, Compilation and System Software, Networks and Communication programme offered by&nbsp;The University of Edinburgh&nbsp;will provide you with academic resources and industry links that are among the best in the world.", "level": "phd", "degree": "Ph.D.", "tuition_fee": {"value": 26587, "unit": "year", "currency": "EUR"}, "fulltime_duration": {"value": 36, "unit": "month"}, "parttime_duration": {"value": 72, "unit": "month"}, "density": {"parttime": true, "fulltime": true}, "methods": {"face2face": true, "online": false, "blended": false}, "organisation_id": 43, "organisation": "The University of Edinburgh", "venues": [{"city": "Edinburgh", "country": "United Kingdom", "area": "Scotland", "display_area": true}], "discipline_title": "Informatics & Information Sciences", "discipline_id": 108}, {"id": 16428, "title": "Information Systems", "summary": "Information systems and services are an essential part of our everyday life, whether personal, social, or professional. They are also an invaluable tool for businesses by supporting their day-to-day processes, gathering business intelligence, and making strategic decisions, thus ultimately fostering digital innovation.&nbsp;", "level": "phd", "degree": "Ph.D.", "tuition_fee": {"value": 880, "unit": "year", "currency": "EUR"}, "fulltime_duration": {"value": 60, "unit": "month"}, "density": {"parttime": false, "fulltime": true}, "methods": {"face2face": true, "online": false, "blended": false}, "organisation_id": 525, "organisation": "University of Geneva", "venues": [{"city": "Gen\u00e8ve", "country": "Switzerland", "area": "Gen\u00e8ve", "display_area": false}], "discipline_title": "Informatics & Information Sciences", "discipline_id": 108}, {"id": 157089, "title": "Information Engineering", "summary": "The Ph.D. Information Engineering programme at&nbsp;University of Padova&nbsp;is a 3 years program with the purpose of preparing highly qualified experts in the area of Information Engineering, and more precisely in the areas of Electronics, System Theory and Automation, Telecommunications, Computer Engineering, Bioengineering, Physics and Operation Research applied to Information Engineering.", "level": "phd", "degree": "Ph.D.", "tuition_fee": {"value": 374, "unit": "year", "currency": "EUR"}, "fulltime_duration": {"value": 36, "unit": "month"}, "density": {"parttime": false, "fulltime": true}, "methods": {"face2face": true, "online": false, "blended": false}, "organisation_id": 518, "organisation": "University of Padua", "venues": [{"city": "Padova", "country": "Italy", "area": "Veneto", "display_area": false}], "discipline_title": "Informatics & Information Sciences", "discipline_id": 108}, {"id": 232815, "title": "Computer Science", "summary": "The Faculty of Science prides itself in its vibrant, dynamic and diverse scientific community of scholars who are passionate about enhancing the learning experience of students, enhancing the research profile of the Faculty and enhancing the academic, social and economic impact of the Faculty\u2019s teaching and research programmes.", "level": "phd", "degree": "Ph.D.", "tuition_fee": {"value": 1156, "unit": "year", "currency": "EUR"}, "fulltime_duration": {"value": 24, "unit": "month"}, "density": {"parttime": false, "fulltime": true}, "methods": {"face2face": true, "online": false, "blended": false}, "organisation_id": 13368, "organisation": "University of Johannesburg", "venues": [{"city": "Johannesburg", "country": "South Africa", "area": "Gauteng", "display_area": false}], "discipline_title": "Informatics & Information Sciences", "discipline_id": 108}, {"id": 73392, "title": "Health Sciences Informatics", "summary": "The PhD program offers the opportunity to participate in ground breaking research projects in clinical informatics at one of the world\u2019s finest medical schools.", "level": "phd", "degree": "Ph.D.", "tuition_fee": {"value": 49354, "unit": "year", "currency": "EUR"}, "fulltime_duration": {"value": 36, "unit": "month"}, "density": {"parttime": false, "fulltime": true}, "methods": {"face2face": true, "online": false, "blended": false}, "organisation_id": 11736, "organisation": "Johns Hopkins University", "venues": [{"city": "Baltimore", "country": "United States", "area": "Maryland", "display_area": true}], "discipline_title": "Informatics & Information Sciences", "discipline_id": 108}, {"id": 294813, "title": "Addressing Inequalities in Women\u2019s Access to and Experience of Care during Pregnancy through Technology", "summary": "Cardiff School of Computer Science &amp; Informatics is currently offering a funded 3 year PhD scholarship. The project is informed by theoretical frameworks for health interventions and a narrative review conducted by the supervisors on pregnant women\u2019s use of technologies.", "level": "phd", "degree": "Ph. D.", "density": {"parttime": false, "fulltime": true}, "methods": {"face2face": true, "online": false, "blended": false}, "organisation_id": 148, "organisation": "Cardiff University", "venues": [{"city": "Cardiff", "country": "United Kingdom", "area": "Wales", "display_area": true}], "discipline_title": "Informatics & Information Sciences", "discipline_id": 108}, {"id": 256956, "title": "Informatics - LFCS - Theory and Foundations of Computer Science, Databases, Software and Systems Modelling", "summary": "The&nbsp;Informatics - LFCS - Theory and Foundations of Computer Science, Databases, Software and Systems Modelling programme offered by&nbsp;The University of Edinburgh&nbsp;continues to lead the way in the development of mathematical models, theories and tools that probe the possibilities of computation and communication.", "level": "phd", "degree": "Ph.D.", "tuition_fee": {"value": 26587, "unit": "year", "currency": "EUR"}, "fulltime_duration": {"value": 36, "unit": "month"}, "parttime_duration": {"value": 72, "unit": "month"}, "density": {"parttime": true, "fulltime": true}, "methods": {"face2face": true, "online": false, "blended": false}, "organisation_id": 43, "organisation": "The University of Edinburgh", "venues": [{"city": "Edinburgh", "country": "United Kingdom", "area": "Scotland", "display_area": true}], "discipline_title": "Informatics & Information Sciences", "discipline_id": 108}, {"id": 26524, "title": "Information Technology", "summary": "The PhD course in Information Technology is hosted at the Dipartimento di Elettronica, Informazione e Bioingegneria (DEIB) and is part of the Polimi PhD School. The Information Technology programme is offered at\u00a0Politecnico Di Milano.", "level": "phd", "degree": "Ph.D.", "tuition_fee": {"value": 0, "unit": "year", "currency": "EUR"}, "fulltime_duration": {"value": 36, "unit": "month"}, "density": {"parttime": false, "fulltime": true}, "methods": {"face2face": true, "online": false, "blended": false}, "organisation_id": 601, "organisation": "Politecnico Di Milano", "venues": [{"city": "Milano", "country": "Italy", "area": "Lombardy", "display_area": false}], "discipline_title": "Informatics & Information Sciences", "discipline_id": 108}, {"id": 294359, "title": "KESS2 PhD: Predictive Maintenance for Large Vehicles Fleets using Edge Computing Techniques", "summary": "This PhD project focuses on developing a novel distributed predictive analytics technique that can efficiently be used in edge computing scenarios.&nbsp;", "level": "phd", "degree": "Ph. D.", "density": {"parttime": false, "fulltime": true}, "methods": {"face2face": true, "online": false, "blended": false}, "organisation_id": 148, "organisation": "Cardiff University", "venues": [{"city": "Cardiff", "country": "United Kingdom", "area": "Wales", "display_area": true}], "discipline_title": "Informatics & Information Sciences", "discipline_id": 108}, {"id": 294332, "title": "PhD in Computer Science and Informatics - Adaptive Service Composition Techniques and Algorithms for Internet of Things (Self-Fu", "summary": "Service composition is a collection of services where, many smaller services are combined together to a larger service. Service composition is the problem of aggregating services in such a way that given (functional and not functional) requirements are satisfied.", "level": "phd", "degree": "Ph.D.", "density": {"parttime": false, "fulltime": true}, "methods": {"face2face": true, "online": false, "blended": false}, "organisation_id": 148, "organisation": "Cardiff University", "venues": [{"city": "Cardiff", "country": "United Kingdom", "area": "Wales", "display_area": true}], "discipline_title": "Informatics & Information Sciences", "discipline_id": 108}, {"id": 47566, "title": "Computer and Information Sciences", "summary": "In the&nbsp;Computer and Information Sciences programme at the&nbsp;University of Strathclyde, you can study an MPhil over the course of one year or a PhD over the course of three years here in Scotland.", "level": "phd", "degree": "Ph. D.", "tuition_fee": {"value": 4895, "unit": "year", "currency": "EUR"}, "fulltime_duration": {"value": 36, "unit": "month"}, "density": {"parttime": true, "fulltime": true}, "methods": {"face2face": true, "online": false, "blended": false}, "organisation_id": 249, "organisation": "University of Strathclyde", "venues": [{"city": "Glasgow", "country": "United Kingdom", "area": "Scotland", "display_area": true}], "discipline_title": "Informatics & Information Sciences", "discipline_id": 108}, {"id": 294338, "title": "PhD in Computer Science and Informatics - Personal Data Store, Smart Cities Data Marketplaces, and Sensing as a Service for Inte", "summary": "The potential PhD student may take this project towards either systems or data science. A potential systems project will explore how to develop novel infrastructure components to support personal data stores and data marketplaces. A potential data science project may look at novel data discovery techniques, data wrangling techniques, data analytics and so on.", "level": "phd", "degree": "Ph. D.", "density": {"parttime": false, "fulltime": true}, "methods": {"face2face": true, "online": false, "blended": false}, "organisation_id": 148, "organisation": "Cardiff University", "venues": [{"city": "Cardiff", "country": "United Kingdom", "area": "Wales", "display_area": true}], "discipline_title": "Informatics & Information Sciences", "discipline_id": 108}, {"id": 27816, "title": "Computer Science, Integrated", "summary": "Computer Science, Integrated PhD at&nbsp; Newcastle University combines taught computer science modules with research. It gives you an opportunity to make a unique contribution to computer science research. You will work within a research group, guided by experts and supported by a team of advisers.", "level": "phd", "degree": "Ph.D.", "tuition_fee": {"value": 4921, "unit": "year", "currency": "EUR"}, "fulltime_duration": {"value": 48, "unit": "month"}, "parttime_duration": {"value": 96, "unit": "month"}, "density": {"parttime": true, "fulltime": true}, "methods": {"face2face": true, "online": false, "blended": false}, "organisation_id": 179, "organisation": "Newcastle University", "venues": [{"city": "Newcastle upon Tyne", "country": "United Kingdom", "area": "England", "display_area": true}], "discipline_title": "Informatics & Information Sciences", "discipline_id": 108}, {"id": 293118, "title": "Business and IT", "summary": "Part of 4TU Stan Ackermans Institute, the Professional Doctorate in Engineering in Business and IT (PDEng BIT) from University of Twente (UT)&nbsp;aims to raise the level of competence of professionals in IT to deal with the opportunities and challenges that IT-based innovations pose.&nbsp;", "level": "phd", "degree": "Ph. D.", "fulltime_duration": {"value": 24, "unit": "month"}, "density": {"parttime": false, "fulltime": true}, "methods": {"face2face": true, "online": false, "blended": false}, "organisation_id": 16, "organisation": "University of Twente (UT)", "venues": [{"city": "Enschede", "country": "Netherlands", "area": "Overijssel", "display_area": false}], "discipline_title": "Informatics & Information Sciences", "discipline_id": 108}, {"id": 290738, "title": "Information Systems", "summary": "Liberty University 100% online Doctor of Business Administration (DBA) in Information Systems degree program will prepare you to excel in business through both academic research and practical training.&nbsp;", "level": "phd", "degree": "D.B.A.", "tuition_fee": {"value": 601, "unit": "credit", "currency": "EUR"}, "parttime_duration": {"value": 36, "unit": "month"}, "density": {"parttime": true, "fulltime": false}, "methods": {"face2face": false, "online": true, "blended": false}, "organisation_id": 11403, "organisation": "Liberty University", "venues": [{"city": "Lynchburg", "country": "United States", "area": "Tennessee", "display_area": true}], "discipline_title": "Informatics & Information Sciences", "discipline_id": 108}, {"id": 31735, "title": "Data privacy and Cybersecurity", "summary": "Focus your studies on data privacy and cybersecurity through our Computer Science and Informatics research programmes (MPhil, PhD).", "level": "phd", "degree": "Ph.D.", "fulltime_duration": {"value": 12, "unit": "month"}, "parttime_duration": {"value": 60, "unit": "month"}, "density": {"parttime": true, "fulltime": true}, "methods": {"face2face": true, "online": false, "blended": false}, "organisation_id": 148, "organisation": "Cardiff University", "venues": [{"city": "Cardiff", "country": "United Kingdom", "area": "Wales", "display_area": true}], "discipline_title": "Informatics & Information Sciences", "discipline_id": 108}, {"id": 65674, "title": "Operations and Information Systems", "summary": "Students in the Operations and Information Systems (OIS) major train to become scholars in Operations Management (OM) and Management Information Systems (MIS).&nbsp; All students receive training in the fundamentals of both OM and MIS and in-depth training in at least one of these two disciplines.&nbsp;&nbsp;", "level": "phd", "degree": "Ph.D.", "tuition_fee": {"value": 6068, "unit": "year", "currency": "EUR"}, "fulltime_duration": {"value": 48, "unit": "month"}, "density": {"parttime": false, "fulltime": true}, "methods": {"face2face": true, "online": false, "blended": false}, "organisation_id": 12117, "organisation": "University of Alberta", "venues": [{"city": "Camrose", "country": "Canada", "area": "Alberta", "display_area": false}], "discipline_title": "Informatics & Information Sciences", "discipline_id": 108}, {"id": 56389, "title": "Information Systems and Technology", "summary": "The Information Systems and Technologies doctoral program offered at the University of Minho aims at training students to autonomously undertake research activities in the IST field.&nbsp;", "level": "phd", "degree": "Ph.D.", "tuition_fee": {"value": 2750, "unit": "year", "currency": "EUR"}, "fulltime_duration": {"value": 48, "unit": "month"}, "density": {"parttime": false, "fulltime": true}, "methods": {"face2face": false, "online": false, "blended": true}, "organisation_id": 330, "organisation": "University of Minho", "venues": [{"city": "Guimar\u00e3es", "country": "Portugal", "area": "Braga", "display_area": false}], "discipline_title": "Informatics & Information Sciences", "discipline_id": 108}, {"id": 233081, "title": "Computer and Information Science", "summary": "This study programme is designed to be very attractive and inviting for young people, especially students who envisage pursuing research and scientific work in computer science and information technology.&nbsp;", "level": "phd", "degree": "Doctorate", "tuition_fee": {"value": 4000, "unit": "year", "currency": "EUR"}, "fulltime_duration": {"value": 36, "unit": "month"}, "density": {"parttime": false, "fulltime": true}, "methods": {"face2face": true, "online": false, "blended": false}, "organisation_id": 29, "organisation": "University of Ljubljana", "venues": [{"city": "Ljubljana", "country": "Slovenia", "area": "Ljubljana", "display_area": false}], "discipline_title": "Informatics & Information Sciences", "discipline_id": 108}, {"id": 275783, "title": "Informatics and Computing - Ecological and Environmental Informatics", "summary": "The Ph.D. program in Informatics and Computing - Ecological and Environmental Informatics at Northern Arizona University prepares graduates for meaningful and fulfilling careers in the application of informatics and computing to critical areas of national need.&nbsp;", "level": "phd", "degree": "Ph.D.", "tuition_fee": {"value": 22629, "unit": "year", "currency": "EUR"}, "density": {"parttime": false, "fulltime": true}, "methods": {"face2face": true, "online": false, "blended": false}, "organisation_id": 11345, "organisation": "Northern Arizona University", "venues": [{"city": "Flagstaff", "country": "United States", "area": "Arizona", "display_area": true}], "discipline_title": "Informatics & Information Sciences", "discipline_id": 108}, {"id": 72686, "title": "Nanoscience and Nanotechnology /EPSRC CDT MRes", "summary": "The PhD programme is based on courses, practicals and projects in Year 1 before selection of an interdisciplinary PhD topic for research in Years 2-4 in a Nano group within Physics, Chemistry, Engineering, Materials or another department.&nbsp;", "level": "phd", "degree": "Ph.D.", "tuition_fee": {"value": 9432, "unit": "year", "currency": "EUR"}, "fulltime_duration": {"value": 48, "unit": "month"}, "density": {"parttime": false, "fulltime": true}, "methods": {"face2face": true, "online": false, "blended": false}, "organisation_id": 34, "organisation": "University of Cambridge", "venues": [{"city": "Cambridge", "country": "United Kingdom", "area": "England", "display_area": true}], "discipline_title": "Informatics & Information Sciences", "discipline_id": 108}, {"id": 217440, "title": "Network and Information Technologies", "summary": "The research lines and groups associated with the&nbsp;Network and Information Technologies programme at the Universitat Oberta de Catalunya (UOC) are organized around network and information technologies", "level": "phd", "degree": "Doctorate", "fulltime_duration": {"value": 36, "unit": "month"}, "parttime_duration": {"value": 60, "unit": "month"}, "density": {"parttime": true, "fulltime": true}, "methods": {"face2face": true, "online": true, "blended": false}, "organisation_id": 1358, "organisation": "Universitat Oberta de Catalunya (UOC)", "venues": [{"city": "Barcelona", "country": "Spain", "area": "Catalonia", "display_area": false}], "discipline_title": "Informatics & Information Sciences", "discipline_id": 108}, {"id": 179464, "title": "Computer Engineering", "summary": "Computer engineering is a discipline that integrates several fields of computer science and electronics engineering required to develop computer hardware and software.", "level": "phd", "degree": "Ph.D.", "tuition_fee": {"value": 9242, "unit": "year", "currency": "EUR"}, "fulltime_duration": {"value": 48, "unit": "month"}, "density": {"parttime": false, "fulltime": true}, "methods": {"face2face": true, "online": false, "blended": false}, "organisation_id": 969, "organisation": "BAU", "venues": [{"city": "Istanbul", "country": "Turkey", "area": "Istanbul", "display_area": false}], "discipline_title": "Informatics & Information Sciences", "discipline_id": 108}, {"id": 256953, "title": "Informatics - ILCC - Language Processing, Speech Technology, Information Retrieval, Cognition", "summary": "In the&nbsp;Informatics - ILCC - Language Processing, Speech Technology, Information Retrieval, Cognition programme offered by&nbsp;The University of Edinburgh you carry out your research within a research group under the guidance of a supervisor. You will be expected to attend seminars and meetings of relevant research groups and may also attend lectures that are relevant to your research topic.&nbsp;", "level": "phd", "degree": "Ph.D.", "tuition_fee": {"value": 26587, "unit": "year", "currency": "EUR"}, "fulltime_duration": {"value": 36, "unit": "month"}, "parttime_duration": {"value": 72, "unit": "month"}, "density": {"parttime": true, "fulltime": true}, "methods": {"face2face": true, "online": false, "blended": false}, "organisation_id": 43, "organisation": "The University of Edinburgh", "venues": [{"city": "Edinburgh", "country": "United Kingdom", "area": "Scotland", "display_area": true}], "discipline_title": "Informatics & Information Sciences", "discipline_id": 108}, {"id": 19161, "title": "Computer Science and Informatics", "summary": "The 3rd-cycle study programme in Computer Science and Informatics educates professionals with in-depth theoretical knowledge for solving the most demanding problems. The focus is on individual research work with skilled mentors guiding the candidate into scientific research.&nbsp;", "level": "phd", "degree": "Ph.D.", "tuition_fee": {"value": 3950, "unit": "year", "currency": "EUR"}, "parttime_duration": {"value": 36, "unit": "month"}, "density": {"parttime": true, "fulltime": false}, "methods": {"face2face": true, "online": false, "blended": false}, "organisation_id": 417, "organisation": "University of Maribor", "venues": [{"city": "Maribor", "country": "Slovenia", "area": "Maribor", "display_area": false}], "discipline_title": "Informatics & Information Sciences", "discipline_id": 108}, {"id": 232890, "title": "Informatics", "summary": "The Faculty of Science prides itself in its vibrant, dynamic and diverse scientific community of scholars who are passionate about enhancing the learning experience of students, enhancing the research profile of the Faculty and enhancing the academic, social and economic impact of the Faculty\u2019s teaching and research programmes.", "level": "phd", "degree": "Ph. D.", "tuition_fee": {"value": 1156, "unit": "year", "currency": "EUR"}, "fulltime_duration": {"value": 24, "unit": "month"}, "density": {"parttime": false, "fulltime": true}, "methods": {"face2face": true, "online": false, "blended": false}, "organisation_id": 13368, "organisation": "University of Johannesburg", "venues": [{"city": "Johannesburg", "country": "South Africa", "area": "Gauteng", "display_area": false}], "discipline_title": "Informatics & Information Sciences", "discipline_id": 108}, {"id": 275782, "title": "Informatics and Computing - Cyber and Software Systems", "summary": "The Ph.D. program in Informatics and Computing - Cyber and Software Systems at Northern Arizona University prepares graduates for meaningful and fulfilling careers in the application of informatics and computing to critical areas of national need.&nbsp;", "level": "phd", "degree": "Ph.D.", "tuition_fee": {"value": 22629, "unit": "year", "currency": "EUR"}, "density": {"parttime": false, "fulltime": true}, "methods": {"face2face": true, "online": false, "blended": false}, "organisation_id": 11345, "organisation": "Northern Arizona University", "venues": [{"city": "Flagstaff", "country": "United States", "area": "Arizona", "display_area": true}], "discipline_title": "Informatics & Information Sciences", "discipline_id": 108}, {"id": 156670, "title": "Data Science", "summary": "Part of 4TU Stan Ackermans Institute, the PDEng Data Science programme at&nbsp;Eindhoven University of Technology (TU/e)&nbsp;&nbsp;is a joint initiative of Eindhoven University of Technology, Tilburg University, and the Data Science Centre Eindhoven. Together they founded The Jheronimus Academy of Data Science (JADS).&nbsp;", "level": "phd", "degree": "Ph. D.", "fulltime_duration": {"value": 24, "unit": "month"}, "density": {"parttime": false, "fulltime": true}, "methods": {"face2face": true, "online": false, "blended": false}, "organisation_id": 1, "organisation": "Eindhoven University of Technology (TU/e)", "venues": [{"city": "Eindhoven", "country": "Netherlands", "area": "North Brabant", "display_area": false}], "discipline_title": "Informatics & Information Sciences", "discipline_id": 108}, {"id": 73146, "title": "Operations Research", "summary": "The Ph.D. in Operations Research program is rigorous academically, demanding independent investigation and achievement and characterizes original scholarly work of the highest caliber.", "level": "phd", "degree": "Ph.D.", "tuition_fee": {"value": 27265, "unit": "year", "currency": "EUR"}, "density": {"parttime": false, "fulltime": true}, "methods": {"face2face": true, "online": false, "blended": false}, "organisation_id": 11718, "organisation": "Cornell University", "venues": [{"city": "Ithaca", "country": "United States", "area": "New York", "display_area": true}], "discipline_title": "Informatics & Information Sciences", "discipline_id": 108}, {"id": 156678, "title": "Healthcare Systems Design", "summary": "Part of 4TU Stan Ackermans Institute, it&nbsp;is the goal of the Healthcare Systems Design programme from Eindhoven University of Technology (TU/e)&nbsp;to educate the high level designers and thereby create the innovation potential at the interface between technology and the health and wellbeing area.", "level": "phd", "degree": "Ph. D.", "fulltime_duration": {"value": 24, "unit": "month"}, "density": {"parttime": false, "fulltime": true}, "methods": {"face2face": true, "online": false, "blended": false}, "organisation_id": 1, "organisation": "Eindhoven University of Technology (TU/e)", "venues": [{"city": "Eindhoven", "country": "Netherlands", "area": "North Brabant", "display_area": false}], "discipline_title": "Informatics & Information Sciences", "discipline_id": 108}, {"id": 269432, "title": "Engineering Informatics", "summary": "This Engineering Informatics from Tomas Bata University in Zl\u00edn provides students with further knowledge in mathematics and the component disciplines of engineering informatics, such as generalized information theory, multimedia data processing, modern informatics theory, bioinformatics, safety technology, etc.&nbsp;", "level": "phd", "degree": "Ph.D.", "tuition_fee": {"value": 1850, "unit": "year", "currency": "EUR"}, "fulltime_duration": {"value": 48, "unit": "month"}, "density": {"parttime": true, "fulltime": true}, "methods": {"face2face": true, "online": false, "blended": false}, "organisation_id": 534, "organisation": "Tomas Bata University in Zl\u00edn", "venues": [{"city": "Zl\u00edn", "country": "Czech Republic", "area": "Zl\u00ednsk\u00fd Kraj", "display_area": false}], "discipline_title": "Informatics & Information Sciences", "discipline_id": 108}, {"id": 269429, "title": "Automatic Control and Informatics", "summary": "This Automatic Control and Informatics from Tomas Bata University in Zl\u00edn provides students with further knowledge in mathematics and the component disciplines of engineering informatics, such as generalized information theory, multimedia data processing, modern informatics theory, bioinformatics, safety technology, etc.&nbsp;", "level": "phd", "degree": "Ph.D.", "tuition_fee": {"value": 1850, "unit": "year", "currency": "EUR"}, "fulltime_duration": {"value": 48, "unit": "month"}, "density": {"parttime": false, "fulltime": true}, "methods": {"face2face": true, "online": false, "blended": false}, "organisation_id": 534, "organisation": "Tomas Bata University in Zl\u00edn", "venues": [{"city": "Zl\u00edn", "country": "Czech Republic", "area": "Zl\u00ednsk\u00fd Kraj", "display_area": false}], "discipline_title": "Informatics & Information Sciences", "discipline_id": 108}, {"id": 294814, "title": "Robust Quantum Control of Ultracold Atoms", "summary": "The aim of this project is to investigate the robustness of these controls computationally and experimentally on an ultracold atom platform.", "level": "phd", "degree": "Ph.D.", "density": {"parttime": false, "fulltime": true}, "methods": {"face2face": true, "online": false, "blended": false}, "organisation_id": 148, "organisation": "Cardiff University", "venues": [{"city": "Cardiff", "country": "United Kingdom", "area": "Wales", "display_area": true}], "discipline_title": "Informatics & Information Sciences", "discipline_id": 108}, {"id": 74078, "title": "Information Management and Systems", "summary": "The doctoral program is a research-oriented program in which the student chooses specific fields of specialization, prepares sufficiently in the literature and the research of those fields to pass a qualifying examination, and completes original research culminating in the written dissertation.", "level": "phd", "degree": "Ph.D.", "tuition_fee": {"value": 31385, "unit": "year", "currency": "EUR"}, "fulltime_duration": {"value": 72, "unit": "month"}, "density": {"parttime": false, "fulltime": true}, "methods": {"face2face": true, "online": false, "blended": false}, "organisation_id": 11801, "organisation": "University of California, Berkeley", "venues": [{"city": "Berkeley", "country": "United States", "area": "California", "display_area": true}], "discipline_title": "Informatics & Information Sciences", "discipline_id": 108}, {"id": 294352, "title": "PhD in Computer Science and Informatics: Adaptive Service Composition Techniques and Algorithms for Internet of Things (Self-Fun", "summary": "This PhD project focused on developing novel service composition techniques for Internet of Things", "level": "phd", "degree": "Ph. D.", "density": {"parttime": false, "fulltime": true}, "methods": {"face2face": true, "online": false, "blended": false}, "organisation_id": 148, "organisation": "Cardiff University", "venues": [{"city": "Cardiff", "country": "United Kingdom", "area": "Wales", "display_area": true}], "discipline_title": "Informatics & Information Sciences", "discipline_id": 108}, {"id": 229174, "title": "Information Systems and Management", "summary": "The purpose of the study program is the education of students so that they are capable of highquality and independent scientific research in the field of organizational sciences and management, computer science and other related disciplines.&nbsp;", "level": "phd", "degree": "Ph.D.", "tuition_fee": {"value": 5000, "unit": "year", "currency": "EUR"}, "density": {"parttime": false, "fulltime": true}, "methods": {"face2face": true, "online": false, "blended": false}, "organisation_id": 943, "organisation": "University of Belgrade", "venues": [{"city": "Belgrade", "country": "Serbia", "area": "Central Serbia", "display_area": false}], "discipline_title": "Informatics & Information Sciences", "discipline_id": 108}, {"id": 82979, "title": "Informatics", "summary": "The Informatics program from the University of Zurich focuses on three fields - Information Systems, Software Systems, and Multimodal and Cognitive Systems. Application areas range from business information systems to social sciences, linguistics, natural sciences, and medicine.", "level": "phd", "degree": "Ph.D.", "tuition_fee": {"value": 284, "unit": "year", "currency": "EUR"}, "fulltime_duration": {"value": 36, "unit": "month"}, "density": {"parttime": false, "fulltime": true}, "methods": {"face2face": true, "online": false, "blended": false}, "organisation_id": 660, "organisation": "University of Zurich", "venues": [{"city": "Z\u00fcrich", "country": "Switzerland", "area": "Z\u00fcrich", "display_area": false}], "discipline_title": "Informatics & Information Sciences", "discipline_id": 108}, {"id": 17061, "title": "Bioinformatics", "summary": "Our PhD Bioinformatics research in the Department of Mathematical Sciences focuses on the analysis of large functional genomics datasets.&nbsp;", "level": "phd", "degree": "Ph.D.", "fulltime_duration": {"value": 36, "unit": "month"}, "density": {"parttime": false, "fulltime": true}, "methods": {"face2face": true, "online": false, "blended": false}, "organisation_id": 620, "organisation": "University of Essex", "venues": [{"city": "Colchester", "country": "United Kingdom", "area": "England", "display_area": true}], "discipline_title": "Informatics & Information Sciences", "discipline_id": 108}, {"id": 227100, "title": "Engineering, Information Sciences, Environmental Studies and Biomedical Engineering", "summary": "The mission of the Tohoku University is to perform education and research at the highest international levels of excellence.\u00a0", "level": "phd", "degree": "Ph.D.", "tuition_fee": {"value": 4000, "unit": "year", "currency": "EUR"}, "fulltime_duration": {"value": 36, "unit": "month"}, "density": {"parttime": false, "fulltime": true}, "methods": {"face2face": true, "online": false, "blended": false}, "organisation_id": 12396, "organisation": "Tohoku University", "venues": [{"city": "Sendai", "country": "Japan", "area": "Kagoshima", "display_area": false}], "discipline_title": "Informatics & Information Sciences", "discipline_id": 108}, {"id": 156690, "title": "Software Technology", "summary": "Part of 4TU Stan Ackermans Institute, the Software Technology&nbsp; programme from&nbsp;Eindhoven University of Technology (TU/e) offers a salaried two-year technological designer program on a doctorate level for MSc graduates with a degree in the field of Computer Science or a related field.", "level": "phd", "degree": "Ph. D.", "fulltime_duration": {"value": 24, "unit": "month"}, "density": {"parttime": false, "fulltime": true}, "methods": {"face2face": true, "online": false, "blended": false}, "organisation_id": 1, "organisation": "Eindhoven University of Technology (TU/e)", "venues": [{"city": "Eindhoven", "country": "Netherlands", "area": "North Brabant", "display_area": false}], "discipline_title": "Informatics & Information Sciences", "discipline_id": 108}, {"id": 132887, "title": "Information Society Technologies", "summary": "This Information Society Technologies programme at Tallinn University provides conditions for preparing specialists with the highest scientific qualification in ICT area.&nbsp;", "level": "phd", "degree": "Ph.D.", "tuition_fee": {"value": 0, "unit": "year", "currency": "EUR"}, "fulltime_duration": {"value": 48, "unit": "month"}, "density": {"parttime": false, "fulltime": true}, "methods": {"face2face": true, "online": false, "blended": false}, "organisation_id": 175, "organisation": "Tallinn University", "venues": [{"city": "Tallinn", "country": "Estonia", "area": "Harjumaa", "display_area": false}], "discipline_title": "Informatics & Information Sciences", "discipline_id": 108}, {"id": 275779, "title": "Informatics and Computing - Bioengineering Informatics", "summary": "The Ph.D. program in Informatics and Computing - Bioengineering Informatics at Northern Arizona University prepares graduates for meaningful and fulfilling careers in the application of informatics and computing to critical areas of national need.&nbsp;", "level": "phd", "degree": "Ph.D.", "tuition_fee": {"value": 22629, "unit": "year", "currency": "EUR"}, "density": {"parttime": false, "fulltime": true}, "methods": {"face2face": true, "online": false, "blended": false}, "organisation_id": 11345, "organisation": "Northern Arizona University", "venues": [{"city": "Flagstaff", "country": "United States", "area": "Arizona", "display_area": true}], "discipline_title": "Informatics & Information Sciences", "discipline_id": 108}, {"id": 15986, "title": "Doctoral School of Information and Communication Engineering", "summary": "The Doctoral School of Information and Communications Engineering at TU Graz prepares you to display technical and scientific excellence in an environment of global competition and practice leadership in this field. In your dissertation, you provide solutions for currently relevant problems encountered in an area of information and communications engineering.", "level": "phd", "degree": "Ph.D.", "tuition_fee": {"value": 726, "unit": "year", "currency": "EUR"}, "fulltime_duration": {"value": 36, "unit": "month"}, "density": {"parttime": false, "fulltime": true}, "methods": {"face2face": true, "online": false, "blended": false}, "organisation_id": 370, "organisation": "Graz University of Technology (TU Graz)", "venues": [{"city": "Graz", "country": "Austria", "area": "Styria", "display_area": false}], "discipline_title": "Informatics & Information Sciences", "discipline_id": 108}, {"id": 15960, "title": "Information Science and Technology", "summary": "Our PhD Program has a duration of three to five years. In the first year the student should take four courses, and spend most  time reading the literature and discussing ideas in order to write a Thesis Proposal.", "level": "phd", "degree": "Ph.D.", "fulltime_duration": {"value": 36, "unit": "month"}, "parttime_duration": {"value": 60, "unit": "month"}, "density": {"parttime": true, "fulltime": true}, "methods": {"face2face": true, "online": false, "blended": false}, "organisation_id": 599, "organisation": "University of Coimbra", "venues": [{"city": "Coimbra", "country": "Portugal", "area": "Coimbra", "display_area": false}], "discipline_title": "Informatics & Information Sciences", "discipline_id": 108}, {"id": 294319, "title": "PhD in Computer Science and Informatics Privacy and Security by Design for Internet of Things (Self-Funded Students Only)", "summary": "This project aims to develop techniques that can assess a given IoT application design and produce a report that highlights weaknesses (e.g., privacy issues) to augment the software development lifecycle (SDLC).", "level": "phd", "degree": "Ph. D.", "density": {"parttime": false, "fulltime": true}, "methods": {"face2face": true, "online": false, "blended": false}, "organisation_id": 148, "organisation": "Cardiff University", "venues": [{"city": "Cardiff", "country": "United Kingdom", "area": "Wales", "display_area": true}], "discipline_title": "Informatics & Information Sciences", "discipline_id": 108}, {"id": 72692, "title": "Sensor Technologies and Application + EPSRC CDT MRes", "summary": "This course is aimed at students with backgrounds in natural sciences, technology, mathematics or medicine and a proven interest in sensing. It is structured in two phases: a one-year MRes course followed by a three-year PhD research programme.&nbsp;", "level": "phd", "degree": "Ph.D.", "tuition_fee": {"value": 9432, "unit": "year", "currency": "EUR"}, "fulltime_duration": {"value": 48, "unit": "month"}, "density": {"parttime": false, "fulltime": true}, "methods": {"face2face": true, "online": false, "blended": false}, "organisation_id": 34, "organisation": "University of Cambridge", "venues": [{"city": "Cambridge", "country": "United Kingdom", "area": "England", "display_area": true}], "discipline_title": "Informatics & Information Sciences", "discipline_id": 108}, {"id": 290331, "title": "Engineering and Information Technology", "summary": "The PhD in Engineering and Information Technology from University of Technology Sydney&nbsp;is a university-wide degree which involves an intense period of supervised study and research, culminating in the submission of a thesis.", "level": "phd", "degree": "Ph.D.", "tuition_fee": {"value": 21414, "unit": "year", "currency": "EUR"}, "fulltime_duration": {"value": 48, "unit": "month"}, "parttime_duration": {"value": 96, "unit": "month"}, "density": {"parttime": true, "fulltime": true}, "methods": {"face2face": true, "online": false, "blended": false}, "organisation_id": 11979, "organisation": "University of Technology Sydney", "venues": [{"city": "Sydney", "country": "Australia", "area": "New South Wales", "display_area": true}], "discipline_title": "Informatics & Information Sciences", "discipline_id": 108}, {"id": 294331, "title": "PhD in Computer Science and Informatics - Internet of Things Infrastructure for Sustainable Wildlife Conservation (Self-Funded S", "summary": "This project will investigate the design and development of an end-to-end, distributed, Internet of Things (IoT) infrastructure to support sustainable wildlife conservation.", "level": "phd", "degree": "Ph. D.", "density": {"parttime": false, "fulltime": true}, "methods": {"face2face": true, "online": false, "blended": false}, "organisation_id": 148, "organisation": "Cardiff University", "venues": [{"city": "Cardiff", "country": "United Kingdom", "area": "Wales", "display_area": true}], "discipline_title": "Informatics & Information Sciences", "discipline_id": 108}, {"id": 275786, "title": "Informatics and Computing - Health and Bioinformatics", "summary": "The Ph.D. program in Informatics and Computing - Health and Bioinformatics at Northern Arizona University prepares graduates for meaningful and fulfilling careers in the application of informatics and computing to critical areas of national need.&nbsp;", "level": "phd", "degree": "Ph.D.", "tuition_fee": {"value": 22629, "unit": "year", "currency": "EUR"}, "density": {"parttime": false, "fulltime": true}, "methods": {"face2face": true, "online": false, "blended": false}, "organisation_id": 11345, "organisation": "Northern Arizona University", "venues": [{"city": "Flagstaff", "country": "United States", "area": "Arizona", "display_area": true}], "discipline_title": "Informatics & Information Sciences", "discipline_id": 108}, {"id": 227303, "title": "Organization, Information, and Learning Sciences", "summary": "The PhD in Organization, Information and Learning Sciences is a research degree. It is designed to develop the candidate\u2019s competencies to design, conduct, and report original theoretical and applied research in learning sciences, eLearning, organizational learning and development, instructional technology, and human performance technology.&nbsp;", "level": "phd", "degree": "Ph.D.", "tuition_fee": {"value": 22355, "unit": "year", "currency": "EUR"}, "fulltime_duration": {"value": 48, "unit": "month"}, "density": {"parttime": false, "fulltime": true}, "methods": {"face2face": false, "online": false, "blended": true}, "organisation_id": 12063, "organisation": "The University of New Mexico", "venues": [{"city": "Albuquerque", "country": "United States", "area": "New Mexico", "display_area": true}], "discipline_title": "Informatics & Information Sciences", "discipline_id": 108}, {"id": 21349, "title": "Text and data mining", "summary": "Focus your studies on text and data mining through our Computer Science and Informatics research programmes (MPhil, PhD).", "level": "phd", "degree": "Ph.D.", "fulltime_duration": {"value": 36, "unit": "month"}, "parttime_duration": {"value": 60, "unit": "month"}, "density": {"parttime": true, "fulltime": true}, "methods": {"face2face": true, "online": false, "blended": false}, "organisation_id": 148, "organisation": "Cardiff University", "venues": [{"city": "Cardiff", "country": "United Kingdom", "area": "Wales", "display_area": true}], "discipline_title": "Informatics & Information Sciences", "discipline_id": 108}, {"id": 80940, "title": "Information Systems", "summary": "As a student in the Information Systems program at the Swinburne University of Technology, you will undertake supervised research with the aim of making a significant and original contribution to a discipline or profession.", "level": "phd", "degree": "Ph.D.", "tuition_fee": {"value": 19218, "unit": "year", "currency": "EUR"}, "fulltime_duration": {"value": 48, "unit": "month"}, "density": {"parttime": true, "fulltime": true}, "methods": {"face2face": true, "online": false, "blended": false}, "organisation_id": 11999, "organisation": "Swinburne University of Technology", "venues": [{"city": "Melbourne", "country": "Australia", "area": "Victoria", "display_area": true}], "discipline_title": "Informatics & Information Sciences", "discipline_id": 108}, {"id": 225371, "title": "Information Systems", "summary": "Much of a professional or manager's time is devoted to solving problems of one kind or another. Most of the problems encountered are unstructured, and a growing number pertain to the use of information technology (IT).&nbsp;", "level": "phd", "degree": "Ph.D.", "tuition_fee": {"value": 4009, "unit": "year", "currency": "EUR"}, "fulltime_duration": {"value": 48, "unit": "month"}, "density": {"parttime": false, "fulltime": true}, "methods": {"face2face": true, "online": false, "blended": false}, "organisation_id": 11946, "organisation": "Yonsei University", "venues": [{"city": "Seoul", "country": "South Korea", "area": "Seoul", "display_area": false}], "discipline_title": "Informatics & Information Sciences", "discipline_id": 108}, {"id": 265115, "title": "Information and Communication Technology", "summary": "This PhD in&nbsp;Information and Communication Technology is taught at&nbsp;Tallinn University of Technology.", "level": "phd", "degree": "Ph.D.", "fulltime_duration": {"value": 48, "unit": "month"}, "density": {"parttime": false, "fulltime": true}, "methods": {"face2face": true, "online": false, "blended": false}, "organisation_id": 70, "organisation": "Tallinn University of Technology", "venues": [{"city": "Tallinn", "country": "Estonia", "area": "Harjumaa", "display_area": false}], "discipline_title": "Informatics & Information Sciences", "discipline_id": 108}, {"id": 293668, "title": "Information Studies", "summary": "UCL Information Studies is an international centre for knowledge creation and transfer in the fields of librarianship, archives and record management, publishing, information science and digital humanities and the department brings together academics and practitioners in these fields. The&nbsp;Information Studies programme is offered by&nbsp;University College London (UCL).", "level": "phd", "degree": "Ph. D.", "tuition_fee": {"value": 24415, "unit": "year", "currency": "EUR"}, "fulltime_duration": {"value": 36, "unit": "month"}, "parttime_duration": {"value": 60, "unit": "month"}, "density": {"parttime": true, "fulltime": true}, "methods": {"face2face": true, "online": false, "blended": false}, "organisation_id": 271, "organisation": "University College London (UCL)", "venues": [{"city": "London", "country": "United Kingdom", "area": "England", "display_area": true}, {"city": "London", "country": "United Kingdom", "area": "England", "display_area": true}], "discipline_title": "Informatics & Information Sciences", "discipline_id": 108}, {"id": 156676, "title": "Information and Communication Technology", "summary": "Part of 4TU Stan Ackermans Institute, the Information and Communication Technology programme at Eindhoven University of Technology (TU/e) trains designers in specifying, designing, building, testing and evaluating complex multidisciplinary systems in the domain of information and communication technology.", "level": "phd", "degree": "Ph. D.", "fulltime_duration": {"value": 24, "unit": "month"}, "density": {"parttime": false, "fulltime": true}, "methods": {"face2face": true, "online": false, "blended": false}, "organisation_id": 1, "organisation": "Eindhoven University of Technology (TU/e)", "venues": [{"city": "Eindhoven", "country": "Netherlands", "area": "North Brabant", "display_area": false}], "discipline_title": "Informatics & Information Sciences", "discipline_id": 108}, {"id": 157607, "title": "Applied Informatics and Applied Mathematics", "summary": "The Applied Informatics and Applied Mathematics programme is offered at \u00d3buda University.", "level": "phd", "degree": "Ph.D.", "fulltime_duration": {"value": 48, "unit": "month"}, "density": {"parttime": false, "fulltime": true}, "methods": {"face2face": true, "online": false, "blended": false}, "organisation_id": 1144, "organisation": "\u00d3buda University", "venues": [{"city": "Budapest", "country": "Hungary", "area": "Budapest", "display_area": false}], "discipline_title": "Informatics & Information Sciences", "discipline_id": 108}, {"id": 38743, "title": "Computer Engineering", "summary": "The Computer Engineering programme from&nbsp;Bilkent University&nbsp;has been founded with the aim of establishing a center of excellence in higher education and research.", "level": "phd", "degree": "Ph.D.", "tuition_fee": {"value": 13401, "unit": "year", "currency": "EUR"}, "fulltime_duration": {"value": 48, "unit": "month"}, "density": {"parttime": false, "fulltime": true}, "methods": {"face2face": true, "online": false, "blended": false}, "organisation_id": 55, "organisation": "Bilkent University", "venues": [{"city": "Ankara", "country": "Turkey", "area": "Ankara", "display_area": false}], "discipline_title": "Informatics & Information Sciences", "discipline_id": 108}, {"id": 268050, "title": "Doctoral Research Centre in Data Science and Artificial Intelligence", "summary": "The Doctoral Research Centre in Data Science and Artificial Intelligence at The University of Edinburgh&nbsp;is a 3 years PhD programme offered jointly by the School of Informatics and the School of Mathematics. The DRC follows on from the EPSRC CDT in Data Science.", "level": "phd", "degree": "Ph.D.", "tuition_fee": {"value": 26587, "unit": "year", "currency": "EUR"}, "fulltime_duration": {"value": 36, "unit": "month"}, "density": {"parttime": false, "fulltime": true}, "methods": {"face2face": true, "online": false, "blended": false}, "organisation_id": 43, "organisation": "The University of Edinburgh", "venues": [{"city": "Edinburgh", "country": "United Kingdom", "area": "Scotland", "display_area": true}], "discipline_title": "Informatics & Information Sciences", "discipline_id": 108}, {"id": 256938, "title": "Informatics - ANC - Machine Learning, Computational Neuroscience, Computational Biology", "summary": "The&nbsp;Informatics - ANC - Machine Learning, Computational Neuroscience, Computational Biology programme offered by&nbsp;The University of Edinburgh&nbsp;is a world-leading institute dedicated to the theoretical and empirical study of adaptive processes in both artificial and biological systems. We are one of the UK\u2019s largest and most prestigious academic teams in these fields.", "level": "phd", "degree": "Ph.D.", "tuition_fee": {"value": 26587, "unit": "year", "currency": "EUR"}, "fulltime_duration": {"value": 36, "unit": "month"}, "parttime_duration": {"value": 72, "unit": "month"}, "density": {"parttime": true, "fulltime": true}, "methods": {"face2face": true, "online": false, "blended": false}, "organisation_id": 43, "organisation": "The University of Edinburgh", "venues": [{"city": "Edinburgh", "country": "United Kingdom", "area": "Scotland", "display_area": true}], "discipline_title": "Informatics & Information Sciences", "discipline_id": 108}, {"id": 230158, "title": "Informatics", "summary": "The Doctor of Philosophy program in informatics requires a minimum of 72 s.h. of graduate credit. It is offered in four subprograms: bioinformatics and computational biology, geoinformatics, health informatics, and information science.", "level": "phd", "degree": "Ph.D.", "tuition_fee": {"value": 26550, "unit": "year", "currency": "EUR"}, "density": {"parttime": false, "fulltime": true}, "methods": {"face2face": true, "online": false, "blended": false}, "organisation_id": 12330, "organisation": "The University of Iowa", "venues": [{"city": "Iowa City", "country": "United States", "area": "Iowa", "display_area": true}], "discipline_title": "Informatics & Information Sciences", "discipline_id": 108}, {"id": 6028, "title": "Professional Doctorate in Information Security", "summary": "This programme aims to develop research-based practice amongst professionals currently working within the Information Security area.&nbsp;", "level": "phd", "degree": "Doctorate", "parttime_duration": {"value": 60, "unit": "month"}, "density": {"parttime": true, "fulltime": false}, "methods": {"face2face": true, "online": false, "blended": false}, "organisation_id": 119, "organisation": "University of East London", "venues": [{"city": "London", "country": "United Kingdom", "area": "England", "display_area": true}], "discipline_title": "Informatics & Information Sciences", "discipline_id": 108}, {"id": 156686, "title": "Process and Product Design", "summary": "Part of 4TU Stan Ackermans Institute, like a doctoral candidate, at the&nbsp;Process and Product Design programme at&nbsp;Eindhoven University of Technology (TU/e)&nbsp;you will have the status of TU/e employee if you are selected for one of these programs. The programs start with a year of advanced education, followed by a major design project of eight to twelve months in a company.", "level": "phd", "degree": "Ph. D.", "fulltime_duration": {"value": 24, "unit": "month"}, "density": {"parttime": false, "fulltime": true}, "methods": {"face2face": true, "online": false, "blended": false}, "organisation_id": 1, "organisation": "Eindhoven University of Technology (TU/e)", "venues": [{"city": "Eindhoven", "country": "Netherlands", "area": "North Brabant", "display_area": false}], "discipline_title": "Informatics & Information Sciences", "discipline_id": 108}, {"id": 15431, "title": "Programme for Environmental Informatics - PEI", "summary": "Environmental informatics is understood to be an integrated subject consisting of bio-, eco-and geoinformatics in addition to scientific computing. The Programme for Environmental Informatics - PEI is offered by&nbsp;Georg-August-Universit\u00e4t G\u00f6ttingen.", "level": "phd", "degree": "Ph.D.", "tuition_fee": {"value": 0, "unit": "year", "currency": "EUR"}, "fulltime_duration": {"value": 36, "unit": "month"}, "density": {"parttime": false, "fulltime": true}, "methods": {"face2face": true, "online": false, "blended": false}, "organisation_id": 554, "organisation": "University of G\u00f6ttingen", "venues": [{"city": "G\u00f6ttingen", "country": "Germany", "area": "Lower Saxony", "display_area": false}], "discipline_title": "Informatics & Information Sciences", "discipline_id": 108}, {"id": 23168, "title": "Informatics", "summary": "The Ph.D. Informatics&nbsp;from the Universit\u00e0 della Svizzera Italiana (USI) promotes the development of new professionals interested in academic or industrial research careers.&nbsp;", "level": "phd", "degree": "Ph.D.", "density": {"parttime": false, "fulltime": true}, "methods": {"face2face": true, "online": false, "blended": false}, "organisation_id": 195, "organisation": "Universit\u00e0 della Svizzera Italiana (USI)", "venues": [{"city": "Lugano", "country": "Switzerland", "area": "Ticino", "display_area": false}], "discipline_title": "Informatics & Information Sciences", "discipline_id": 108}, {"id": 50256, "title": "Information Technology", "summary": "Monash University has a proud tradition of research excellence, and is committed to providing the highest quality of graduate research education. By undertaking your graduate studies at Monash, you will have the opportunity to be part of our stimulating, supportive and professional research environment.", "level": "phd", "degree": "Ph.D.", "tuition_fee": {"value": 25544, "unit": "year", "currency": "EUR"}, "fulltime_duration": {"value": 48, "unit": "month"}, "parttime_duration": {"value": 96, "unit": "month"}, "density": {"parttime": true, "fulltime": true}, "methods": {"face2face": true, "online": true, "blended": false}, "organisation_id": 1618, "organisation": "Monash University", "venues": [{"city": "Caulfield North", "country": "Australia", "area": "Victoria", "display_area": true}], "discipline_title": "Informatics & Information Sciences", "discipline_id": 108}, {"id": 15220, "title": "Information and Communication Technologies", "summary": "The doctoral programme in Information and Communication Technologies covers many of the most important research topics in the information society. This is an innovative programme, unique in Catalonia and Spain in terms of its content, which aims to provide a bridge between various disciplines in this field.", "level": "phd", "degree": "Ph.D.", "tuition_fee": {"value": 401, "unit": "module", "currency": "EUR"}, "fulltime_duration": {"value": 36, "unit": "month"}, "density": {"parttime": false, "fulltime": true}, "methods": {"face2face": true, "online": false, "blended": false}, "organisation_id": 230, "organisation": "Pompeu Fabra University", "venues": [{"city": "Barcelona", "country": "Spain", "area": "Catalonia", "display_area": false}], "discipline_title": "Informatics & Information Sciences", "discipline_id": 108}, {"id": 227296, "title": "Information Studies", "summary": "The School of Information Studies (SIS) is a dynamic teaching and research unit engaged in the education of information professionals and scholars.&nbsp;The Ph.D. in Information Studies provides an opportunity for exceptional candidates to study interdisciplinary research topics at the doctoral level.", "level": "phd", "degree": "Ph.D.", "tuition_fee": {"value": 12519, "unit": "year", "currency": "EUR"}, "fulltime_duration": {"value": 36, "unit": "month"}, "density": {"parttime": false, "fulltime": true}, "methods": {"face2face": true, "online": false, "blended": false}, "organisation_id": 11742, "organisation": "McGill University", "venues": [{"city": "Qu\u00e9bec", "country": "Canada", "area": "Quebec", "display_area": false}], "discipline_title": "Informatics & Information Sciences", "discipline_id": 108}, {"id": 282246, "title": "Information and Communication Systems", "summary": "At the&nbsp;Information and Communication Systems programme from the University of Surrey, you\u2019ll benefit from our cutting-edge facilities, including a 5G, satellite and internet of things testbed, an anechoic chamber and wideband channel sounder.", "level": "phd", "degree": "Ph.D.", "tuition_fee": {"value": 4895, "unit": "year", "currency": "EUR"}, "fulltime_duration": {"value": 48, "unit": "month"}, "parttime_duration": {"value": 96, "unit": "month"}, "density": {"parttime": true, "fulltime": true}, "methods": {"face2face": true, "online": false, "blended": false}, "organisation_id": 189, "organisation": "University of Surrey", "venues": [{"city": "Guildford", "country": "United Kingdom", "area": "England", "display_area": true}], "discipline_title": "Informatics & Information Sciences", "discipline_id": 108}, {"id": 54589, "title": "Information Sciences", "summary": "The research areas of PhD in Information Sciences are Journalism and Media Studies, Marketing, Advertising and Public Relations and Information Systems, Technology and Management.", "level": "phd", "degree": "Ph.D.", "tuition_fee": {"value": 1880, "unit": "year", "currency": "EUR"}, "fulltime_duration": {"value": 36, "unit": "month"}, "density": {"parttime": false, "fulltime": true}, "methods": {"face2face": true, "online": false, "blended": false}, "organisation_id": 391, "organisation": "University Fernando Pessoa", "venues": [{"city": "Porto", "country": "Portugal", "area": "Porto", "display_area": false}], "discipline_title": "Informatics & Information Sciences", "discipline_id": 108}, {"id": 65966, "title": "Computers and Information Systems", "summary": "The focus of the PhD program in Computers and Information Systems at the University of Rochester is on business aspects of Information Technology use and management. The program emphasizes analytic and quantitative tools and techniques from economics, operations research, and decision sciences to address these issues.&nbsp;", "level": "phd", "degree": "Ph.D.", "tuition_fee": {"value": 2606, "unit": "year", "currency": "EUR"}, "fulltime_duration": {"value": 36, "unit": "month"}, "density": {"parttime": false, "fulltime": true}, "methods": {"face2face": true, "online": false, "blended": false}, "organisation_id": 11741, "organisation": "University of Rochester", "venues": [{"city": "Rochester", "country": "United States", "area": "New York", "display_area": true}], "discipline_title": "Informatics & Information Sciences", "discipline_id": 108}, {"id": 180069, "title": "Engineering Science", "summary": "The Donald W. Clayton Graduate Program in Engineering Science allows students to pursue graduate study and research in interdisciplinary areas that cross two or more disciplines in different departments or in program areas not currently associated with an existing department.", "level": "phd", "degree": "Ph.D.", "tuition_fee": {"value": 27212, "unit": "year", "currency": "EUR"}, "fulltime_duration": {"value": 48, "unit": "month"}, "density": {"parttime": false, "fulltime": true}, "methods": {"face2face": true, "online": false, "blended": false}, "organisation_id": 12003, "organisation": "Louisiana State University", "venues": [{"city": "Baton Rouge", "country": "United States", "area": "Louisiana", "display_area": true}], "discipline_title": "Informatics & Information Sciences", "discipline_id": 108}, {"id": 290301, "title": "Engineering", "summary": "This university-wide degree in&nbsp;Engineering from&nbsp;University of Technology Sydney&nbsp;involves an intense period of supervised study and research, culminating in the submission of a thesis.", "level": "phd", "degree": "Ph.D.", "tuition_fee": {"value": 23109, "unit": "year", "currency": "EUR"}, "fulltime_duration": {"value": 48, "unit": "month"}, "parttime_duration": {"value": 96, "unit": "month"}, "density": {"parttime": true, "fulltime": true}, "methods": {"face2face": true, "online": false, "blended": false}, "organisation_id": 11979, "organisation": "University of Technology Sydney", "venues": [{"city": "Sydney", "country": "Australia", "area": "New South Wales", "display_area": true}], "discipline_title": "Informatics & Information Sciences", "discipline_id": 108}, {"id": 73039, "title": "Information Science", "summary": "Information Science is an interdisciplinary program within the Faculty of Computing and Information Science. It brings together faculty, researchers and students who share an interest in studying digital information.", "level": "phd", "degree": "Ph.D.", "tuition_fee": {"value": 27265, "unit": "year", "currency": "EUR"}, "fulltime_duration": {"value": 60, "unit": "month"}, "density": {"parttime": false, "fulltime": true}, "methods": {"face2face": true, "online": false, "blended": false}, "organisation_id": 11718, "organisation": "Cornell University", "venues": [{"city": "Ithaca", "country": "United States", "area": "New York", "display_area": true}], "discipline_title": "Informatics & Information Sciences", "discipline_id": 108}, {"id": 27486, "title": "Process Automation and Informatization", "summary": "Doctoral study programme Process Automation and ICT implementation is intended for the graduates of master\u2019s study in the field of Automation or related fields, such as Cybernetics, Applied Informatics, Software Engineering, Artificial Intelligence, Compute Engineering, Information Systems, Mechatronics, Measuring Technology and others, including various combinations.\u00a0", "level": "phd", "degree": "Ph.D.", "tuition_fee": {"value": 3500, "unit": "year", "currency": "EUR"}, "fulltime_duration": {"value": 48, "unit": "month"}, "parttime_duration": {"value": 60, "unit": "month"}, "density": {"parttime": true, "fulltime": true}, "methods": {"face2face": true, "online": false, "blended": false}, "organisation_id": 1361, "organisation": "Slovak University of Technology in Bratislava", "venues": [{"city": "Bratislava", "country": "Slovakia", "area": "Bratislavsk\u00fd", "display_area": false}], "discipline_title": "Informatics & Information Sciences", "discipline_id": 108}, {"id": 55199, "title": "Doctoral Programme in Informatics Engineering", "summary": "The main objective of this Doctoral Program (ProDEI) is to promote excellence in the Applied Research in Informatics, including theoretical aspects behind the modeling and project stages of Computer based Systems.", "level": "phd", "degree": "Ph.D.", "tuition_fee": {"value": 3000, "unit": "year", "currency": "EUR"}, "fulltime_duration": {"value": 36, "unit": "month"}, "density": {"parttime": true, "fulltime": true}, "methods": {"face2face": true, "online": false, "blended": false}, "organisation_id": 486, "organisation": "University of Porto", "venues": [{"city": "Porto", "country": "Portugal", "area": "Porto", "display_area": false}], "discipline_title": "Informatics & Information Sciences", "discipline_id": 108}, {"id": 26940, "title": "Computer Engineering", "summary": "The main objective of the PhD Program in Computer Engineering from&nbsp;Yasar University&nbsp;is to provide doctoral students with the environment which will let them work independently and produce leading the scientific contributions.&nbsp;", "level": "phd", "degree": "Ph.D.", "tuition_fee": {"value": 2773, "unit": "year", "currency": "EUR"}, "fulltime_duration": {"value": 48, "unit": "month"}, "density": {"parttime": false, "fulltime": true}, "methods": {"face2face": true, "online": false, "blended": false}, "organisation_id": 1091, "organisation": "Yasar University", "venues": [{"city": "Izmir", "country": "Turkey", "area": "Izmir", "display_area": false}], "discipline_title": "Informatics & Information Sciences", "discipline_id": 108}, {"id": 294585, "title": "EPSRC DTP Studentship in Reflection Aware Visual Simultaneous Localization and Mapping (RA-vSLAM)", "summary": "We seek an outstanding, talented and ambitious PhD student to carry out high quality research in computer vision and robotics. The project will research the impact of visual reflections in simultaneous localization and mapping (SLAM).", "level": "phd", "degree": "Ph.D.", "fulltime_duration": {"value": 42, "unit": "month"}, "density": {"parttime": false, "fulltime": true}, "methods": {"face2face": true, "online": false, "blended": false}, "organisation_id": 148, "organisation": "Cardiff University", "venues": [{"city": "Cardiff", "country": "United Kingdom", "area": "Wales", "display_area": true}], "discipline_title": "Informatics & Information Sciences", "discipline_id": 108}, {"id": 233838, "title": "Library and Information Studies", "summary": "Graduates of the program will be prepared to engage in creative research, ordinarily as part of a career in university teaching or in policymaking or consulting for corporate, non-profit, or governmental institutions, and in professional leadership for information institutions.", "level": "phd", "degree": "Ph.D.", "tuition_fee": {"value": 26122, "unit": "year", "currency": "EUR"}, "fulltime_duration": {"value": 36, "unit": "month"}, "density": {"parttime": false, "fulltime": true}, "methods": {"face2face": true, "online": false, "blended": false}, "organisation_id": 12292, "organisation": "University of Oklahoma", "venues": [{"city": "Norman", "country": "United States", "area": "Oklahoma", "display_area": true}], "discipline_title": "Informatics & Information Sciences", "discipline_id": 108}, {"id": 53475, "title": "Computer Science and Informatics", "summary": "Studying for a PhD or MPhil at the Cardiff School of Computer Science and Informatics offers you the opportunity to become part of a strong, dynamic and internationally successful research school.", "level": "phd", "degree": "Ph.D.", "fulltime_duration": {"value": 36, "unit": "month"}, "parttime_duration": {"value": 60, "unit": "month"}, "density": {"parttime": true, "fulltime": true}, "methods": {"face2face": true, "online": false, "blended": false}, "organisation_id": 148, "organisation": "Cardiff University", "venues": [{"city": "Cardiff", "country": "United Kingdom", "area": "Wales", "display_area": true}], "discipline_title": "Informatics & Information Sciences", "discipline_id": 108}, {"id": 251418, "title": "Information Systems", "summary": "The Ph.D. in Information Systems offered at the Dakota State University will give you a strong command of applications and research practices, and prep you to develop and support new IT innovations.", "level": "phd", "degree": "Ph.D.", "tuition_fee": {"value": 588, "unit": "credit", "currency": "EUR"}, "fulltime_duration": {"value": 36, "unit": "month"}, "parttime_duration": {"value": 84, "unit": "month"}, "density": {"parttime": true, "fulltime": true}, "methods": {"face2face": true, "online": true, "blended": false}, "organisation_id": 16979, "organisation": "Dakota State University", "venues": [{"city": "Madison", "country": "United States", "area": "Alabama", "display_area": true}], "discipline_title": "Informatics & Information Sciences", "discipline_id": 108}, {"id": 256951, "title": "Informatics - CISA - Automated Reasoning, Agents, Data Intensive Research, Knowledge Management", "summary": "In the&nbsp;Informatics - CISA - Automated Reasoning, Agents, Data Intensive Research, Knowledge Management offered by&nbsp;The University of Edinburgh&nbsp;&nbsp;we enable computer systems to reproduce or complement human abilities, work with people, and support collaboration between humans.&nbsp;", "level": "phd", "degree": "Ph.D.", "tuition_fee": {"value": 26587, "unit": "year", "currency": "EUR"}, "fulltime_duration": {"value": 36, "unit": "month"}, "parttime_duration": {"value": 72, "unit": "month"}, "density": {"parttime": true, "fulltime": true}, "methods": {"face2face": true, "online": false, "blended": false}, "organisation_id": 43, "organisation": "The University of Edinburgh", "venues": [{"city": "Edinburgh", "country": "United Kingdom", "area": "Scotland", "display_area": true}], "discipline_title": "Informatics & Information Sciences", "discipline_id": 108}, {"id": 157665, "title": "Business Informatics", "summary": "The Doctoral School of Business Informatics at Corvinus University of Budapest is a multidisciplinary programme, its fields of training are business and management and computer sciences.", "level": "phd", "degree": "Ph.D.", "tuition_fee": {"value": 1520, "unit": "year", "currency": "EUR"}, "fulltime_duration": {"value": 24, "unit": "month"}, "density": {"parttime": false, "fulltime": true}, "methods": {"face2face": true, "online": false, "blended": false}, "organisation_id": 655, "organisation": "Corvinus University of Budapest", "venues": [{"city": "Budapest", "country": "Hungary", "area": "Budapest", "display_area": false}], "discipline_title": "Informatics & Information Sciences", "discipline_id": 108}, {"id": 70756, "title": "Computer Science", "summary": "The Computer Science programme at&nbsp;University of Lincoln&nbsp;offers the opportunity to work alongside academic staff whose research has been internationally recognised. Researchers in the School include Distinguished Professor of Image Engineering, Professor Nigel Allinson MBE, and Professor of Intelligent Robotics and Interactive Systems, Professor Marc Hanheide.&nbsp;", "level": "phd", "degree": "Ph. D.", "tuition_fee": {"value": 4986, "unit": "year", "currency": "EUR"}, "fulltime_duration": {"value": 18, "unit": "month"}, "parttime_duration": {"value": 24, "unit": "month"}, "density": {"parttime": true, "fulltime": true}, "methods": {"face2face": true, "online": false, "blended": false}, "organisation_id": 242, "organisation": "University of Lincoln", "venues": [{"city": "Lincoln", "country": "United Kingdom", "area": "England", "display_area": true}], "discipline_title": "Informatics & Information Sciences", "discipline_id": 108}, {"id": 21385, "title": "Science and Technology in Cultural Heritage", "summary": "This multi-disciplinary program promotes excellence and immerses doctoral candidates in research that lies at the crossroads between Science, Technology and the Humanities and the Social Sciences.\u00a0", "level": "phd", "degree": "Ph.D.", "tuition_fee": {"value": 7200, "unit": "year", "currency": "EUR"}, "fulltime_duration": {"value": 36, "unit": "month"}, "density": {"parttime": false, "fulltime": true}, "methods": {"face2face": true, "online": false, "blended": false}, "organisation_id": 1149, "organisation": "The Cyprus Institute", "venues": [{"city": "Nicosia", "country": "Cyprus", "area": "Nicosia", "display_area": false}], "discipline_title": "Informatics & Information Sciences", "discipline_id": 108}, {"id": 235899, "title": "Edinburgh Parallel Computing Centre (EPCC)", "summary": "The Edinburgh Parallel Computing Centre (EPCC) at The University of Edinburgh offers the opportunity to study for a PhD in areas related to high performance computing, software sustainability and data intensive computing.", "level": "phd", "degree": "Ph.D.", "tuition_fee": {"value": 26587, "unit": "year", "currency": "EUR"}, "fulltime_duration": {"value": 36, "unit": "month"}, "density": {"parttime": false, "fulltime": true}, "methods": {"face2face": true, "online": false, "blended": false}, "organisation_id": 43, "organisation": "The University of Edinburgh", "venues": [{"city": "Edinburgh", "country": "United Kingdom", "area": "Scotland", "display_area": true}], "discipline_title": "Informatics & Information Sciences", "discipline_id": 108}, {"id": 290352, "title": "Computer Systems", "summary": "The PhD in Computer Systems from&nbsp;University of Technology Sydney&nbsp;is a university-wide degree which involves an intense period of supervised study and research, culminating in the submission of a thesis.&nbsp;", "level": "phd", "degree": "Ph.D.", "tuition_fee": {"value": 21414, "unit": "year", "currency": "EUR"}, "fulltime_duration": {"value": 48, "unit": "month"}, "parttime_duration": {"value": 96, "unit": "month"}, "density": {"parttime": true, "fulltime": true}, "methods": {"face2face": true, "online": false, "blended": false}, "organisation_id": 11979, "organisation": "University of Technology Sydney", "venues": [{"city": "Sydney", "country": "Australia", "area": "New South Wales", "display_area": true}], "discipline_title": "Informatics & Information Sciences", "discipline_id": 108}, {"id": 56373, "title": "Informatics", "summary": "The PhD in Informatics offered at the University of Minho aims at promoting excellence and research in Informatics, providing quality advanced training, based on own research, which is internationally recognized.", "level": "phd", "degree": "Ph.D.", "tuition_fee": {"value": 2750, "unit": "year", "currency": "EUR"}, "fulltime_duration": {"value": 48, "unit": "month"}, "density": {"parttime": false, "fulltime": true}, "methods": {"face2face": true, "online": false, "blended": false}, "organisation_id": 330, "organisation": "University of Minho", "venues": [{"city": "Guimar\u00e3es", "country": "Portugal", "area": "Braga", "display_area": false}], "discipline_title": "Informatics & Information Sciences", "discipline_id": 108}, {"id": 250848, "title": "Information Engineering", "summary": "The aim of the PhD Information Engineering program at&nbsp;University of Pisa is the creation of skilled young researchers in the fields of ICT, Automation, Robotics, and Biomedical Engineering.&nbsp;", "level": "phd", "degree": "Ph.D.", "tuition_fee": {"value": 356, "unit": "year", "currency": "EUR"}, "fulltime_duration": {"value": 36, "unit": "month"}, "density": {"parttime": false, "fulltime": true}, "methods": {"face2face": true, "online": false, "blended": false}, "organisation_id": 501, "organisation": "University of Pisa", "venues": [{"city": "Pisa", "country": "Italy", "area": "Tuscany", "display_area": false}], "discipline_title": "Informatics & Information Sciences", "discipline_id": 108}, {"id": 275777, "title": "Informatics and Computing", "summary": "The Ph.D. program in Informatics and Computing at Northern Arizona University prepares graduates for meaningful and fulfilling careers in the application of informatics and computing to critical areas of national need.&nbsp;", "level": "phd", "degree": "Ph.D.", "tuition_fee": {"value": 22629, "unit": "year", "currency": "EUR"}, "density": {"parttime": false, "fulltime": true}, "methods": {"face2face": true, "online": false, "blended": false}, "organisation_id": 11345, "organisation": "Northern Arizona University", "venues": [{"city": "Flagstaff", "country": "United States", "area": "Arizona", "display_area": true}], "discipline_title": "Informatics & Information Sciences", "discipline_id": 108}, {"id": 280777, "title": "Information Systems", "summary": "In this Information Systems programme from Graduate School of Economics and Social Science (GESS) you will learn to support individuals in organizations with information for better or faster decisions.", "level": "phd", "degree": "Ph. D.", "tuition_fee": {"value": 0, "unit": "year", "currency": "EUR"}, "density": {"parttime": false, "fulltime": true}, "methods": {"face2face": true, "online": false, "blended": false}, "organisation_id": 57, "organisation": "University of Mannheim", "venues": [{"city": "Mannheim", "country": "Germany", "area": "Baden-W\u00fcrttemberg", "display_area": false}], "discipline_title": "Informatics & Information Sciences", "discipline_id": 108}, {"id": 206758, "title": "Management - Information Systems Management", "summary": "Whether you seek to share your expertise as an educator, a consultant, or a business leader, the ACBSP-accredited Ph.D. in Management&nbsp;- Information Systems Management program from Walden University can help you gain the skills you need to reach your professional goals.", "level": "phd", "degree": "Ph.D.", "tuition_fee": {"value": 15695, "unit": "year", "currency": "EUR"}, "parttime_duration": {"value": 58, "unit": "month"}, "density": {"parttime": true, "fulltime": false}, "methods": {"face2face": false, "online": true, "blended": false}, "organisation_id": 10396, "organisation": "Walden University", "venues": [{"city": "Minneapolis", "country": "United States", "area": "Minnesota", "display_area": true}], "discipline_title": "Informatics & Information Sciences", "discipline_id": 108}, {"id": 49213, "title": "Doctor of Information Technology (DIT)", "summary": "This Doctor of Information Technology (DIT) is an applied doctoral degree program is designed by&nbsp;Walden University to enhance your technical expertise while helping you develop the leadership skills you need to guide your organization in an increasingly competitive marketplace.", "level": "phd", "degree": "Doctorate", "tuition_fee": {"value": 15443, "unit": "year", "currency": "EUR"}, "parttime_duration": {"value": 56, "unit": "month"}, "density": {"parttime": true, "fulltime": false}, "methods": {"face2face": false, "online": true, "blended": false}, "organisation_id": 10396, "organisation": "Walden University", "venues": [{"city": "Minneapolis", "country": "United States", "area": "Minnesota", "display_area": true}], "discipline_title": "Informatics & Information Sciences", "discipline_id": 108}, {"id": 289162, "title": "Management Information Systems", "summary": "The Department of Information and Decision Sciences through the University of Illinois at Chicago Liautaud Graduate School of Business offers a graduate program leading to the Doctor of Philosophy in Management Information Systems.&nbsp;", "level": "phd", "degree": "Ph.D.", "tuition_fee": {"value": 6679, "unit": "year", "currency": "EUR"}, "fulltime_duration": {"value": 24, "unit": "month"}, "density": {"parttime": false, "fulltime": true}, "methods": {"face2face": true, "online": false, "blended": false}, "organisation_id": 12294, "organisation": "University of Illinois at Chicago", "venues": [{"city": "Chicago", "country": "United States", "area": "Illinois", "display_area": true}], "discipline_title": "Informatics & Information Sciences", "discipline_id": 108}]