[{"id": 64394, "title": "Network Science", "summary": "The PhD program in Network Science at Central European University (CEU)&nbsp;is a research-oriented program that provides the only PhD degree in this field in Europe.&nbsp;It offers advanced training in theoretical and computational methods, challenging&nbsp;coursework on the basic concepts and theories of large-scale networks, and&nbsp;hands-on experience in taming massive datasets.", "level": "phd", "degree": "Ph.D.", "fulltime_duration": {"value": 36, "unit": "month"}, "density": {"parttime": false, "fulltime": true}, "methods": {"face2face": true, "online": false, "blended": false}, "organisation_id": 79, "organisation": "Central European University (CEU)", "venues": [{"city": "Vienna", "country": "Austria", "area": "Vienna", "display_area": false}], "discipline_title": "Data Science & Big Data", "discipline_id": 282}, {"id": 270495, "title": "Statistics", "summary": "The PhD in Statistics is a research degree which usually takes four years to complete at Maynooth University. A student must write a thesis under the direction of a member of staff containing a significant amount of original Statistics.", "level": "phd", "degree": "Ph.D.", "tuition_fee": {"value": 6500, "unit": "year", "currency": "EUR"}, "fulltime_duration": {"value": 48, "unit": "month"}, "density": {"parttime": false, "fulltime": true}, "methods": {"face2face": true, "online": false, "blended": false}, "organisation_id": 862, "organisation": "Maynooth University", "venues": [{"city": "Maynooth", "country": "Ireland", "area": "Leinster", "display_area": false}], "discipline_title": "Data Science & Big Data", "discipline_id": 282}, {"id": 138541, "title": "Computational and Data-Enabled Sciences", "summary": "The integration of large computing and big data is essential to tackle the research problems in fields ranging from multi-scale modeling and design of materials to natural disasters, smart electric grids, and medical technologies. The&nbsp;Computational and Data-Enabled Sciences programme is offered by&nbsp;University at Buffalo, The State University of New York School of Engineering and Applied Sciences.", "level": "phd", "degree": "Ph.D.", "tuition_fee": {"value": 21350, "unit": "year", "currency": "EUR"}, "fulltime_duration": {"value": 48, "unit": "month"}, "density": {"parttime": false, "fulltime": true}, "methods": {"face2face": true, "online": false, "blended": false}, "organisation_id": 14726, "organisation": "University at Buffalo SUNY - School of Engineering and Applied Sciences", "venues": [{"city": "Buffalo", "country": "United States", "area": "New York", "display_area": true}], "discipline_title": "Data Science & Big Data", "discipline_id": 282}, {"id": 284172, "title": "Complex Systems Disentanglement through Data Analysis", "summary": "The&nbsp;Complex Systems Disentanglement through Data Analysis programme from University of Bucharest&nbsp;provides the rare opportunity for the Ph.D. students to approach complex scientific problems in a multidisciplinary environment, under the guidance of experienced researchers from different disciplines.", "level": "phd", "degree": "Ph. D.", "tuition_fee": {"value": 3400, "unit": "year", "currency": "EUR"}, "fulltime_duration": {"value": 48, "unit": "month"}, "density": {"parttime": false, "fulltime": true}, "methods": {"face2face": true, "online": false, "blended": false}, "organisation_id": 957, "organisation": "University of Bucharest", "venues": [{"city": "Bucharest", "country": "Romania", "area": "Bucuresti", "display_area": false}], "discipline_title": "Data Science & Big Data", "discipline_id": 282}, {"id": 292406, "title": "Data Science", "summary": "Our PhD Data Science is an advanced research degree within our Department of Mathematical Sciences and we have staff members available to act as supervisors across a number of areas within data science.&nbsp;", "level": "phd", "degree": "Ph.D.", "fulltime_duration": {"value": 36, "unit": "month"}, "density": {"parttime": false, "fulltime": true}, "methods": {"face2face": true, "online": false, "blended": false}, "organisation_id": 620, "organisation": "University of Essex", "venues": [{"city": "Colchester", "country": "United Kingdom", "area": "England", "display_area": true}], "discipline_title": "Data Science & Big Data", "discipline_id": 282}, {"id": 288235, "title": "Fully-Funded PhD Positions in Biology, Computer Science, Data Science, Mathematics, Neuroscience, and Physics", "summary": "The Fully-Funded PhD Positions in Biology, Computer Science, Data Science, Mathematics, Neuroscience, and Physics&nbsp;at the&nbsp;Institute of Science and Technology Austria (IST Austria) are characterized by modern comprehensive training with a special focus on interdisciplinarity, close mentoring by outstanding faculty within small research groups, and access to first-rate facilities.", "level": "phd", "degree": "Ph.D.", "tuition_fee": {"value": 0, "unit": "year", "currency": "EUR"}, "fulltime_duration": {"value": 60, "unit": "month"}, "density": {"parttime": false, "fulltime": true}, "methods": {"face2face": true, "online": false, "blended": false}, "organisation_id": 19861, "organisation": "Institute of Science and Technology Austria (IST Austria)", "venues": [{"city": "Klosterneuburg", "country": "Austria", "area": "Lower Austria", "display_area": false}], "discipline_title": "Data Science & Big Data", "discipline_id": 282}, {"id": 256956, "title": "Informatics - LFCS - Theory and Foundations of Computer Science, Databases, Software and Systems Modelling", "summary": "The&nbsp;Informatics - LFCS - Theory and Foundations of Computer Science, Databases, Software and Systems Modelling programme offered by&nbsp;The University of Edinburgh&nbsp;continues to lead the way in the development of mathematical models, theories and tools that probe the possibilities of computation and communication.", "level": "phd", "degree": "Ph.D.", "tuition_fee": {"value": 26587, "unit": "year", "currency": "EUR"}, "fulltime_duration": {"value": 36, "unit": "month"}, "parttime_duration": {"value": 72, "unit": "month"}, "density": {"parttime": true, "fulltime": true}, "methods": {"face2face": true, "online": false, "blended": false}, "organisation_id": 43, "organisation": "The University of Edinburgh", "venues": [{"city": "Edinburgh", "country": "United Kingdom", "area": "Scotland", "display_area": true}], "discipline_title": "Data Science & Big Data", "discipline_id": 282}, {"id": 294338, "title": "PhD in Computer Science and Informatics - Personal Data Store, Smart Cities Data Marketplaces, and Sensing as a Service for Inte", "summary": "The potential PhD student may take this project towards either systems or data science. A potential systems project will explore how to develop novel infrastructure components to support personal data stores and data marketplaces. A potential data science project may look at novel data discovery techniques, data wrangling techniques, data analytics and so on.", "level": "phd", "degree": "Ph. D.", "density": {"parttime": false, "fulltime": true}, "methods": {"face2face": true, "online": false, "blended": false}, "organisation_id": 148, "organisation": "Cardiff University", "venues": [{"city": "Cardiff", "country": "United Kingdom", "area": "Wales", "display_area": true}], "discipline_title": "Data Science & Big Data", "discipline_id": 282}, {"id": 27816, "title": "Computer Science, Integrated", "summary": "Computer Science, Integrated PhD at&nbsp; Newcastle University combines taught computer science modules with research. It gives you an opportunity to make a unique contribution to computer science research. You will work within a research group, guided by experts and supported by a team of advisers.", "level": "phd", "degree": "Ph.D.", "tuition_fee": {"value": 4921, "unit": "year", "currency": "EUR"}, "fulltime_duration": {"value": 48, "unit": "month"}, "parttime_duration": {"value": 96, "unit": "month"}, "density": {"parttime": true, "fulltime": true}, "methods": {"face2face": true, "online": false, "blended": false}, "organisation_id": 179, "organisation": "Newcastle University", "venues": [{"city": "Newcastle upon Tyne", "country": "United Kingdom", "area": "England", "display_area": true}], "discipline_title": "Data Science & Big Data", "discipline_id": 282}, {"id": 65674, "title": "Operations and Information Systems", "summary": "Students in the Operations and Information Systems (OIS) major train to become scholars in Operations Management (OM) and Management Information Systems (MIS).&nbsp; All students receive training in the fundamentals of both OM and MIS and in-depth training in at least one of these two disciplines.&nbsp;&nbsp;", "level": "phd", "degree": "Ph.D.", "tuition_fee": {"value": 6068, "unit": "year", "currency": "EUR"}, "fulltime_duration": {"value": 48, "unit": "month"}, "density": {"parttime": false, "fulltime": true}, "methods": {"face2face": true, "online": false, "blended": false}, "organisation_id": 12117, "organisation": "University of Alberta", "venues": [{"city": "Camrose", "country": "Canada", "area": "Alberta", "display_area": false}], "discipline_title": "Data Science & Big Data", "discipline_id": 282}, {"id": 14276, "title": "Computer Science", "summary": "The Computer Science programme from&nbsp;University of Bristol&nbsp;brings together the research in computing, communications, electronics and photonics within the University.", "level": "phd", "degree": "Ph. D.", "tuition_fee": {"value": 4938, "unit": "year", "currency": "EUR"}, "fulltime_duration": {"value": 36, "unit": "month"}, "parttime_duration": {"value": 72, "unit": "month"}, "density": {"parttime": true, "fulltime": true}, "methods": {"face2face": true, "online": false, "blended": false}, "organisation_id": 147, "organisation": "University of Bristol", "venues": [{"city": "Bristol", "country": "United Kingdom", "area": "England", "display_area": true}], "discipline_title": "Data Science & Big Data", "discipline_id": 282}, {"id": 156670, "title": "Data Science", "summary": "Part of 4TU Stan Ackermans Institute, the PDEng Data Science programme at&nbsp;Eindhoven University of Technology (TU/e)&nbsp;&nbsp;is a joint initiative of Eindhoven University of Technology, Tilburg University, and the Data Science Centre Eindhoven. Together they founded The Jheronimus Academy of Data Science (JADS).&nbsp;", "level": "phd", "degree": "Ph. D.", "fulltime_duration": {"value": 24, "unit": "month"}, "density": {"parttime": false, "fulltime": true}, "methods": {"face2face": true, "online": false, "blended": false}, "organisation_id": 1, "organisation": "Eindhoven University of Technology (TU/e)", "venues": [{"city": "Eindhoven", "country": "Netherlands", "area": "North Brabant", "display_area": false}], "discipline_title": "Data Science & Big Data", "discipline_id": 282}, {"id": 32441, "title": "Survey Methodology", "summary": "This program is offered at the&nbsp;University of Essex.", "level": "phd", "degree": "Ph.D.", "tuition_fee": {"value": 5238, "unit": "year", "currency": "EUR"}, "fulltime_duration": {"value": 36, "unit": "month"}, "density": {"parttime": false, "fulltime": true}, "methods": {"face2face": true, "online": false, "blended": false}, "organisation_id": 620, "organisation": "University of Essex", "venues": [{"city": "Colchester", "country": "United Kingdom", "area": "England", "display_area": true}], "discipline_title": "Data Science & Big Data", "discipline_id": 282}, {"id": 290896, "title": "Learning Analytics", "summary": "This PhD in Learning Analytics from University of Technology Sydney&nbsp;is a research degree requiring an original and significant contribution to knowledge in the field of learning analytics. It is the traditional path for those wishing to pursue a career in research or academic life.", "level": "phd", "degree": "Ph.D.", "tuition_fee": {"value": 21056, "unit": "year", "currency": "EUR"}, "fulltime_duration": {"value": 48, "unit": "month"}, "parttime_duration": {"value": 96, "unit": "month"}, "density": {"parttime": true, "fulltime": true}, "methods": {"face2face": true, "online": false, "blended": false}, "organisation_id": 11979, "organisation": "University of Technology Sydney", "venues": [{"city": "Sydney", "country": "Australia", "area": "New South Wales", "display_area": true}], "discipline_title": "Data Science & Big Data", "discipline_id": 282}, {"id": 240708, "title": "Logical Methods in Computer Science", "summary": "The Logical Methods in Computer Science \u2013 LogiCS doctoral program is a PhD degree program, funded by the Austrian Science Fund FWF and run jointly by the three Austrian universities TU Wien (Vienna University of Technology), Graz University of Technology and Johannes Kepler University Linz.&nbsp;", "level": "phd", "degree": "Doctorate", "fulltime_duration": {"value": 36, "unit": "month"}, "density": {"parttime": false, "fulltime": true}, "methods": {"face2face": true, "online": false, "blended": false}, "organisation_id": 213, "organisation": "Vienna University of Technology", "venues": [{"city": "Vienna", "country": "Austria", "area": "Vienna", "display_area": false}], "discipline_title": "Data Science & Big Data", "discipline_id": 282}, {"id": 268050, "title": "Doctoral Research Centre in Data Science and Artificial Intelligence", "summary": "The Doctoral Research Centre in Data Science and Artificial Intelligence at The University of Edinburgh&nbsp;is a 3 years PhD programme offered jointly by the School of Informatics and the School of Mathematics. The DRC follows on from the EPSRC CDT in Data Science.", "level": "phd", "degree": "Ph.D.", "tuition_fee": {"value": 26587, "unit": "year", "currency": "EUR"}, "fulltime_duration": {"value": 36, "unit": "month"}, "density": {"parttime": false, "fulltime": true}, "methods": {"face2face": true, "online": false, "blended": false}, "organisation_id": 43, "organisation": "The University of Edinburgh", "venues": [{"city": "Edinburgh", "country": "United Kingdom", "area": "Scotland", "display_area": true}], "discipline_title": "Data Science & Big Data", "discipline_id": 282}, {"id": 286379, "title": "Analytics and Data Science", "summary": "Kennesaw State University's Ph.D. in Analytics and Data Science is an advanced degree which has been developed to meet the market demand for Data Scientists. This degree will train individuals to translate large, structured and unstructured, complex datasets into information to improve decision making.", "level": "phd", "degree": "Ph.D.", "density": {"parttime": false, "fulltime": true}, "methods": {"face2face": true, "online": false, "blended": false}, "organisation_id": 14243, "organisation": "Kennesaw State University", "venues": [{"city": "Kennesaw", "country": "United States", "area": "Georgia", "display_area": true}], "discipline_title": "Data Science & Big Data", "discipline_id": 282}, {"id": 256951, "title": "Informatics - CISA - Automated Reasoning, Agents, Data Intensive Research, Knowledge Management", "summary": "In the&nbsp;Informatics - CISA - Automated Reasoning, Agents, Data Intensive Research, Knowledge Management offered by&nbsp;The University of Edinburgh&nbsp;&nbsp;we enable computer systems to reproduce or complement human abilities, work with people, and support collaboration between humans.&nbsp;", "level": "phd", "degree": "Ph.D.", "tuition_fee": {"value": 26587, "unit": "year", "currency": "EUR"}, "fulltime_duration": {"value": 36, "unit": "month"}, "parttime_duration": {"value": 72, "unit": "month"}, "density": {"parttime": true, "fulltime": true}, "methods": {"face2face": true, "online": false, "blended": false}, "organisation_id": 43, "organisation": "The University of Edinburgh", "venues": [{"city": "Edinburgh", "country": "United Kingdom", "area": "Scotland", "display_area": true}], "discipline_title": "Data Science & Big Data", "discipline_id": 282}, {"id": 229709, "title": "Data Science and Engineering", "summary": "The Bredesen Center for Interdisciplinary Research and Graduate Education offers a graduate program leading to the Doctor of Philosophy (PhD) degree in Data Science and Engineering (DSE).&nbsp;", "level": "phd", "degree": "Ph.D.", "tuition_fee": {"value": 29149, "unit": "year", "currency": "EUR"}, "fulltime_duration": {"value": 36, "unit": "month"}, "density": {"parttime": false, "fulltime": true}, "methods": {"face2face": true, "online": false, "blended": false}, "organisation_id": 12185, "organisation": "University of Tennessee Knoxville", "venues": [{"city": "Knoxville", "country": "United States", "area": "Tennessee", "display_area": true}], "discipline_title": "Data Science & Big Data", "discipline_id": 282}, {"id": 222823, "title": "Data Science", "summary": "The Professional Doctorate in Engineering program Data Science is a two-year post-master's program. It qualifies students with an MSc degree in mathematics, statistic and computer science to become top-level professionals.", "level": "phd", "degree": "Ph. D.", "fulltime_duration": {"value": 24, "unit": "month"}, "density": {"parttime": false, "fulltime": true}, "methods": {"face2face": true, "online": false, "blended": false}, "organisation_id": 17951, "organisation": "Jheronimus Academy of Data Science (JADS)", "venues": [{"city": "'s-Hertogenbosch", "country": "Netherlands", "area": "North Brabant", "display_area": false}, {"city": "Eindhoven", "country": "Netherlands", "area": "North Brabant", "display_area": false}, {"city": "Tilburg", "country": "Netherlands", "area": "North Brabant", "display_area": false}], "discipline_title": "Data Science & Big Data", "discipline_id": 282}, {"id": 292982, "title": "Computational Science and Statistics - Statistics Specialization", "summary": "The Computational Science and Statistics - Statistics Specialization&nbsp;at&nbsp;South Dakota State University is designed to train students to integrate computational and statistical methodologies to formulate, model, analyze, and solve research problems of interest in a wide variety of applied and theoretical contexts.&nbsp;&nbsp;", "level": "phd", "degree": "Ph.D.", "tuition_fee": {"value": 598, "unit": "credit", "currency": "EUR"}, "fulltime_duration": {"value": 36, "unit": "month"}, "density": {"parttime": false, "fulltime": true}, "methods": {"face2face": true, "online": false, "blended": true}, "organisation_id": 11701, "organisation": "South Dakota State University", "venues": [{"city": "Brookings", "country": "United States", "area": "South Dakota", "display_area": true}], "discipline_title": "Data Science & Big Data", "discipline_id": 282}, {"id": 60106, "title": "Computational Science and Statistics - Data Science Specialization", "summary": "The Computational Science and Statistics - Data Science Specialization at&nbsp;South Dakota State University is designed to train students to integrate computational and statistical methodologies to formulate, model, analyze, and solve research problems of interest in a wide variety of applied and theoretical contexts.&nbsp;&nbsp;", "level": "phd", "degree": "Ph.D.", "tuition_fee": {"value": 598, "unit": "credit", "currency": "EUR"}, "fulltime_duration": {"value": 36, "unit": "month"}, "density": {"parttime": false, "fulltime": true}, "methods": {"face2face": true, "online": false, "blended": true}, "organisation_id": 11701, "organisation": "South Dakota State University", "venues": [{"city": "Brookings", "country": "United States", "area": "South Dakota", "display_area": true}], "discipline_title": "Data Science & Big Data", "discipline_id": 282}, {"id": 290837, "title": "Bridge (Doctor of Business Administration with an Emphasis in Data Analytics)", "summary": "The Bridge (Doctor of Business Administration with an Emphasis in Data Analytics) program at Grand Canyon University offers a strong foundation in preparation for your doctoral business and academic journey.&nbsp;", "level": "phd", "degree": "Ph. D.", "tuition_fee": {"value": 545, "unit": "credit", "currency": "EUR"}, "parttime_duration": {"value": 2, "unit": "month"}, "density": {"parttime": true, "fulltime": false}, "methods": {"face2face": false, "online": true, "blended": false}, "organisation_id": 17365, "organisation": "Grand Canyon University", "venues": [{"city": "Phoenix", "country": "United States", "area": "Arizona", "display_area": true}], "discipline_title": "Data Science & Big Data", "discipline_id": 282}]