[{"id": 66313, "title": "Computing - Computer Science", "summary": "The doctorate degree in Computing - Computer Science taught at the European University Cyprus (EUC) provides the future PhD holders with the necessary skills and abilities to become successful academics demonstrating an excellence in research and making a significant contribution to the local and international research community in the field of Computing/Computer Science.", "level": "phd", "degree": "Ph.D.", "tuition_fee": {"value": 4500, "unit": "year", "currency": "EUR"}, "fulltime_duration": {"value": 36, "unit": "month"}, "density": {"parttime": false, "fulltime": true}, "methods": {"face2face": true, "online": false, "blended": false}, "organisation_id": 1493, "organisation": "European University Cyprus (EUC)", "venues": [{"city": "Nicosia", "country": "Cyprus", "area": "Nicosia", "display_area": false}], "discipline_title": "Human Computer Interaction", "discipline_id": 284}, {"id": 284878, "title": "Computer Engineering", "summary": "Commencing to academic life or specialization after the basic university education begins with the graduate programs and advances further. The&nbsp;Computer Engineering programme is offered by&nbsp;Near East University.", "level": "phd", "degree": "Ph. D.", "tuition_fee": {"value": 2500, "unit": "year", "currency": "EUR"}, "density": {"parttime": false, "fulltime": true}, "methods": {"face2face": true, "online": false, "blended": false}, "organisation_id": 9264, "organisation": "Near East University", "venues": [{"city": "Mersin", "country": "Turkey", "area": "Mersin", "display_area": false}], "discipline_title": "Human Computer Interaction", "discipline_id": 284}, {"id": 284881, "title": "Computer Information Systems", "summary": "Commencing to academic life or specialization after the basic university education begins with the graduate programs and advances further. The&nbsp;Computer Information Systems programme is offered by&nbsp;Near East University.", "level": "phd", "degree": "Ph.D.", "tuition_fee": {"value": 2500, "unit": "year", "currency": "EUR"}, "density": {"parttime": false, "fulltime": true}, "methods": {"face2face": true, "online": false, "blended": false}, "organisation_id": 9264, "organisation": "Near East University", "venues": [{"city": "Mersin", "country": "Turkey", "area": "Mersin", "display_area": false}], "discipline_title": "Human Computer Interaction", "discipline_id": 284}, {"id": 285127, "title": "Computer Education and Instructional Technology", "summary": "The postgraduate education and research activities in Near East University have an important role in renewal, cathing up the quality and gaining the competition advantage. The&nbsp;Computer Education and Instructional Technology programme is offered by&nbsp;Near East University.", "level": "phd", "degree": "Ph.D.", "tuition_fee": {"value": 2500, "unit": "year", "currency": "EUR"}, "density": {"parttime": false, "fulltime": true}, "methods": {"face2face": true, "online": false, "blended": false}, "organisation_id": 9264, "organisation": "Near East University", "venues": [{"city": "Mersin", "country": "Turkey", "area": "Mersin", "display_area": false}], "discipline_title": "Human Computer Interaction", "discipline_id": 284}, {"id": 256948, "title": "Informatics - ICSA - Computer Architecture, Compilation and System Software, Networks and Communication", "summary": "The&nbsp;Informatics - ICSA - Computer Architecture, Compilation and System Software, Networks and Communication programme offered by&nbsp;The University of Edinburgh&nbsp;will provide you with academic resources and industry links that are among the best in the world.", "level": "phd", "degree": "Ph.D.", "tuition_fee": {"value": 26587, "unit": "year", "currency": "EUR"}, "fulltime_duration": {"value": 36, "unit": "month"}, "parttime_duration": {"value": 72, "unit": "month"}, "density": {"parttime": true, "fulltime": true}, "methods": {"face2face": true, "online": false, "blended": false}, "organisation_id": 43, "organisation": "The University of Edinburgh", "venues": [{"city": "Edinburgh", "country": "United Kingdom", "area": "Scotland", "display_area": true}], "discipline_title": "Human Computer Interaction", "discipline_id": 284}, {"id": 228131, "title": "Human Science", "summary": "The Human Science International Course is a Doctoral program in English for non-Japanese students with sufficient English capability. Students are educated and supervised in English and can obtain their Doctoral degree regardless of their Japanese language capabilities.", "level": "phd", "degree": "Ph. D.", "tuition_fee": {"value": 4477, "unit": "year", "currency": "EUR"}, "fulltime_duration": {"value": 36, "unit": "month"}, "density": {"parttime": false, "fulltime": true}, "methods": {"face2face": true, "online": false, "blended": false}, "organisation_id": 12304, "organisation": "Kyushu University", "venues": [{"city": "Fukuoka-shi", "country": "Japan", "area": "Fukuoka", "display_area": false}], "discipline_title": "Human Computer Interaction", "discipline_id": 284}, {"id": 282278, "title": "Vision, Speech and Signal Processing", "summary": "The&nbsp;Vision, Speech and Signal Processing PhD programme at the University of Surrey&nbsp;aims to advance the state-of-the-art in audio-visual signal processing, computer vision and machine learning, with a focus on image, video and audio applications.&nbsp;", "level": "phd", "degree": "Ph.D.", "tuition_fee": {"value": 4895, "unit": "year", "currency": "EUR"}, "fulltime_duration": {"value": 48, "unit": "month"}, "parttime_duration": {"value": 96, "unit": "month"}, "density": {"parttime": true, "fulltime": true}, "methods": {"face2face": true, "online": false, "blended": false}, "organisation_id": 189, "organisation": "University of Surrey", "venues": [{"city": "Guildford", "country": "United Kingdom", "area": "England", "display_area": true}], "discipline_title": "Human Computer Interaction", "discipline_id": 284}, {"id": 245136, "title": "Computer Science", "summary": "The Computer Science PhD at&nbsp;Tecnol\u00f3gico de Monterrey, research-oriented and integrated with the MSc in Computer Science, is designed to train highly qualified computer scientists that, upon completion, strongly contribute to the knowledge in their field.", "level": "phd", "degree": "Ph.D.", "fulltime_duration": {"value": 48, "unit": "month"}, "density": {"parttime": false, "fulltime": true}, "methods": {"face2face": true, "online": false, "blended": false}, "organisation_id": 10777, "organisation": "Tecnol\u00f3gico de Monterrey", "venues": [{"city": "Monterrey", "country": "Mexico", "area": "Nuevo Le\u00f3n", "display_area": false}], "discipline_title": "Human Computer Interaction", "discipline_id": 284}, {"id": 256953, "title": "Informatics - ILCC - Language Processing, Speech Technology, Information Retrieval, Cognition", "summary": "In the&nbsp;Informatics - ILCC - Language Processing, Speech Technology, Information Retrieval, Cognition programme offered by&nbsp;The University of Edinburgh you carry out your research within a research group under the guidance of a supervisor. You will be expected to attend seminars and meetings of relevant research groups and may also attend lectures that are relevant to your research topic.&nbsp;", "level": "phd", "degree": "Ph.D.", "tuition_fee": {"value": 26587, "unit": "year", "currency": "EUR"}, "fulltime_duration": {"value": 36, "unit": "month"}, "parttime_duration": {"value": 72, "unit": "month"}, "density": {"parttime": true, "fulltime": true}, "methods": {"face2face": true, "online": false, "blended": false}, "organisation_id": 43, "organisation": "The University of Edinburgh", "venues": [{"city": "Edinburgh", "country": "United Kingdom", "area": "Scotland", "display_area": true}], "discipline_title": "Human Computer Interaction", "discipline_id": 284}, {"id": 22295, "title": "Doctoral Program in Computer Science (MAP joint programme)", "summary": "MAPi is a strong commitment by three top Universities from the north of Portugal to create in this region a doctoral course in Computer Science of very high quality, internationally competitive, strongly based on excellent research units from these Universities.", "level": "phd", "degree": "Ph.D.", "tuition_fee": {"value": 3000, "unit": "year", "currency": "EUR"}, "fulltime_duration": {"value": 36, "unit": "month"}, "density": {"parttime": false, "fulltime": true}, "methods": {"face2face": true, "online": false, "blended": false}, "organisation_id": 486, "organisation": "University of Porto", "venues": [{"city": "Porto", "country": "Portugal", "area": "Porto", "display_area": false}], "discipline_title": "Human Computer Interaction", "discipline_id": 284}, {"id": 256842, "title": "EPSRC Centre for Doctoral Training in Robotics and Autonomous Systems", "summary": "The University of Edinburgh and Heriot-Watt University are jointly offering this innovative four-year EPSRC Centre for Doctoral Training in Robotics and Autonomous Systems programme, which combines a strong general grounding in current theory, methods and applications with flexibility for individualised study and a specialised PhD project.", "level": "phd", "degree": "Ph.D.", "tuition_fee": {"value": 26587, "unit": "year", "currency": "EUR"}, "fulltime_duration": {"value": 48, "unit": "month"}, "density": {"parttime": false, "fulltime": true}, "methods": {"face2face": true, "online": false, "blended": false}, "organisation_id": 43, "organisation": "The University of Edinburgh", "venues": [{"city": "Edinburgh", "country": "United Kingdom", "area": "Scotland", "display_area": true}], "discipline_title": "Human Computer Interaction", "discipline_id": 284}, {"id": 293586, "title": "Computer Science", "summary": "Research in the Computer Science programme from University College London (UCL)&nbsp;has made a deep, lasting and sustained impact on today's society.", "level": "phd", "degree": "Ph. D.", "tuition_fee": {"value": 27685, "unit": "year", "currency": "EUR"}, "fulltime_duration": {"value": 36, "unit": "month"}, "parttime_duration": {"value": 60, "unit": "month"}, "density": {"parttime": true, "fulltime": true}, "methods": {"face2face": true, "online": false, "blended": false}, "organisation_id": 271, "organisation": "University College London (UCL)", "venues": [{"city": "London", "country": "United Kingdom", "area": "England", "display_area": true}], "discipline_title": "Human Computer Interaction", "discipline_id": 284}, {"id": 256687, "title": "Postgraduate research opportunities in Computer Science", "summary": "Excellent research opportunities await in the Postgraduate research opportunities in Computer Science from Liverpool John Moores University, enabling you to work at the forefront of developments with leading experts.", "level": "phd", "degree": "Ph. D.", "tuition_fee": {"value": 5657, "unit": "year", "currency": "EUR"}, "fulltime_duration": {"value": 33, "unit": "month"}, "parttime_duration": {"value": 45, "unit": "month"}, "density": {"parttime": true, "fulltime": true}, "methods": {"face2face": true, "online": false, "blended": false}, "organisation_id": 12638, "organisation": "Liverpool John Moores University", "venues": [{"city": "Liverpool", "country": "United Kingdom", "area": "England", "display_area": true}], "discipline_title": "Human Computer Interaction", "discipline_id": 284}, {"id": 286299, "title": "Computational Sciences and Engineering", "summary": "The Ph.D. program in Computer Science and Engineering aims to provide advanced education and a cutting edge research experience in computer engineering or in electrical and computer engineering crossing the boundary of the two disciplines.", "level": "phd", "degree": "Ph.D.", "tuition_fee": {"value": 0, "unit": "year", "currency": "EUR"}, "fulltime_duration": {"value": 48, "unit": "month"}, "density": {"parttime": false, "fulltime": true}, "methods": {"face2face": true, "online": false, "blended": false}, "organisation_id": 903, "organisation": "Koc University", "venues": [{"city": "Istanbul", "country": "Turkey", "area": "Istanbul", "display_area": false}], "discipline_title": "Human Computer Interaction", "discipline_id": 284}, {"id": 48284, "title": "Artificial Intelligence and Intelligent Agents", "summary": "Research topics include knowledge-based systems, logic, multi-agent systems, distributed systems, machine learning, data mining, computational linguistics, natural language processing, information theory and information retrieval. The\u00a0Artificial Intelligence and Intelligent Agents\u00a0programme is offered by the Bangor University.", "level": "phd", "degree": "Ph. D.", "tuition_fee": {"value": 4899, "unit": "year", "currency": "EUR"}, "fulltime_duration": {"value": 24, "unit": "month"}, "density": {"parttime": false, "fulltime": true}, "methods": {"face2face": true, "online": false, "blended": false}, "organisation_id": 427, "organisation": "Bangor University", "venues": [{"city": "Bangor", "country": "United Kingdom", "area": "Wales", "display_area": true}], "discipline_title": "Human Computer Interaction", "discipline_id": 284}, {"id": 286300, "title": "Computer Science and Engineering", "summary": "The Ph.D. program in Computer Science and Engineering aims to provide advanced education and a cutting edge research experience in computer engineering or in electrical and computer engineering crossing the boundary of the two disciplines.&nbsp;", "level": "phd", "degree": "Ph. D.", "tuition_fee": {"value": 0, "unit": "year", "currency": "EUR"}, "fulltime_duration": {"value": 48, "unit": "month"}, "density": {"parttime": false, "fulltime": true}, "methods": {"face2face": true, "online": false, "blended": false}, "organisation_id": 903, "organisation": "Koc University", "venues": [{"city": "Istanbul", "country": "Turkey", "area": "Istanbul", "display_area": false}], "discipline_title": "Human Computer Interaction", "discipline_id": 284}, {"id": 250899, "title": "Computer Science", "summary": "The Department of Computer Science runs a PhD program in Computer Science at&nbsp;University of Pisa, in cooperation with the University of Firenze and the University of Siena.", "level": "phd", "degree": "Ph.D.", "tuition_fee": {"value": 356, "unit": "year", "currency": "EUR"}, "fulltime_duration": {"value": 36, "unit": "month"}, "density": {"parttime": false, "fulltime": true}, "methods": {"face2face": true, "online": false, "blended": false}, "organisation_id": 501, "organisation": "University of Pisa", "venues": [{"city": "Pisa", "country": "Italy", "area": "Tuscany", "display_area": false}], "discipline_title": "Human Computer Interaction", "discipline_id": 284}, {"id": 227087, "title": "Cyber Security", "summary": "The program is intended to prepare candidates for the highest level of professional practice, in which they can contribute significantly to the development of the multi-disciplinary study of cyber security.", "level": "phd", "degree": "Ph.D.", "tuition_fee": {"value": 23264, "unit": "year", "currency": "EUR"}, "fulltime_duration": {"value": 48, "unit": "month"}, "density": {"parttime": false, "fulltime": true}, "methods": {"face2face": true, "online": false, "blended": false}, "organisation_id": 12000, "organisation": "University of New South Wales", "venues": [{"city": "Canberra", "country": "Australia", "area": "Australian Capital Territory", "display_area": true}], "discipline_title": "Human Computer Interaction", "discipline_id": 284}, {"id": 217457, "title": "Education and ICT (e-learning)", "summary": "The Education and ICT (e-learning) programme at the&nbsp;Universitat Oberta de Catalunya (UOC) focuses on online teaching and learning, the&nbsp;institutional or social framework, and technology-mediated online education systems, in general,&nbsp;in any geographic or cultural setting.", "level": "phd", "degree": "Doctorate", "fulltime_duration": {"value": 36, "unit": "month"}, "parttime_duration": {"value": 60, "unit": "month"}, "density": {"parttime": true, "fulltime": true}, "methods": {"face2face": true, "online": true, "blended": false}, "organisation_id": 1358, "organisation": "Universitat Oberta de Catalunya (UOC)", "venues": [{"city": "Barcelona", "country": "Spain", "area": "Catalonia", "display_area": false}], "discipline_title": "Human Computer Interaction", "discipline_id": 284}, {"id": 191899, "title": "Social Computing", "summary": "Focus your studies on social computing through our Computer Science and Informatics research programmes (MPhil, PhD).", "level": "phd", "degree": "Ph.D.", "fulltime_duration": {"value": 36, "unit": "month"}, "parttime_duration": {"value": 60, "unit": "month"}, "density": {"parttime": true, "fulltime": true}, "methods": {"face2face": true, "online": false, "blended": false}, "organisation_id": 148, "organisation": "Cardiff University", "venues": [{"city": "Cardiff", "country": "United Kingdom", "area": "Wales", "display_area": true}], "discipline_title": "Human Computer Interaction", "discipline_id": 284}, {"id": 53190, "title": "EPSRC Centre for Doctoral Training in Embedded Intelligence", "summary": "The EPSRC Centre for Doctoral Training in Embedded Intelligence from\u00a0Loughborough University\u00a0is one of the three main ways by which EPSRC provides support for Doctoral Training. The other routes are the Doctoral Training Grant and Industrial Case Studentships.", "level": "phd", "degree": "Ph.D.", "fulltime_duration": {"value": 48, "unit": "month"}, "density": {"parttime": false, "fulltime": true}, "methods": {"face2face": true, "online": false, "blended": false}, "organisation_id": 452, "organisation": "Loughborough University", "venues": [{"city": "Edinburgh", "country": "United Kingdom", "area": "Scotland", "display_area": true}, {"city": "Loughborough", "country": "United Kingdom", "area": "England", "display_area": true}], "discipline_title": "Human Computer Interaction", "discipline_id": 284}, {"id": 191886, "title": "Human Factors Technology", "summary": "Focus your studies on human factors technology through our Computer Science and Informatics research programmes (MPhil, PhD).", "level": "phd", "degree": "Ph.D.", "fulltime_duration": {"value": 36, "unit": "month"}, "parttime_duration": {"value": 60, "unit": "month"}, "density": {"parttime": true, "fulltime": true}, "methods": {"face2face": true, "online": false, "blended": false}, "organisation_id": 148, "organisation": "Cardiff University", "venues": [{"city": "Cardiff", "country": "United Kingdom", "area": "Wales", "display_area": true}], "discipline_title": "Human Computer Interaction", "discipline_id": 284}]