[{"id": 270576, "title": "International Year One in Computer Science", "summary": "International Year One in Computer Science will prepare you to enter your next semester of a bachelor\u2019s degree program at Hofstra University.", "level": "preparation", "degree": "Pre-Bachelor", "tuition_fee": {"value": 25324, "unit": "year", "currency": "EUR"}, "fulltime_duration": {"value": 6, "unit": "month"}, "density": {"parttime": false, "fulltime": true}, "methods": {"face2face": true, "online": false, "blended": false}, "organisation_id": 19375, "organisation": "INTO Hofstra University", "venues": [{"city": "Hempstead", "country": "United States", "area": "New York", "display_area": true}], "discipline_title": "IT Security", "discipline_id": 285}, {"id": 140063, "title": "International Diploma in Computing", "summary": "The International Diploma in Computing at INTO Glasgow Caledonian University prepares you for direct entry to Year 3 of an undergraduate degree in a range&nbsp;&nbsp;of computing-related subjects at GCU.", "level": "preparation", "degree": "Pre-Bachelor", "tuition_fee": {"value": 15274, "unit": "year", "currency": "EUR"}, "fulltime_duration": {"value": 9, "unit": "month"}, "density": {"parttime": false, "fulltime": true}, "methods": {"face2face": true, "online": false, "blended": false}, "organisation_id": 8886, "organisation": "INTO Glasgow Caledonian University", "venues": [{"city": "Glasgow", "country": "United Kingdom", "area": "Scotland", "display_area": true}], "discipline_title": "IT Security", "discipline_id": 285}, {"id": 150160, "title": "International Graduate Diploma in Computing", "summary": "The International Graduate Diploma in Computing at INTO Glasgow Caledonian University prepares you for direct entry to a range of postgraduate degrees in computing at GCU.", "level": "preparation", "degree": "Pre-Master", "tuition_fee": {"value": 15274, "unit": "year", "currency": "EUR"}, "fulltime_duration": {"value": 9, "unit": "month"}, "density": {"parttime": false, "fulltime": true}, "methods": {"face2face": true, "online": false, "blended": false}, "organisation_id": 8886, "organisation": "INTO Glasgow Caledonian University", "venues": [{"city": "Glasgow", "country": "United Kingdom", "area": "Scotland", "display_area": true}], "discipline_title": "IT Security", "discipline_id": 285}, {"id": 67003, "title": "International Year One in Safety Technology", "summary": "International Year One in Safety Technology&nbsp;at Marshall University&nbsp;will prepare you to enter your next semester of a bachelor\u2019s degree program.&nbsp;", "level": "preparation", "degree": "Pre-Bachelor", "tuition_fee": {"value": 21794, "unit": "year", "currency": "EUR"}, "fulltime_duration": {"value": 12, "unit": "month"}, "density": {"parttime": false, "fulltime": true}, "methods": {"face2face": true, "online": false, "blended": false}, "organisation_id": 12273, "organisation": "INTO Marshall University", "venues": [{"city": "Huntington", "country": "United States", "area": "West Virginia", "display_area": true}], "discipline_title": "IT Security", "discipline_id": 285}, {"id": 278569, "title": "Graduate Pathway in Cyber Security - Cyber Security", "summary": "Students who successfully complete the Graduate Pathway in Cyber Security - Cyber Security offered by The University of Alabama at Birmingham are assured progression to a UAB graduate degree program upon submission of additional required application materials.", "level": "preparation", "degree": "Pre-Master", "tuition_fee": {"value": 14723, "unit": "year", "currency": "EUR"}, "fulltime_duration": {"value": 6, "unit": "month"}, "density": {"parttime": false, "fulltime": true}, "methods": {"face2face": true, "online": false, "blended": false}, "organisation_id": 15588, "organisation": "INTO The University of Alabama at Birmingham", "venues": [{"city": "Birmingham", "country": "United States", "area": "Alabama", "display_area": true}], "discipline_title": "IT Security", "discipline_id": 285}, {"id": 278070, "title": "Pre-Master's - Cyber Security", "summary": "Join the Pre-Master's - Cyber Security course at INTO Manchester and prepare&nbsp;for direct entry to a range of postgraduate degrees in Business related subjects at a range of&nbsp;NCUK&nbsp;universities.", "level": "preparation", "degree": "Pre-Master", "tuition_fee": {"value": 11800, "unit": "year", "currency": "EUR"}, "fulltime_duration": {"value": 6, "unit": "month"}, "density": {"parttime": false, "fulltime": true}, "methods": {"face2face": true, "online": false, "blended": false}, "organisation_id": 18816, "organisation": "INTO Manchester", "venues": [{"city": "Manchester", "country": "United Kingdom", "area": "England", "display_area": true}], "discipline_title": "IT Security", "discipline_id": 285}, {"id": 274297, "title": "International Year One in Computer Science - Computer Science - Networking and Cybersecurity", "summary": "International Year One in Computer Science - Computer Science - Networking and Cybersecurity will prepare you to enter your next semester of a bachelor\u2019s degree program at Hofstra University.", "level": "preparation", "degree": "Pre-Bachelor", "tuition_fee": {"value": 25324, "unit": "year", "currency": "EUR"}, "fulltime_duration": {"value": 6, "unit": "month"}, "density": {"parttime": false, "fulltime": true}, "methods": {"face2face": true, "online": false, "blended": false}, "organisation_id": 19375, "organisation": "INTO Hofstra University", "venues": [{"city": "Hempstead", "country": "United States", "area": "New York", "display_area": true}], "discipline_title": "IT Security", "discipline_id": 285}, {"id": 281640, "title": "Graduate Pathway in Information Security and Assurance - Information Security and Assurance", "summary": "Students who successfully complete an INTO George Mason University Graduate Pathway in Information Security and Assurance - Information Security and Assurance are assured progression to a Mason graduate degree program upon submission of additional required application materials.", "level": "preparation", "degree": "Pre-Master", "tuition_fee": {"value": 20130, "unit": "year", "currency": "EUR"}, "fulltime_duration": {"value": 4, "unit": "month"}, "density": {"parttime": false, "fulltime": true}, "methods": {"face2face": true, "online": false, "blended": false}, "organisation_id": 12270, "organisation": "INTO George Mason University", "venues": [{"city": "Fairfax", "country": "United States", "area": "Virginia", "display_area": true}], "discipline_title": "IT Security", "discipline_id": 285}, {"id": 280355, "title": "International Foundation in Computer Science - Computer Science with Cyber Security", "summary": "The International Foundation in Computer Science - Computer Science with Cyber Security course offered by INTO City University London&nbsp;prepares you for direct entry to Year 1 of an undergraduate degree in computer science, business computing systems and games technology&nbsp;&nbsp;at City, University of London.", "level": "preparation", "degree": "Pre-Bachelor", "tuition_fee": {"value": 18951, "unit": "year", "currency": "EUR"}, "fulltime_duration": {"value": 9, "unit": "month"}, "density": {"parttime": false, "fulltime": true}, "methods": {"face2face": true, "online": false, "blended": false}, "organisation_id": 8888, "organisation": "INTO City University London", "venues": [{"city": "London", "country": "United Kingdom", "area": "England", "display_area": true}], "discipline_title": "IT Security", "discipline_id": 285}, {"id": 274274, "title": "International Foundation in Science and Engineering - Computer Forensics and Security", "summary": "The International Foundation in Science and Engineering - Computer Forensics and Security programme offered by&nbsp;Manchester Metropolitan University will prepare you&nbsp;for direct entry to Year 1 of an undergraduate degree in a range of Computing, Mathematics, Engineering, Science related subjects", "level": "preparation", "degree": "Pre-Bachelor", "tuition_fee": {"value": 17706, "unit": "year", "currency": "EUR"}, "fulltime_duration": {"value": 9, "unit": "month"}, "density": {"parttime": false, "fulltime": true}, "methods": {"face2face": true, "online": false, "blended": false}, "organisation_id": 8892, "organisation": "INTO Manchester Metropolitan University", "venues": [{"city": "Manchester", "country": "United Kingdom", "area": "England", "display_area": true}], "discipline_title": "IT Security", "discipline_id": 285}, {"id": 274295, "title": "International Year One in Computer Science - Computer Engineering - Networking and Cybersecurity", "summary": "International Year One in Computer Science - Computer Engineering - Networking and Cybersecurity will prepare you to enter your next semester of a bachelor\u2019s degree program at Hofstra University.", "level": "preparation", "degree": "Pre-Bachelor", "tuition_fee": {"value": 25324, "unit": "year", "currency": "EUR"}, "fulltime_duration": {"value": 6, "unit": "month"}, "density": {"parttime": false, "fulltime": true}, "methods": {"face2face": true, "online": false, "blended": false}, "organisation_id": 19375, "organisation": "INTO Hofstra University", "venues": [{"city": "Hempstead", "country": "United States", "area": "New York", "display_area": true}], "discipline_title": "IT Security", "discipline_id": 285}, {"id": 278258, "title": "International Foundation in Science, Computing, Engineering and Mathematics - Computer Science (Security and Resilience)", "summary": "With the International Foundation in Science, Computing, Engineering and Mathematics - Computer Science (Security and Resilience) programme at INTO Newcastle University, you can prepare for direct entry to an undergraduate degree in a range of science or engineering related subject at Newcastle University.", "level": "preparation", "degree": "Pre-Bachelor", "tuition_fee": {"value": 22622, "unit": "year", "currency": "EUR"}, "fulltime_duration": {"value": 9, "unit": "month"}, "density": {"parttime": false, "fulltime": true}, "methods": {"face2face": true, "online": false, "blended": false}, "organisation_id": 7023, "organisation": "INTO Newcastle University", "venues": [{"city": "Newcastle upon Tyne", "country": "United Kingdom", "area": "England", "display_area": true}], "discipline_title": "IT Security", "discipline_id": 285}, {"id": 274299, "title": "International Year One in Computer Science - Computer Science and Cybersecurity", "summary": "International Year One in Computer Science - Computer Science and Cybersecurity will prepare you to enter your next semester of a bachelor\u2019s degree program at Hofstra University.", "level": "preparation", "degree": "Pre-Bachelor", "tuition_fee": {"value": 25324, "unit": "year", "currency": "EUR"}, "fulltime_duration": {"value": 6, "unit": "month"}, "density": {"parttime": false, "fulltime": true}, "methods": {"face2face": true, "online": false, "blended": false}, "organisation_id": 19375, "organisation": "INTO Hofstra University", "venues": [{"city": "Hempstead", "country": "United States", "area": "New York", "display_area": true}], "discipline_title": "IT Security", "discipline_id": 285}, {"id": 267425, "title": "Graduate Pathway in Cyber Security", "summary": "Students who successfully complete the Graduate Pathway in Cyber Security offered by The University of Alabama at Birmingham&nbsp;are assured progression to a UAB graduate degree program upon submission of additional required application materials.", "level": "preparation", "degree": "Pre-Master", "tuition_fee": {"value": 14723, "unit": "year", "currency": "EUR"}, "fulltime_duration": {"value": 6, "unit": "month"}, "density": {"parttime": false, "fulltime": true}, "methods": {"face2face": true, "online": false, "blended": false}, "organisation_id": 15588, "organisation": "INTO The University of Alabama at Birmingham", "venues": [{"city": "Birmingham", "country": "United States", "area": "Alabama", "display_area": true}], "discipline_title": "IT Security", "discipline_id": 285}, {"id": 278137, "title": "Graduate Pathway in Information Systems (Non-IS Background) - Information Systems - Network and Security Management", "summary": "An INTO Illinois State University Graduate Pathway in Information Systems (Non-IS Background) - Information Systems - Network and Security Management&nbsp;will prepare you to enter your next semester of a master\u2019s degree program at Illinois State University.", "level": "preparation", "degree": "Pre-Master", "tuition_fee": {"value": 13827, "unit": "year", "currency": "EUR"}, "fulltime_duration": {"value": 6, "unit": "month"}, "density": {"parttime": false, "fulltime": true}, "methods": {"face2face": true, "online": false, "blended": false}, "organisation_id": 18813, "organisation": "INTO Illinois State University", "venues": [{"city": "Normal", "country": "United States", "area": "Illinois", "display_area": true}], "discipline_title": "IT Security", "discipline_id": 285}, {"id": 279222, "title": "International Foundation in Science and Engineering - Cyber Security", "summary": "The International Foundation in Science and Engineering - Cyber Security at INTO Manchester prepares you for direct entry on to the first year of a Computing, Mathematics, Engineering, Science or related undergraduate degree.", "level": "preparation", "degree": "Pre-Bachelor", "tuition_fee": {"value": 17706, "unit": "year", "currency": "EUR"}, "fulltime_duration": {"value": 9, "unit": "month"}, "density": {"parttime": false, "fulltime": true}, "methods": {"face2face": true, "online": false, "blended": false}, "organisation_id": 18816, "organisation": "INTO Manchester", "venues": [{"city": "Manchester", "country": "United Kingdom", "area": "England", "display_area": true}], "discipline_title": "IT Security", "discipline_id": 285}, {"id": 284637, "title": "Cybersecurity and Digital Forensics - Undergraduate Foundation Programme", "summary": "This one-year (3 term) Cybersecurity and Digital Forensics - Undergraduate Foundation Programme at&nbsp;ONCAMPUS Sunderland&nbsp; offers successful students&nbsp;guaranteed progression* to the University of Sunderland. You will study your Foundation programme at our state-of-the-art Centre located at the heart of the University of Sunderland City campus.", "level": "preparation", "degree": "Pre-Bachelor", "tuition_fee": {"value": 14697, "unit": "year", "currency": "EUR"}, "fulltime_duration": {"value": 9, "unit": "month"}, "density": {"parttime": false, "fulltime": true}, "methods": {"face2face": true, "online": false, "blended": false}, "organisation_id": 11513, "organisation": "ONCAMPUS Sunderland", "venues": [{"city": "Sunderland", "country": "United Kingdom", "area": "England", "display_area": true}], "discipline_title": "IT Security", "discipline_id": 285}, {"id": 287533, "title": "Ethical Hacking and Cyber Security - International Foundation Programme", "summary": "This one-year (3 term) Ethical Hacking and Cyber Security - International Foundation Programme from ONCAMPUS Coventry can offer successful students&nbsp;progression to Coventry University.&nbsp;You will&nbsp;study your Foundation programme at our state-of-the-art Centre located at the heart of the Coventry University campus.", "level": "preparation", "degree": "Pre-Bachelor", "tuition_fee": {"value": 16394, "unit": "year", "currency": "EUR"}, "fulltime_duration": {"value": 9, "unit": "month"}, "density": {"parttime": false, "fulltime": true}, "methods": {"face2face": true, "online": false, "blended": false}, "organisation_id": 11517, "organisation": "ONCAMPUS Coventry", "venues": [{"city": "Coventry", "country": "United Kingdom", "area": "England", "display_area": true}], "discipline_title": "IT Security", "discipline_id": 285}, {"id": 274691, "title": "International Year One in Engineering, Computing and Statistics - Cyber Security Engineering", "summary": "The International Year One in Engineering, Computing and Statistics - Cyber Security Engineering programme from&nbsp;George Mason University&nbsp;will prepare you to enter your next semester of a bachelor\u2019s degree program at George Mason University.&nbsp;", "level": "preparation", "degree": "Pre-Bachelor", "tuition_fee": {"value": 20130, "unit": "year", "currency": "EUR"}, "fulltime_duration": {"value": 6, "unit": "month"}, "density": {"parttime": false, "fulltime": true}, "methods": {"face2face": true, "online": false, "blended": false}, "organisation_id": 12270, "organisation": "INTO George Mason University", "venues": [{"city": "Fairfax", "country": "United States", "area": "Virginia", "display_area": true}], "discipline_title": "IT Security", "discipline_id": 285}, {"id": 280140, "title": "Graduate Diploma in Informatics - Cyber Security", "summary": "The Graduate Diploma in Informatics - Cyber Security offered by&nbsp;INTO City University London&nbsp;prepares you for direct entry to a postgraduate degree in a range of subject areas such as information science, software engineering, data science, human-computer interaction design, cyber security and library science.", "level": "preparation", "degree": "Pre-Master", "tuition_fee": {"value": 18951, "unit": "year", "currency": "EUR"}, "fulltime_duration": {"value": 9, "unit": "month"}, "density": {"parttime": false, "fulltime": true}, "methods": {"face2face": true, "online": false, "blended": false}, "organisation_id": 8888, "organisation": "INTO City University London", "venues": [{"city": "London", "country": "United Kingdom", "area": "England", "display_area": true}], "discipline_title": "IT Security", "discipline_id": 285}, {"id": 279894, "title": "International Diploma in Computing - Digital Security and Forensics", "summary": "The International Diploma in Computing - Digital Security and Forensics at INTO Glasgow Caledonian University prepares you for direct entry to Year 3 of an undergraduate degree in a range&nbsp;&nbsp;of computing-related subjects at GCU.", "level": "preparation", "degree": "Pre-Bachelor", "tuition_fee": {"value": 15274, "unit": "year", "currency": "EUR"}, "fulltime_duration": {"value": 9, "unit": "month"}, "density": {"parttime": false, "fulltime": true}, "methods": {"face2face": true, "online": false, "blended": false}, "organisation_id": 8886, "organisation": "INTO Glasgow Caledonian University", "venues": [{"city": "Glasgow", "country": "United Kingdom", "area": "Scotland", "display_area": true}], "discipline_title": "IT Security", "discipline_id": 285}, {"id": 278389, "title": "International Foundation in Science and Engineering - Cyber Security", "summary": "The International Foundation in Science and Engineering - Cyber Security at INTO Manchester prepares you for direct entry on to the first year of a Computing, Mathematics, Engineering, Science or related undergraduate degree.", "level": "preparation", "degree": "Pre-Bachelor", "tuition_fee": {"value": 17706, "unit": "year", "currency": "EUR"}, "fulltime_duration": {"value": 9, "unit": "month"}, "density": {"parttime": false, "fulltime": true}, "methods": {"face2face": true, "online": false, "blended": false}, "organisation_id": 18816, "organisation": "INTO Manchester", "venues": [{"city": "Manchester", "country": "United Kingdom", "area": "England", "display_area": true}], "discipline_title": "IT Security", "discipline_id": 285}, {"id": 279892, "title": "International Diploma in Computing - Cyber Security and Networks", "summary": "The International Diploma in Computing - Cyber Security and Networks at INTO Glasgow Caledonian University prepares you for direct entry to Year 3 of an undergraduate degree in a range&nbsp;&nbsp;of computing-related subjects at GCU.", "level": "preparation", "degree": "Pre-Bachelor", "tuition_fee": {"value": 15274, "unit": "year", "currency": "EUR"}, "fulltime_duration": {"value": 9, "unit": "month"}, "density": {"parttime": false, "fulltime": true}, "methods": {"face2face": true, "online": false, "blended": false}, "organisation_id": 8886, "organisation": "INTO Glasgow Caledonian University", "venues": [{"city": "Glasgow", "country": "United Kingdom", "area": "Scotland", "display_area": true}], "discipline_title": "IT Security", "discipline_id": 285}, {"id": 279761, "title": "International Year One in Science, Applied Sciences and Technology - Safety", "summary": "An INTO Illinois State University International Year One in Science, Applied Sciences and Technology - Safety will prepare you to enter your next semester of a bachelor\u2019s degree program at Illinois State University.", "level": "preparation", "degree": "Pre-Bachelor", "tuition_fee": {"value": 14899, "unit": "year", "currency": "EUR"}, "fulltime_duration": {"value": 6, "unit": "month"}, "density": {"parttime": false, "fulltime": true}, "methods": {"face2face": true, "online": false, "blended": false}, "organisation_id": 18813, "organisation": "INTO Illinois State University", "venues": [{"city": "Normal", "country": "United States", "area": "Illinois", "display_area": true}], "discipline_title": "IT Security", "discipline_id": 285}, {"id": 66842, "title": "Graduate Pathway in Information Security and Assurance", "summary": "Students who successfully complete an INTO George Mason University Graduate Pathway in Information Security and Assurance are assured progression to a Mason graduate degree program upon submission of additional required application materials.", "level": "preparation", "degree": "Pre-Master", "tuition_fee": {"value": 20130, "unit": "year", "currency": "EUR"}, "fulltime_duration": {"value": 4, "unit": "month"}, "density": {"parttime": false, "fulltime": true}, "methods": {"face2face": true, "online": false, "blended": false}, "organisation_id": 12270, "organisation": "INTO George Mason University", "venues": [{"city": "Fairfax", "country": "United States", "area": "Virginia", "display_area": true}], "discipline_title": "IT Security", "discipline_id": 285}, {"id": 297190, "title": "Cybersecurity", "summary": "Build and practice essential cybersecurity skills by studying cryptography, software security, network security, and more with this&nbsp;Cybersecurity offered by Coursera in partnership with Arizona State University.", "level": "preparation", "degree": "Pre-Master", "tuition_fee": {"value": 4159, "unit": "full", "currency": "EUR"}, "parttime_duration": {"value": 4, "unit": "month"}, "density": {"parttime": true, "fulltime": false}, "methods": {"face2face": false, "online": true, "blended": false}, "organisation_id": 17569, "organisation": "Coursera", "venues": [{"city": "Mountain View", "country": "United States", "area": "California", "display_area": true}], "discipline_title": "IT Security", "discipline_id": 285}, {"id": 287815, "title": "Ethical Hacking and Cyber Security - Intensive International Foundation Programme", "summary": "This two term&nbsp;Ethical Hacking and Cyber Security - Intensive International Foundation Programme from ONCAMPUS Coventry offers successful students&nbsp;progression to Coventry University.&nbsp;You will&nbsp;study your Intensive Foundation programme at our state-of-the-art Centre located at the heart of the Coventry University campus.", "level": "preparation", "degree": "Pre-Bachelor", "tuition_fee": {"value": 16394, "unit": "year", "currency": "EUR"}, "fulltime_duration": {"value": 6, "unit": "month"}, "density": {"parttime": false, "fulltime": true}, "methods": {"face2face": true, "online": false, "blended": false}, "organisation_id": 11517, "organisation": "ONCAMPUS Coventry", "venues": [{"city": "Coventry", "country": "United Kingdom", "area": "England", "display_area": true}], "discipline_title": "IT Security", "discipline_id": 285}, {"id": 273165, "title": "International Year One in Information Systems - Cybersecurity", "summary": "An INTO Illinois State University International Year One in Information Systems - Cybersecurity will prepare you to enter your next semester of a bachelor\u2019s degree program at Illinois State University.", "level": "preparation", "degree": "Pre-Bachelor", "tuition_fee": {"value": 14899, "unit": "year", "currency": "EUR"}, "fulltime_duration": {"value": 6, "unit": "month"}, "density": {"parttime": false, "fulltime": true}, "methods": {"face2face": true, "online": false, "blended": false}, "organisation_id": 18813, "organisation": "INTO Illinois State University", "venues": [{"city": "Normal", "country": "United States", "area": "Illinois", "display_area": true}], "discipline_title": "IT Security", "discipline_id": 285}, {"id": 274325, "title": "International Year One in Engineering - Computer Engineering - Networking and Cybersecurity", "summary": "International Year One in Engineering - Computer Engineering - Networking and Cybersecurity will prepare you to enter your next semester of a bachelor\u2019s degree program at Hofstra University.", "level": "preparation", "degree": "Pre-Bachelor", "tuition_fee": {"value": 25324, "unit": "year", "currency": "EUR"}, "fulltime_duration": {"value": 6, "unit": "month"}, "density": {"parttime": false, "fulltime": true}, "methods": {"face2face": true, "online": false, "blended": false}, "organisation_id": 19375, "organisation": "INTO Hofstra University", "venues": [{"city": "Hempstead", "country": "United States", "area": "New York", "display_area": true}], "discipline_title": "IT Security", "discipline_id": 285}, {"id": 52101, "title": "Undergraduate Certificate in Cybercrime Essentials", "summary": "This certificate is designed to provide students with the foundational knowledge and technologies needed to detect, investigate, and prevent computer related crimes, examines the theory, best practices, and methodologies to conduct computer forensics investigations. An undergraduate student, regardless of field of study, may enroll in the Certificate of Cybercrime Essentials.", "level": "preparation", "degree": "Pre-Bachelor", "tuition_fee": {"value": 250, "unit": "credit", "currency": "EUR"}, "fulltime_duration": {"value": 12, "unit": "month"}, "parttime_duration": {"value": 36, "unit": "month"}, "density": {"parttime": true, "fulltime": true}, "methods": {"face2face": false, "online": true, "blended": false}, "organisation_id": 10683, "organisation": "American Public University", "venues": [{"city": "Charles Town", "country": "United States", "area": "West Virginia", "display_area": true}], "discipline_title": "IT Security", "discipline_id": 285}, {"id": 52107, "title": "Undergraduate Certificate in Digital Forensics", "summary": "Digital forensic measures are needed to respond to security incidents in order to prevent loss or corruption of sensitive information. It allows for the creation of sound processes in following the trail of digital evidence through an investigation, including formal reporting and courtroom testimony. It connects the legal aspects of data and technology to electronic discovery, deposition.", "level": "preparation", "degree": "Pre-Bachelor", "tuition_fee": {"value": 250, "unit": "credit", "currency": "EUR"}, "fulltime_duration": {"value": 12, "unit": "month"}, "parttime_duration": {"value": 36, "unit": "month"}, "density": {"parttime": true, "fulltime": true}, "methods": {"face2face": false, "online": true, "blended": false}, "organisation_id": 10683, "organisation": "American Public University", "venues": [{"city": "Charles Town", "country": "United States", "area": "West Virginia", "display_area": true}], "discipline_title": "IT Security", "discipline_id": 285}, {"id": 294428, "title": "Cloud Security (CCSK) online training", "summary": "The CCSK online training is a unique training package that offers far  more than the 3-day in-class training. The online training is enriched  with many instructor-led support hours, extra PowerPoints, screen  recordings, chat support, more exam preparation materials, practical  application tips for CCSK and online classes.", "level": "preparation", "degree": "Pre-Bachelor", "tuition_fee": {"value": 3495, "unit": "year", "currency": "EUR"}, "fulltime_duration": {"value": 3, "unit": "month"}, "density": {"parttime": false, "fulltime": true}, "methods": {"face2face": false, "online": true, "blended": false}, "organisation_id": 10516, "organisation": "IMF Academy", "venues": [{"city": "Eindhoven", "country": "Netherlands", "area": "North Brabant", "display_area": false}], "discipline_title": "IT Security", "discipline_id": 285}, {"id": 52138, "title": "Undergraduate Certificate in IT Infrastructure Security", "summary": "This certificate focuses on assessing, mitigating, and managing security risks in IT infrastructures. Any undergraduate student, regardless of major, may enroll in the Certificate in Infrastructure Security.&nbsp;", "level": "preparation", "degree": "Pre-Bachelor", "tuition_fee": {"value": 250, "unit": "credit", "currency": "EUR"}, "fulltime_duration": {"value": 12, "unit": "month"}, "parttime_duration": {"value": 36, "unit": "month"}, "density": {"parttime": true, "fulltime": true}, "methods": {"face2face": false, "online": true, "blended": false}, "organisation_id": 10683, "organisation": "American Public University", "venues": [{"city": "Charles Town", "country": "United States", "area": "West Virginia", "display_area": true}], "discipline_title": "IT Security", "discipline_id": 285}, {"id": 52181, "title": "Undergraduate Certificate in Information Security Planning", "summary": "This certificate assesses the principles of information systems attack and defense and applies that knowledge to protect the information assets of an organization. Any undergraduate student, regardless of major, may enroll in the Certificate in Information Security Planning.", "level": "preparation", "degree": "Pre-Bachelor", "tuition_fee": {"value": 250, "unit": "credit", "currency": "EUR"}, "fulltime_duration": {"value": 12, "unit": "month"}, "parttime_duration": {"value": 36, "unit": "month"}, "density": {"parttime": true, "fulltime": true}, "methods": {"face2face": false, "online": true, "blended": false}, "organisation_id": 10683, "organisation": "American Public University", "venues": [{"city": "Charles Town", "country": "United States", "area": "West Virginia", "display_area": true}], "discipline_title": "IT Security", "discipline_id": 285}, {"id": 52104, "title": "Undergraduate Certificate in Cybersecurity", "summary": "Computers and the Internet have become an integral part of conducting business for companies, organizations and the government. Cybersecurity experts are needed to keep systems and sensitive information secure and out of the hands of cyber criminals. Jobs in both the public and private sector are needed due to the growing dependence of most businesses on information technology.", "level": "preparation", "degree": "Pre-Bachelor", "tuition_fee": {"value": 250, "unit": "credit", "currency": "EUR"}, "fulltime_duration": {"value": 12, "unit": "month"}, "parttime_duration": {"value": 36, "unit": "month"}, "density": {"parttime": true, "fulltime": true}, "methods": {"face2face": false, "online": true, "blended": false}, "organisation_id": 10683, "organisation": "American Public University", "venues": [{"city": "Charles Town", "country": "United States", "area": "West Virginia", "display_area": true}], "discipline_title": "IT Security", "discipline_id": 285}, {"id": 52182, "title": "Undergraduate Certificate in Information Systems Security Essentials", "summary": "Security threats increase in number and severity at a faster rate than qualified security professionals can fill-in the necessary gap. Qualified security professionals are in dire need even in a troubled economy, as businesses prioritize their budget spending to invest in a secure business environment.", "level": "preparation", "degree": "Pre-Bachelor", "tuition_fee": {"value": 250, "unit": "credit", "currency": "EUR"}, "fulltime_duration": {"value": 12, "unit": "month"}, "parttime_duration": {"value": 36, "unit": "month"}, "density": {"parttime": true, "fulltime": true}, "methods": {"face2face": false, "online": true, "blended": false}, "organisation_id": 10683, "organisation": "American Public University", "venues": [{"city": "Charles Town", "country": "United States", "area": "West Virginia", "display_area": true}], "discipline_title": "IT Security", "discipline_id": 285}]