[{"id": 210567, "title": "Software Product Management", "summary": "Create Better Software using Agile Practices. Master Agile development and effective interactions to drive the making of great software products with this&nbsp;Software Product Management offered by Coursera in partnership with University of Alberta.", "level": "short", "degree": "Short Course", "parttime_duration": {"value": 4, "unit": "month"}, "density": {"parttime": true, "fulltime": false}, "methods": {"face2face": false, "online": true, "blended": false}, "organisation_id": 17562, "organisation": "Coursera - University of Alberta", "venues": [{"city": "Mountain View", "country": "United States", "area": "California", "display_area": true}], "discipline_title": "Software Engineering", "discipline_id": 329}, {"id": 264025, "title": "Introduction to Java Programming", "summary": "EdX is an online learning platform trusted by over 12 million users offering the&nbsp;Introduction to Java Programming&nbsp;Program in collaboration with&nbsp;Carlos III University of Madrid - UC3Mx.&nbsp;Learn how to program in an easy and interactive way.", "level": "short", "degree": "Short Course", "tuition_fee": {"value": 274, "unit": "full", "currency": "EUR"}, "parttime_duration": {"value": 4, "unit": "month"}, "density": {"parttime": true, "fulltime": false}, "methods": {"face2face": false, "online": true, "blended": false}, "organisation_id": 16783, "organisation": "edX - online learning platform", "venues": [{"city": "Madrid", "country": "Spain", "area": "Madrid", "display_area": false}], "discipline_title": "Software Engineering", "discipline_id": 329}, {"id": 210752, "title": "Web Application Development with JavaScript and MongoDB", "summary": "This Web Application Development with JavaScript and MongoDB offered by Coursera in partnership with University of London is part of&nbsp;Responsive Website Development and Design Specialization.", "level": "short", "degree": "Certificate", "parttime_duration": {"value": 1, "unit": "month"}, "density": {"parttime": true, "fulltime": false}, "methods": {"face2face": false, "online": true, "blended": false}, "organisation_id": 17566, "organisation": "Coursera - University of London", "venues": [{"city": "Mountain View", "country": "United States", "area": "California", "display_area": true}], "discipline_title": "Software Engineering", "discipline_id": 329}, {"id": 264033, "title": "Introduction to Java Programming - Writing Good Code", "summary": "EdX is an online learning platform trusted by over 12 million users offering the&nbsp;Introduction to Java Programming - Writing Good Code&nbsp;Program in collaboration with&nbsp;Carlos III University of Madrid - UC3Mx.&nbsp;Learn to program in an easy and interactive way and enter the fascinating world of computer science.", "level": "short", "degree": "Certificate", "parttime_duration": {"value": 35, "unit": "day"}, "density": {"parttime": true, "fulltime": false}, "methods": {"face2face": false, "online": true, "blended": false}, "organisation_id": 16783, "organisation": "edX - online learning platform", "venues": [{"city": "Madrid", "country": "Spain", "area": "Madrid", "display_area": false}], "discipline_title": "Software Engineering", "discipline_id": 329}, {"id": 264032, "title": "Introduction to Java Programming - Starting to code in Java", "summary": "EdX is an online learning platform trusted by over 12 million users offering the&nbsp;Introduction to Java Programming - Starting to code in Java&nbsp;Program in collaboration with&nbsp;Carlos III University of Madrid - UC3Mx.&nbsp;", "level": "short", "degree": "Certificate", "parttime_duration": {"value": 35, "unit": "day"}, "density": {"parttime": true, "fulltime": false}, "methods": {"face2face": false, "online": true, "blended": false}, "organisation_id": 16783, "organisation": "edX - online learning platform", "venues": [{"city": "Madrid", "country": "Spain", "area": "Madrid", "display_area": false}], "discipline_title": "Software Engineering", "discipline_id": 329}, {"id": 264035, "title": "Introduction to Java Programming - Fundamental Data Structures and Algorithms", "summary": "EdX is an online learning platform trusted by over 12 million users offering the Introduction to Java Programming - Fundamental Data Structures and Algorithms Certificate in collaboration with&nbsp;Carlos III University of Madrid - UC3Mx.&nbsp;Learn to enhance your code by using fundamental data structures and powerful algorithms in Java.", "level": "short", "degree": "Certificate", "parttime_duration": {"value": 35, "unit": "day"}, "density": {"parttime": true, "fulltime": false}, "methods": {"face2face": false, "online": true, "blended": false}, "organisation_id": 16783, "organisation": "edX - online learning platform", "venues": [{"city": "Madrid", "country": "Spain", "area": "Madrid", "display_area": false}], "discipline_title": "Software Engineering", "discipline_id": 329}, {"id": 269565, "title": "Ruby on Rails Web Development", "summary": "Become a Rails Developer. Create modern full-stack web applications with this&nbsp;Ruby on Rails Web Development offered by Coursera in partnership with John Hopkins University.", "level": "short", "degree": "Short Course", "parttime_duration": {"value": 10, "unit": "month"}, "density": {"parttime": true, "fulltime": false}, "methods": {"face2face": false, "online": true, "blended": false}, "organisation_id": 17574, "organisation": "Coursera - John Hopkins University", "venues": [{"city": "Mountain View", "country": "United States", "area": "California", "display_area": true}], "discipline_title": "Software Engineering", "discipline_id": 329}, {"id": 210248, "title": "Java Programming - Solving Problems with Software", "summary": "Learn to code in Java and improve your programming and problem-solving skills with this Java Programming - Solving Problems with Software offered by Coursera in partnership with Duke University.", "level": "short", "degree": "Certificate", "parttime_duration": {"value": 1, "unit": "month"}, "density": {"parttime": true, "fulltime": false}, "methods": {"face2face": false, "online": true, "blended": false}, "organisation_id": 17569, "organisation": "Coursera", "venues": [{"city": "Mountain View", "country": "United States", "area": "California", "display_area": true}], "discipline_title": "Software Engineering", "discipline_id": 329}, {"id": 210591, "title": "Agile Planning for Software Products", "summary": "This Agile Planning for Software Products offered by Coursera in partnership with University of Alberta is part of&nbsp;Software Product Management Specialization.", "level": "short", "degree": "Certificate", "parttime_duration": {"value": 1, "unit": "month"}, "density": {"parttime": true, "fulltime": false}, "methods": {"face2face": false, "online": true, "blended": false}, "organisation_id": 17562, "organisation": "Coursera - University of Alberta", "venues": [{"city": "Mountain View", "country": "United States", "area": "California", "display_area": true}], "discipline_title": "Software Engineering", "discipline_id": 329}, {"id": 209096, "title": "Web Design for Everybody - Basics of Web Development and Coding", "summary": "Learn to Design and Create Websites. Build a responsive and accessible web portfolio using HTML5, CSS3, and JavaScript&nbsp;with this Web Design for Everybody - Basics of Web Development and Coding&nbsp;offered by Coursera in partnership with University of Michigan.", "level": "short", "degree": "Short Course", "parttime_duration": {"value": 3, "unit": "month"}, "density": {"parttime": true, "fulltime": false}, "methods": {"face2face": false, "online": true, "blended": false}, "organisation_id": 17529, "organisation": "Coursera - University of Michigan", "venues": [{"city": "Mountain View", "country": "United States", "area": "California", "display_area": true}], "discipline_title": "Software Engineering", "discipline_id": 329}, {"id": 76050, "title": "Software Engineering", "summary": "Designing, building and testing software systems can be a complicated process.&nbsp;This Software Engineering module at The Open University UK aims to provide you with an understanding of software engineering concepts and a view of practical software development. It follows a disciplined approach to the development of software systems to meet specified requirements.", "level": "short", "degree": "Short Course", "density": {"parttime": true, "fulltime": false}, "methods": {"face2face": false, "online": true, "blended": false}, "organisation_id": 1865, "organisation": "The Open University UK", "venues": [{"city": "Milton Keynes", "country": "United Kingdom", "area": "England", "display_area": true}], "discipline_title": "Software Engineering", "discipline_id": 329}, {"id": 132952, "title": "Colloquium on Computer Systems", "summary": "The Colloquium on Computer Systems online course is offered by Stanford Summer.&nbsp;Live presentations of current research in the design, implementation, analysis, and applications of computer systems.", "level": "short", "degree": "Short Course", "tuition_fee": {"value": 1086, "unit": "credit", "currency": "EUR"}, "fulltime_duration": {"value": 2, "unit": "month"}, "density": {"parttime": false, "fulltime": true}, "methods": {"face2face": false, "online": true, "blended": false}, "organisation_id": 14258, "organisation": "Stanford University - Summer Sessions", "venues": [{"city": "Stanford", "country": "United States", "area": "California", "display_area": true}], "discipline_title": "Software Engineering", "discipline_id": 329}, {"id": 209422, "title": "Web Design for Everybody Capstone", "summary": "This Web Design for Everybody Capstone offered by Coursera in partnership with University of Michigan is part of the Web Design for Everybody - Basics of Web Development and Coding Specialization.", "level": "short", "degree": "Certificate", "parttime_duration": {"value": 2, "unit": "month"}, "density": {"parttime": true, "fulltime": false}, "methods": {"face2face": false, "online": true, "blended": false}, "organisation_id": 17529, "organisation": "Coursera - University of Michigan", "venues": [{"city": "Mountain View", "country": "United States", "area": "California", "display_area": true}], "discipline_title": "Software Engineering", "discipline_id": 329}, {"id": 194776, "title": "Software Development Fundamentals", "summary": "EdX is an online learning platform trusted by over 12 million users offering the&nbsp;Software Development Fundamentals Program in collaboration with University of Pennsylvania - PennX.&nbsp;Learn the fundamentals of object-oriented programming in Java, as well as best practices of modern software development.", "level": "short", "degree": "Certificate", "parttime_duration": {"value": 28, "unit": "day"}, "density": {"parttime": true, "fulltime": false}, "methods": {"face2face": false, "online": true, "blended": false}, "organisation_id": 16724, "organisation": "University of Pennsylvania - PennX", "venues": [{"city": "Philadelphia", "country": "United States", "area": "Pennsylvania", "display_area": true}], "discipline_title": "Software Engineering", "discipline_id": 329}, {"id": 200631, "title": "Formal Software Verification", "summary": "EdX is an online learning platform trusted by over 12 million users  offering the&nbsp;Formal Software Verification&nbsp;Program in collaboration with  University of Maryland University College - UMUCx. Learn software quality techniques  beyond just running test cases.", "level": "short", "degree": "Certificate", "parttime_duration": {"value": 56, "unit": "day"}, "density": {"parttime": true, "fulltime": false}, "methods": {"face2face": false, "online": true, "blended": false}, "organisation_id": 16899, "organisation": "University of Maryland University College - UMUCx", "venues": [{"city": "Maryland City", "country": "United States", "area": "Maryland", "display_area": true}], "discipline_title": "Software Engineering", "discipline_id": 329}, {"id": 273241, "title": "Developing Blockchain Applications", "summary": "Learn the language and tools required to build decentralised apps on the Ethereum platform with this&nbsp;Developing Blockchain Applications from&nbsp;RMIT University.", "level": "short", "degree": "Short Course", "tuition_fee": {"value": 836, "unit": "full", "currency": "EUR"}, "parttime_duration": {"value": 2, "unit": "month"}, "density": {"parttime": true, "fulltime": false}, "methods": {"face2face": false, "online": true, "blended": false}, "organisation_id": 19451, "organisation": "RMIT Future Skills", "venues": [{"city": "Melbourne", "country": "Australia", "area": "Victoria", "display_area": true}], "discipline_title": "Software Engineering", "discipline_id": 329}, {"id": 295598, "title": "Software Defined Networking", "summary": "Transition your career into the world of Software Defined Networking (SDN) and learn how to deploy cutting edge solutions with network functions virtualisation (NFV). Learn this highly in-demand skillset and be ready for the future, today at RMIT University.", "level": "short", "degree": "Short Course", "tuition_fee": {"value": 955, "unit": "full", "currency": "EUR"}, "parttime_duration": {"value": 42, "unit": "day"}, "density": {"parttime": true, "fulltime": false}, "methods": {"face2face": false, "online": true, "blended": false}, "organisation_id": 19451, "organisation": "RMIT Future Skills", "venues": [{"city": "Melbourne", "country": "Australia", "area": "Victoria", "display_area": true}], "discipline_title": "Software Engineering", "discipline_id": 329}, {"id": 194772, "title": "Data Structures and Software Design", "summary": "EdX is an online learning platform trusted by over 12 million users offering the&nbsp;Data Structures and Software Design Program in collaboration with University of Pennsylvania - PennX.&nbsp;Learn how to select, apply, and analyze the most appropriate data representations in your code and design high quality software that is easy to understand and modify.", "level": "short", "degree": "Certificate", "parttime_duration": {"value": 28, "unit": "day"}, "density": {"parttime": true, "fulltime": false}, "methods": {"face2face": false, "online": true, "blended": false}, "organisation_id": 16724, "organisation": "University of Pennsylvania - PennX", "venues": [{"city": "Philadelphia", "country": "United States", "area": "Pennsylvania", "display_area": true}], "discipline_title": "Software Engineering", "discipline_id": 329}, {"id": 194766, "title": "Programming for the Web with JavaScript", "summary": "EdX is an online learning platform trusted by over 12 million users offering the&nbsp;Programming for the Web with JavaScript Program in collaboration with University of Pennsylvania - PennX.&nbsp;Learn how to develop dynamic, interactive, and data-driven web apps using JavaScript.", "level": "short", "degree": "Certificate", "parttime_duration": {"value": 28, "unit": "day"}, "density": {"parttime": true, "fulltime": false}, "methods": {"face2face": false, "online": true, "blended": false}, "organisation_id": 16724, "organisation": "University of Pennsylvania - PennX", "venues": [{"city": "Philadelphia", "country": "United States", "area": "Pennsylvania", "display_area": true}], "discipline_title": "Software Engineering", "discipline_id": 329}, {"id": 195555, "title": "Globally Distributed Software Engineering", "summary": "Software engineering operates ever more frequently in globally distributed settings. This practice, also known as Globally Distributed Software Engineering (GDSE) has advantages and disadvantages that need to be addressed in a thoroughly practical way.The\u00a0Globally Distributed Software Engineering programme is offered by the\u00a0Delft University of Technology (TU Delft). \u00a0", "level": "short", "degree": "Short Course", "tuition_fee": {"value": 0, "unit": "year", "currency": "EUR"}, "parttime_duration": {"value": 49, "unit": "day"}, "density": {"parttime": true, "fulltime": false}, "methods": {"face2face": false, "online": true, "blended": false}, "organisation_id": 9612, "organisation": "Delft University of Technology (TU Delft)", "venues": [{"city": "Delft", "country": "Netherlands", "area": "South Holland", "display_area": false}], "discipline_title": "Software Engineering", "discipline_id": 329}, {"id": 58257, "title": "Software Productivity II", "summary": "Software productivity is a term used to describe the effective use of software to accomplish common business activities. Software skills include word processing, spreadsheet, database, presentation, project management, accounting and digital media.", "level": "short", "degree": "Certificate", "fulltime_duration": {"value": 12, "unit": "month"}, "density": {"parttime": false, "fulltime": true}, "methods": {"face2face": false, "online": true, "blended": false}, "organisation_id": 11497, "organisation": "University of Cincinnati", "venues": [{"city": "Cincinnati", "country": "United States", "area": "Ohio", "display_area": true}], "discipline_title": "Software Engineering", "discipline_id": 329}, {"id": 269548, "title": "Basics of Game Development", "summary": "The objective of the Basics of Game Development course from&nbsp;Tallinn University is to provide knowledge and introduce practical skills in order to develop digital games.&nbsp;", "level": "short", "degree": "Certificate", "tuition_fee": {"value": 300, "unit": "module", "currency": "EUR"}, "fulltime_duration": {"value": 5, "unit": "day"}, "density": {"parttime": false, "fulltime": true}, "methods": {"face2face": true, "online": false, "blended": false}, "organisation_id": 175, "organisation": "Tallinn University", "venues": [{"city": "Tallinn", "country": "Estonia", "area": "Harjumaa", "display_area": false}], "discipline_title": "Software Engineering", "discipline_id": 329}, {"id": 50051, "title": "Software Engineering and Object Oriented Programming", "summary": "To introduce the fundamentals of object-oriented programming and the Java programming language. To illustrate the main issues and methods in the shared process of software development.", "level": "short", "degree": "Short Course", "tuition_fee": {"value": 180, "unit": "year", "currency": "EUR"}, "parttime_duration": {"value": 1, "unit": "month"}, "density": {"parttime": true, "fulltime": false}, "methods": {"face2face": false, "online": true, "blended": false}, "organisation_id": 1826, "organisation": "International Telematic University UNINETTUNO", "venues": [{"city": "Roma", "country": "Italy", "area": "Latium", "display_area": false}], "discipline_title": "Software Engineering", "discipline_id": 329}, {"id": 269359, "title": "Full Stack Web Developer", "summary": "If you have a desire to become a web developer and and want to learn web design, SQL, HTML, Python and web applications, this&nbsp;Full Stack Web Developer course from&nbsp;The Learning People is the course for you.", "level": "short", "degree": "Advanced Diploma", "parttime_duration": {"value": 6, "unit": "month"}, "density": {"parttime": true, "fulltime": false}, "methods": {"face2face": false, "online": true, "blended": false}, "organisation_id": 19305, "organisation": "The Learning People", "venues": [{"city": "Hove", "country": "United Kingdom", "area": "England", "display_area": true}, {"city": "Sydney", "country": "Australia", "area": "New South Wales", "display_area": true}, {"city": "Christchurch", "country": "New Zealand", "area": "Canterbury", "display_area": false}], "discipline_title": "Software Engineering", "discipline_id": 329}, {"id": 260556, "title": "Coding - HTML, CSS and Javascript", "summary": "Join this hands-on course and learn how to code HTML, CSS and Javascript from the beginning.&nbsp;The Coding - HTML, CSS and Javascript&nbsp;programme offered by the University of the Arts London (UAL) will introduce the fundamental skills required to create an interactive web page.", "level": "short", "degree": "Short Course", "tuition_fee": {"value": 673, "unit": "full", "currency": "EUR"}, "fulltime_duration": {"value": 4, "unit": "day"}, "density": {"parttime": false, "fulltime": true}, "methods": {"face2face": true, "online": false, "blended": false}, "organisation_id": 422, "organisation": "University of the Arts London (UAL)", "venues": [{"city": "London", "country": "United Kingdom", "area": "England", "display_area": true}], "discipline_title": "Software Engineering", "discipline_id": 329}, {"id": 262695, "title": "Coding for Beginners", "summary": "With our technology driven world, learning the basics of coding and programming with this&nbsp;Coding for Beginners course at&nbsp;International Open Academy, can be extremely useful for your everyday technical needs.", "level": "short", "degree": "Certificate", "tuition_fee": {"value": 79, "unit": "full", "currency": "EUR"}, "parttime_duration": {"value": 4, "unit": "day"}, "density": {"parttime": true, "fulltime": false}, "methods": {"face2face": false, "online": true, "blended": false}, "organisation_id": 18897, "organisation": "International Open Academy", "venues": [{"city": "Abbey Wood", "country": "United Kingdom", "area": "England", "display_area": true}], "discipline_title": "Software Engineering", "discipline_id": 329}, {"id": 293358, "title": "Principles of Data Science in Python", "summary": "This Principles of Data Science in Python&nbsp;module from University of Sussex will provide students with the practical tools and techniques required to build, analyse and interpret 'big data' datasets.&nbsp;", "level": "short", "degree": "Short Course", "tuition_fee": {"value": 1697, "unit": "full", "currency": "EUR"}, "fulltime_duration": {"value": 19, "unit": "day"}, "density": {"parttime": false, "fulltime": true}, "methods": {"face2face": true, "online": false, "blended": false}, "organisation_id": 275, "organisation": "University of Sussex", "venues": [{"city": "Brighton", "country": "United Kingdom", "area": "England", "display_area": true}], "discipline_title": "Software Engineering", "discipline_id": 329}, {"id": 50046, "title": "Software Engineering", "summary": "Software Engineering: Number of Videolessons: 25. If you have enjoyed the MOOCs experience, you can transform it into an actual asset for your academic and professional career.", "level": "short", "degree": "Short Course", "tuition_fee": {"value": 180, "unit": "year", "currency": "EUR"}, "parttime_duration": {"value": 1, "unit": "month"}, "density": {"parttime": true, "fulltime": false}, "methods": {"face2face": false, "online": true, "blended": false}, "organisation_id": 1826, "organisation": "International Telematic University UNINETTUNO", "venues": [{"city": "Roma", "country": "Italy", "area": "Latium", "display_area": false}], "discipline_title": "Software Engineering", "discipline_id": 329}, {"id": 251389, "title": "Adaptive Lean Software Testing", "summary": "This course of&nbsp;Adaptive Lean Software Testing is offered by Blekinge Institute of Tehnology.&nbsp;", "level": "short", "degree": "Short Course", "fulltime_duration": {"value": 4, "unit": "month"}, "density": {"parttime": false, "fulltime": true}, "methods": {"face2face": false, "online": true, "blended": false}, "organisation_id": 186, "organisation": "Blekinge Institute of Technology", "venues": [{"city": "Karlskrona", "country": "Sweden", "area": "Blekinge", "display_area": false}], "discipline_title": "Software Engineering", "discipline_id": 329}, {"id": 293733, "title": "How to Conduct a Meta-Analysis Using Open-Science Software", "summary": "During this How to Conduct a Meta-Analysis Using Open-Science Software&nbsp;course at&nbsp;Vrije Universiteit Amsterdam, students will learn how to formulate a problem and analyze it conducting a meta-analysis in JASP, an open-science software.&nbsp;", "level": "short", "degree": "Short Course", "tuition_fee": {"value": 500, "unit": "full", "currency": "EUR"}, "fulltime_duration": {"value": 14, "unit": "day"}, "density": {"parttime": false, "fulltime": true}, "methods": {"face2face": false, "online": true, "blended": false}, "organisation_id": 81, "organisation": "Vrije Universiteit Amsterdam", "venues": [{"city": "Amsterdam", "country": "Netherlands", "area": "North Holland", "display_area": false}], "discipline_title": "Software Engineering", "discipline_id": 329}, {"id": 269361, "title": "HTML, CSS, JavaScript, Python, Ruby and Django", "summary": "If you have a desire to become a web developer and and want to learn web design, SQL, HTML, Python and web applications, this&nbsp;HTML, CSS, JavaScript, Python, Ruby and Django course from&nbsp;The Learning People is the course for you.", "level": "short", "degree": "Advanced Diploma", "parttime_duration": {"value": 12, "unit": "month"}, "density": {"parttime": true, "fulltime": false}, "methods": {"face2face": false, "online": true, "blended": false}, "organisation_id": 19305, "organisation": "The Learning People", "venues": [{"city": "Hove", "country": "United Kingdom", "area": "England", "display_area": true}, {"city": "Sydney", "country": "Australia", "area": "New South Wales", "display_area": true}, {"city": "Christchurch", "country": "New Zealand", "area": "Canterbury", "display_area": false}], "discipline_title": "Software Engineering", "discipline_id": 329}, {"id": 293357, "title": "Natural Language Engineering with Python", "summary": "This Natural Language Engineering with Python&nbsp;module from University of Sussex teaches students how a computer processes and ideally understands the English language. It explores how computers mirror human behaviour:", "level": "short", "degree": "Short Course", "tuition_fee": {"value": 1697, "unit": "full", "currency": "EUR"}, "fulltime_duration": {"value": 19, "unit": "day"}, "density": {"parttime": false, "fulltime": true}, "methods": {"face2face": true, "online": false, "blended": false}, "organisation_id": 275, "organisation": "University of Sussex", "venues": [{"city": "Brighton", "country": "United Kingdom", "area": "England", "display_area": true}], "discipline_title": "Software Engineering", "discipline_id": 329}, {"id": 251401, "title": "Behavioural Software Engineering", "summary": "This course of Behavioural Software Engineering&nbsp; is offered by Blekinge Institute of Tehnology.&nbsp;", "level": "short", "degree": "Short Course", "fulltime_duration": {"value": 4, "unit": "month"}, "density": {"parttime": true, "fulltime": true}, "methods": {"face2face": false, "online": true, "blended": false}, "organisation_id": 186, "organisation": "Blekinge Institute of Technology", "venues": [{"city": "Karlskrona", "country": "Sweden", "area": "Blekinge", "display_area": false}], "discipline_title": "Software Engineering", "discipline_id": 329}, {"id": 230093, "title": "Computer Programming", "summary": "In this program, students focus on computer programming, web development, and designing data-driven systems. Students learn how to write code in a variety of programming languages such as Arduino, ASP.NET, C#, Java, JavaScript, HTML/CSS, PHP and Swift.&nbsp;", "level": "short", "degree": "Short Course", "tuition_fee": {"value": 8233, "unit": "year", "currency": "EUR"}, "fulltime_duration": {"value": 24, "unit": "month"}, "density": {"parttime": false, "fulltime": true}, "methods": {"face2face": true, "online": false, "blended": false}, "organisation_id": 18142, "organisation": "Georgian College", "venues": [{"city": "Barrie", "country": "Canada", "area": "Ontario", "display_area": false}], "discipline_title": "Software Engineering", "discipline_id": 329}, {"id": 135792, "title": "Introduction to Computer Programming for Scientists and Engineers", "summary": "The Introduction to Computer Programming for Scientists and Engineers course is offered at University of California, Berkeley.", "level": "short", "degree": "Short Course", "tuition_fee": {"value": 508, "unit": "credit", "currency": "EUR"}, "parttime_duration": {"value": 70, "unit": "day"}, "density": {"parttime": true, "fulltime": false}, "methods": {"face2face": true, "online": false, "blended": false}, "organisation_id": 11801, "organisation": "University of California, Berkeley", "venues": [{"city": "Berkeley", "country": "United States", "area": "California", "display_area": true}], "discipline_title": "Software Engineering", "discipline_id": 329}, {"id": 269376, "title": "Coding course for beginners", "summary": "If you have a desire to become a web developer and and want to learn web design, SQL, HTML, Python and web applications, this&nbsp;Coding course for beginners from&nbsp;The Learning People is the course for you.", "level": "short", "degree": "Advanced Diploma", "parttime_duration": {"value": 12, "unit": "month"}, "density": {"parttime": true, "fulltime": false}, "methods": {"face2face": false, "online": true, "blended": false}, "organisation_id": 19305, "organisation": "The Learning People", "venues": [{"city": "Hove", "country": "United Kingdom", "area": "England", "display_area": true}, {"city": "Sydney", "country": "Australia", "area": "New South Wales", "display_area": true}, {"city": "Christchurch", "country": "New Zealand", "area": "Canterbury", "display_area": false}], "discipline_title": "Software Engineering", "discipline_id": 329}, {"id": 269058, "title": "Machine Learning with Python", "summary": "This is the bite size course to learn Machine Learning with Python through Simpliv. In CRISP DM data mining process, machine learning is at the modeling and evaluation stage.&nbsp;", "level": "short", "degree": "Certificate", "tuition_fee": {"value": 46, "unit": "full", "currency": "EUR"}, "density": {"parttime": true, "fulltime": false}, "methods": {"face2face": false, "online": true, "blended": false}, "organisation_id": 19165, "organisation": "Simpliv", "venues": [{"city": "Fremont", "country": "United States", "area": "California", "display_area": true}], "discipline_title": "Software Engineering", "discipline_id": 329}]