[{"id": 292880, "title": "Computer Vision", "summary": "This scientific field studies how computers can be used to automatically understand and interpret visual imagery. The&nbsp;Computer Vision program at Mohamed bin Zayed University of Artificial Intelligence aims to mimic the astounding capabilities of human visual cortex using machine vision algorithms.&nbsp;", "level": "phd", "degree": "Ph.D.", "tuition_fee": {"value": 0, "unit": "year", "currency": "EUR"}, "fulltime_duration": {"value": 48, "unit": "month"}, "density": {"parttime": false, "fulltime": true}, "methods": {"face2face": true, "online": false, "blended": false}, "organisation_id": 19934, "organisation": "Mohamed bin Zayed University of Artificial Intelligence", "venues": [{"city": "Abu Dhabi", "country": "United Arab Emirates", "area": "Abu Z", "display_area": false}], "discipline_title": "Artificial Intelligence", "discipline_id": 330}, {"id": 292882, "title": "Machine Learning", "summary": "This Machine Learning program at Mohamed bin Zayed University of Artificial Intelligence tackles the scientific study of algorithms and statistical models that computer systems use to effectively perform a specific task without using explicit instructions, relying on patterns and inference instead.&nbsp;", "level": "phd", "degree": "Ph.D.", "tuition_fee": {"value": 0, "unit": "year", "currency": "EUR"}, "fulltime_duration": {"value": 48, "unit": "month"}, "density": {"parttime": false, "fulltime": true}, "methods": {"face2face": true, "online": false, "blended": false}, "organisation_id": 19934, "organisation": "Mohamed bin Zayed University of Artificial Intelligence", "venues": [{"city": "Abu Dhabi", "country": "United Arab Emirates", "area": "Abu Z", "display_area": false}], "discipline_title": "Artificial Intelligence", "discipline_id": 330}, {"id": 43103, "title": "Information Security", "summary": "The Information Security program from Instituto Superior T\u00e9cnico aims at training experts capable of carrying out autonomous research activities in the broad area of information security, mastering relevant subjects in Mathematics, Computer Science and Electrical Engineering, including computational complexity, cryptography, systems security and information theory.", "level": "phd", "degree": "Ph.D.", "tuition_fee": {"value": 2750, "unit": "year", "currency": "EUR"}, "fulltime_duration": {"value": 36, "unit": "month"}, "density": {"parttime": false, "fulltime": true}, "methods": {"face2face": true, "online": false, "blended": false}, "organisation_id": 10407, "organisation": "Instituto Superior T\u00e9cnico", "venues": [{"city": "Lisbon", "country": "Portugal", "area": "Lisbon", "display_area": false}], "discipline_title": "Artificial Intelligence", "discipline_id": 330}, {"id": 295811, "title": "Accurate detection of true effective labour using electrohysterography - Towards remote pregnancy monitoring", "summary": "The Accurate detection of true effective labour using electrohysterography - Towards remote pregnancy monitoring in low-resource settings project from Coventry University&nbsp;involves working with an interdisciplinary team with expertise in engineering, electrophysiology, maternity care and service user engagement which would offer the student exposure to the application of data-driven approaches.", "level": "phd", "degree": "Ph.D.", "tuition_fee": {"value": 0, "unit": "year", "currency": "EUR"}, "fulltime_duration": {"value": 36, "unit": "month"}, "density": {"parttime": false, "fulltime": true}, "methods": {"face2face": true, "online": false, "blended": false}, "organisation_id": 284, "organisation": "Coventry University", "venues": [{"city": "Coventry", "country": "United Kingdom", "area": "England", "display_area": true}], "discipline_title": "Artificial Intelligence", "discipline_id": 330}, {"id": 297150, "title": "Attenuating and controlling the environmental impact of buildings and districts through real-time life cycle assessment", "summary": "The proposed Doctoral research addresses the challenge of leveraging digital built environment resources, including Semantics, Internet of Things, and Artificial Intelligence.&nbsp;", "level": "phd", "degree": "Ph. D.", "fulltime_duration": {"value": 42, "unit": "month"}, "density": {"parttime": false, "fulltime": true}, "methods": {"face2face": true, "online": false, "blended": false}, "organisation_id": 148, "organisation": "Cardiff University", "venues": [{"city": "Cardiff", "country": "United Kingdom", "area": "Wales", "display_area": true}], "discipline_title": "Artificial Intelligence", "discipline_id": 330}, {"id": 269773, "title": "Robotics and Autonomous Systems", "summary": "FARSCOPE aims to train the next generation of innovators in the growing field of robotics and autonomous systems (RAS). The vision of the Robotics and Autonomous Systems programme from&nbsp;University of Bristol&nbsp;is ubiquity or robots everywhere enabling students to think beyond a robot's technology and about its environment.", "level": "phd", "degree": "Ph.D.", "tuition_fee": {"value": 4938, "unit": "year", "currency": "EUR"}, "fulltime_duration": {"value": 48, "unit": "month"}, "parttime_duration": {"value": 96, "unit": "month"}, "density": {"parttime": true, "fulltime": true}, "methods": {"face2face": true, "online": false, "blended": false}, "organisation_id": 147, "organisation": "University of Bristol", "venues": [{"city": "Bristol", "country": "United Kingdom", "area": "England", "display_area": true}], "discipline_title": "Artificial Intelligence", "discipline_id": 330}, {"id": 292922, "title": "Robotics", "summary": "Part of 4TU Stan Ackermans Institute, the PDEng programme in Robotics from University of Twente (UT)&nbsp;focuses on creating technical solutions for the industrial sector (i.e. automatic welding robots), for maintenance and inspection (i.e. sewer inspection) and for medical use (like rehabilitation or surgical robotics).", "level": "phd", "degree": "Ph. D.", "fulltime_duration": {"value": 24, "unit": "month"}, "density": {"parttime": false, "fulltime": true}, "methods": {"face2face": true, "online": false, "blended": false}, "organisation_id": 16, "organisation": "University of Twente (UT)", "venues": [{"city": "Enschede", "country": "Netherlands", "area": "Overijssel", "display_area": false}], "discipline_title": "Artificial Intelligence", "discipline_id": 330}, {"id": 68265, "title": "Artificial Intelligence", "summary": "The main goal of the programme is to motivate students to take-up their research in the Cognitive Sciences and/or the Knowledge Engineering related areas. The emphasis in Cognitive Sciences suggests a basic interest in understanding the phenomena associated with Learning mechanisms, Natural Language Understanding, Mind and Intelligence, Perception, etc.", "level": "phd", "degree": "Ph.D.", "tuition_fee": {"value": 694, "unit": "year", "currency": "EUR"}, "fulltime_duration": {"value": 36, "unit": "month"}, "density": {"parttime": false, "fulltime": true}, "methods": {"face2face": true, "online": false, "blended": false}, "organisation_id": 354, "organisation": "Polytechnic University of Catalonia", "venues": [{"city": "Barcelona", "country": "Spain", "area": "Catalonia", "display_area": false}], "discipline_title": "Artificial Intelligence", "discipline_id": 330}, {"id": 48284, "title": "Artificial Intelligence and Intelligent Agents", "summary": "Research topics include knowledge-based systems, logic, multi-agent systems, distributed systems, machine learning, data mining, computational linguistics, natural language processing, information theory and information retrieval. The\u00a0Artificial Intelligence and Intelligent Agents\u00a0programme is offered by the Bangor University.", "level": "phd", "degree": "Ph. D.", "tuition_fee": {"value": 4899, "unit": "year", "currency": "EUR"}, "fulltime_duration": {"value": 24, "unit": "month"}, "density": {"parttime": false, "fulltime": true}, "methods": {"face2face": true, "online": false, "blended": false}, "organisation_id": 427, "organisation": "Bangor University", "venues": [{"city": "Bangor", "country": "United Kingdom", "area": "Wales", "display_area": true}], "discipline_title": "Artificial Intelligence", "discipline_id": 330}, {"id": 292884, "title": "Natural Language Processing", "summary": "Natural Language Processing at Mohamed bin Zayed University of Artificial Intelligence focuses on system development that allows computers to communicate with people using everyday language.&nbsp;", "level": "phd", "degree": "Ph.D.", "tuition_fee": {"value": 0, "unit": "year", "currency": "EUR"}, "fulltime_duration": {"value": 48, "unit": "month"}, "density": {"parttime": false, "fulltime": true}, "methods": {"face2face": true, "online": false, "blended": false}, "organisation_id": 19934, "organisation": "Mohamed bin Zayed University of Artificial Intelligence", "venues": [{"city": "Abu Dhabi", "country": "United Arab Emirates", "area": "Abu Z", "display_area": false}], "discipline_title": "Artificial Intelligence", "discipline_id": 330}, {"id": 68223, "title": "Automatic Control, Robotics and Vision", "summary": "The Doctoral programme in Automatic Control, Robotics and Computer Vision started in 2006 from the fusion of the Doctoral programme in Advanced Automation and Robotics of the Institute of Industrial and Control Engineering and of the Doctoral programme in Control, Vision and Robotics of the Automatic Control Department, both with Quality Mention of the Spanish Ministry of Education.", "level": "phd", "degree": "Ph.D.", "tuition_fee": {"value": 694, "unit": "year", "currency": "EUR"}, "fulltime_duration": {"value": 36, "unit": "month"}, "density": {"parttime": false, "fulltime": true}, "methods": {"face2face": true, "online": false, "blended": false}, "organisation_id": 354, "organisation": "Polytechnic University of Catalonia", "venues": [{"city": "Barcelona", "country": "Spain", "area": "Catalonia", "display_area": false}], "discipline_title": "Artificial Intelligence", "discipline_id": 330}, {"id": 26643, "title": "Robotics", "summary": "The Centre for Robotics Research in the Department of Informatics has an international reputation in the field of robotics, mechanisms, kinematics, and their applications to medical science and production.", "level": "phd", "degree": "Ph.D.", "tuition_fee": {"value": 5996, "unit": "year", "currency": "EUR"}, "fulltime_duration": {"value": 36, "unit": "month"}, "parttime_duration": {"value": 72, "unit": "month"}, "density": {"parttime": true, "fulltime": true}, "methods": {"face2face": true, "online": false, "blended": false}, "organisation_id": 164, "organisation": "King's College London", "venues": [{"city": "London", "country": "United Kingdom", "area": "England", "display_area": true}], "discipline_title": "Artificial Intelligence", "discipline_id": 330}, {"id": 295648, "title": "VC International Scholarship in Combination of Deep Learning and Traditional Methods for Lung Tumour Image Segmentation", "summary": "This is an interdisciplinary research project. The main research work is related to computer science, but medical knowledge is also used in this project. The PhD student will develop novel techniques about deep learning, computer vision, and medical imaging. S/he will also have an opportunity to explore the state-of-the-art AI techniques for lung cancer treatment", "level": "phd", "degree": "Ph.D.", "fulltime_duration": {"value": 36, "unit": "month"}, "density": {"parttime": false, "fulltime": true}, "methods": {"face2face": true, "online": false, "blended": false}, "organisation_id": 148, "organisation": "Cardiff University", "venues": [{"city": "Cardiff", "country": "United Kingdom", "area": "Wales", "display_area": true}], "discipline_title": "Artificial Intelligence", "discipline_id": 330}, {"id": 295577, "title": "Modelling of sporting events using artificial intelligence and statistical methods for big data", "summary": "The project aims at systematizing and comparing different models and applying them for predicting outcomes of different sporting events.&nbsp;", "level": "phd", "degree": "Ph. D.", "density": {"parttime": false, "fulltime": true}, "methods": {"face2face": true, "online": false, "blended": false}, "organisation_id": 148, "organisation": "Cardiff University", "venues": [{"city": "Cardiff", "country": "United Kingdom", "area": "Wales", "display_area": true}], "discipline_title": "Artificial Intelligence", "discipline_id": 330}]