[{"id": 62872, "title": "Security Studies", "summary": "The graduate program in Security Studies&nbsp; is a rigorous, interdisciplinary program intended to prepare its students for careers in research, teaching, and security and international affairs through a broad&nbsp; exploration of social science and historical methodologies as well as topics relating to security issues.&nbsp;", "level": "phd", "degree": "Ph.D.", "tuition_fee": {"value": 887, "unit": "credit", "currency": "EUR"}, "fulltime_duration": {"value": 36, "unit": "month"}, "density": {"parttime": false, "fulltime": true}, "methods": {"face2face": true, "online": false, "blended": false}, "organisation_id": 11880, "organisation": "Kansas State University", "venues": [{"city": "Manhattan", "country": "United States", "area": "Kansas", "display_area": true}], "discipline_title": "Cyber Security", "discipline_id": 323}, {"id": 293748, "title": "Security Science", "summary": "The Security Science programme from University College London (UCL) is devoted to reducing crime and terrorism through teaching, research and public policy analysis.&nbsp;", "level": "phd", "degree": "Ph. D.", "tuition_fee": {"value": 28262, "unit": "year", "currency": "EUR"}, "fulltime_duration": {"value": 48, "unit": "month"}, "density": {"parttime": false, "fulltime": true}, "methods": {"face2face": true, "online": false, "blended": false}, "organisation_id": 271, "organisation": "University College London (UCL)", "venues": [{"city": "London", "country": "United Kingdom", "area": "England", "display_area": true}], "discipline_title": "Cyber Security", "discipline_id": 323}, {"id": 297620, "title": "Investigating Transport System Risks due to Cyber-Physical Security Threats", "summary": "Coventry University (CU) is inviting applications from suitably-qualified graduates for two (02) fully-funded PhD studentships. The successful candidates will be joining the project \u2018Investigating Transport System Risks due to Cyber-Physical Security Threats\u2019 in the Systems Security Group at Coventry.&nbsp;", "level": "phd", "degree": "Ph.D.", "tuition_fee": {"value": 0, "unit": "year", "currency": "EUR"}, "fulltime_duration": {"value": 36, "unit": "month"}, "density": {"parttime": false, "fulltime": true}, "methods": {"face2face": true, "online": false, "blended": false}, "organisation_id": 284, "organisation": "Coventry University", "venues": [{"city": "Coventry", "country": "United Kingdom", "area": "England", "display_area": true}], "discipline_title": "Cyber Security", "discipline_id": 323}, {"id": 274462, "title": "Cyber Security", "summary": "Cyber Security at Sabanci University has emerged as an important discipline with its central position in the intersection of computer science, electronic engineering, and mathematics. As the seriousness of cyber crime and cyber security attacks has been gradualy increasing nowadays, it\u2019s foreseen that this position will be under progression in the future.&nbsp;", "level": "phd", "degree": "Ph.D.", "tuition_fee": {"value": 16636, "unit": "year", "currency": "EUR"}, "fulltime_duration": {"value": 48, "unit": "month"}, "density": {"parttime": false, "fulltime": true}, "methods": {"face2face": true, "online": false, "blended": false}, "organisation_id": 1000, "organisation": "Sabanci University", "venues": [{"city": "Istanbul", "country": "Turkey", "area": "Istanbul", "display_area": false}], "discipline_title": "Cyber Security", "discipline_id": 323}, {"id": 290284, "title": "Cyber Security", "summary": "The&nbsp;Cyber Security program from&nbsp;University College London (UCL)&nbsp;provides students with core skills and knowledge at the forefront of computing, cybercrime, and digital technology policy.&nbsp;", "level": "phd", "degree": "Ph.D.", "tuition_fee": {"value": 27685, "unit": "year", "currency": "EUR"}, "fulltime_duration": {"value": 48, "unit": "month"}, "density": {"parttime": false, "fulltime": true}, "methods": {"face2face": true, "online": false, "blended": false}, "organisation_id": 271, "organisation": "University College London (UCL)", "venues": [{"city": "London", "country": "United Kingdom", "area": "England", "display_area": true}], "discipline_title": "Cyber Security", "discipline_id": 323}, {"id": 295743, "title": "VC International Scholarship in Effective and Secure Traffic Monitoring for Air Quality Control and Situational Awareness for We", "summary": "This work will develop \u201cnew\u201d security monitoring and data processing techniques and an awareness tool/guide for the people and maintaining data privacy all times.&nbsp;", "level": "phd", "degree": "Ph.D.", "fulltime_duration": {"value": 36, "unit": "month"}, "density": {"parttime": false, "fulltime": true}, "methods": {"face2face": true, "online": false, "blended": false}, "organisation_id": 148, "organisation": "Cardiff University", "venues": [{"city": "Cardiff", "country": "United Kingdom", "area": "Wales", "display_area": true}], "discipline_title": "Cyber Security", "discipline_id": 323}, {"id": 48285, "title": "Communication Networks and Protocols", "summary": "The\u00a0Communication Networks and Protocols\u00a0programme is offered by the Bangor University.", "level": "phd", "degree": "Ph. D.", "tuition_fee": {"value": 4899, "unit": "year", "currency": "EUR"}, "fulltime_duration": {"value": 36, "unit": "month"}, "density": {"parttime": false, "fulltime": true}, "methods": {"face2face": true, "online": false, "blended": false}, "organisation_id": 427, "organisation": "Bangor University", "venues": [{"city": "Bangor", "country": "United Kingdom", "area": "Wales", "display_area": true}], "discipline_title": "Cyber Security", "discipline_id": 323}]