[{"id": 234753, "title": "International Year One in Computer Science", "summary": "International Year One in Computer Science will prepare you to enter your next semester of a bachelor's degree program at Saint Louis University.&nbsp;", "level": "preparation", "degree": "Pre-Bachelor", "tuition_fee": {"value": 24428, "unit": "year", "currency": "EUR"}, "fulltime_duration": {"value": 6, "unit": "month"}, "density": {"parttime": false, "fulltime": true}, "methods": {"face2face": true, "online": false, "blended": false}, "organisation_id": 15559, "organisation": "INTO Saint Louis University", "venues": [{"city": "Saint Louis", "country": "United States", "area": "Missouri", "display_area": true}], "discipline_title": "Human Computer Interaction", "discipline_id": 284}, {"id": 274840, "title": "International Year One in Computer Science - Computer Science", "summary": "The&nbsp;International Year One in Computer Science - Computer Engineering - Computer Science&nbsp;will prepare you to enter the second year of University of South Florida's competitive undergraduate degree program in Computer Science/Computer Engineering.&nbsp;", "level": "preparation", "degree": "Pre-Bachelor", "tuition_fee": {"value": 13494, "unit": "year", "currency": "EUR"}, "fulltime_duration": {"value": 6, "unit": "month"}, "density": {"parttime": false, "fulltime": true}, "methods": {"face2face": true, "online": false, "blended": false}, "organisation_id": 12254, "organisation": "INTO University of South Florida", "venues": [{"city": "Tampa", "country": "United States", "area": "Florida", "display_area": true}], "discipline_title": "Human Computer Interaction", "discipline_id": 284}, {"id": 276027, "title": "Machine Learning for Analytics", "summary": "Master AI algorithms, data mining techniques, and predictive analytics. Solve real-world business problems using machine learning with this&nbsp;Machine Learning for Analytics offered by Coursera in partnership with University of Chicago.", "level": "preparation", "degree": "Pre-Master", "tuition_fee": {"value": 3697, "unit": "full", "currency": "EUR"}, "density": {"parttime": true, "fulltime": false}, "methods": {"face2face": false, "online": true, "blended": false}, "organisation_id": 17569, "organisation": "Coursera", "venues": [{"city": "Mountain View", "country": "United States", "area": "California", "display_area": true}], "discipline_title": "Human Computer Interaction", "discipline_id": 284}, {"id": 280615, "title": "International Foundation in Engineering and Science - Computer Systems Engineering", "summary": "The International Foundation in Engineering and Science - Computer Systems Engineering programme offered by The University of Manchester will prepare you for direct entry to Year 1 of an undergraduate degree in subjects including Engineering, Computer Science, Mathematics, Physics and Chemistry.", "level": "preparation", "degree": "Pre-Bachelor", "tuition_fee": {"value": 20133, "unit": "year", "currency": "EUR"}, "fulltime_duration": {"value": 9, "unit": "month"}, "density": {"parttime": false, "fulltime": true}, "methods": {"face2face": true, "online": false, "blended": false}, "organisation_id": 14340, "organisation": "INTO University of Manchester", "venues": [{"city": "Manchester", "country": "United Kingdom", "area": "England", "display_area": true}], "discipline_title": "Human Computer Interaction", "discipline_id": 284}, {"id": 281620, "title": "International Year One in General Studies - Computer Science", "summary": "International Year One in Natural Sciences - Computer Science will prepare you to enter your next semester of a bachelor\u2019s degree program at Drew University.", "level": "preparation", "degree": "Pre-Bachelor", "fulltime_duration": {"value": 24, "unit": "month"}, "density": {"parttime": false, "fulltime": true}, "methods": {"face2face": true, "online": false, "blended": false}, "organisation_id": 12278, "organisation": "INTO Drew University", "venues": [{"city": "Madison", "country": "United States", "area": "Alabama", "display_area": true}], "discipline_title": "Human Computer Interaction", "discipline_id": 284}, {"id": 280228, "title": "International Foundation in Engineering and Science - Computer Science and Mathematics", "summary": "The International Foundation in Engineering and Science&nbsp;- Computer Science and Mathematics programme offered by The University of Manchester will prepare you for direct entry to Year 1 of an undergraduate degree in subjects including Engineering, Computer Science, Mathematics, Physics and Chemistry.", "level": "preparation", "degree": "Pre-Bachelor", "tuition_fee": {"value": 20133, "unit": "year", "currency": "EUR"}, "fulltime_duration": {"value": 9, "unit": "month"}, "density": {"parttime": false, "fulltime": true}, "methods": {"face2face": true, "online": false, "blended": false}, "organisation_id": 14340, "organisation": "INTO University of Manchester", "venues": [{"city": "Manchester", "country": "United Kingdom", "area": "England", "display_area": true}], "discipline_title": "Human Computer Interaction", "discipline_id": 284}, {"id": 278863, "title": "Undergraduate Transfer Program - Computer Science", "summary": "If you have already completed college or university-level courses and want to transfer to The University of Alabama at Birmingham, the Undergraduate Transfer Program - Computer Science is for you. You'll receive an estimate of transferable credits toward your degree before you start your program.", "level": "preparation", "degree": "Pre-Bachelor", "tuition_fee": {"value": 13568, "unit": "year", "currency": "EUR"}, "fulltime_duration": {"value": 6, "unit": "month"}, "density": {"parttime": false, "fulltime": true}, "methods": {"face2face": true, "online": false, "blended": false}, "organisation_id": 15588, "organisation": "INTO The University of Alabama at Birmingham", "venues": [{"city": "Birmingham", "country": "United States", "area": "Alabama", "display_area": true}], "discipline_title": "Human Computer Interaction", "discipline_id": 284}, {"id": 280142, "title": "Graduate Diploma in Informatics - Human-Computer Interaction Design", "summary": "The Graduate Diploma in Informatics - Human-Computer Interaction Design offered by&nbsp;INTO City University London&nbsp;prepares you for direct entry to a postgraduate degree in a range of subject areas such as information science, software engineering, data science, human-computer interaction design, cyber security and library science.", "level": "preparation", "degree": "Pre-Master", "tuition_fee": {"value": 18951, "unit": "year", "currency": "EUR"}, "fulltime_duration": {"value": 9, "unit": "month"}, "density": {"parttime": false, "fulltime": true}, "methods": {"face2face": true, "online": false, "blended": false}, "organisation_id": 8888, "organisation": "INTO City University London", "venues": [{"city": "London", "country": "United Kingdom", "area": "England", "display_area": true}], "discipline_title": "Human Computer Interaction", "discipline_id": 284}, {"id": 176186, "title": "Artificial Intelligence MicroMasters Program", "summary": "EdX is an online learning platform trusted by over 12 million users offering the&nbsp;Artificial Intelligence MicroMasters Program&nbsp;in collaboration with&nbsp;Columbia University - ColumbiaX . Design the future!", "level": "preparation", "degree": "Pre-Master", "tuition_fee": {"value": 1178, "unit": "year", "currency": "EUR"}, "parttime_duration": {"value": 12, "unit": "month"}, "density": {"parttime": true, "fulltime": false}, "methods": {"face2face": false, "online": true, "blended": false}, "organisation_id": 16738, "organisation": "Columbia University - ColumbiaX", "venues": [{"city": "Manhattan", "country": "United States", "area": "New York", "display_area": true}], "discipline_title": "Human Computer Interaction", "discipline_id": 284}, {"id": 278565, "title": "Graduate Pathway in Computer Science - Computer Science", "summary": "Students who successfully complete theGraduate Pathway in Computer Science - Computer Science offered by The University of Alabama at Birmingham are assured progression to a UAB graduate degree program upon submission of additional required application materials.", "level": "preparation", "degree": "Pre-Master", "tuition_fee": {"value": 14723, "unit": "year", "currency": "EUR"}, "fulltime_duration": {"value": 6, "unit": "month"}, "density": {"parttime": false, "fulltime": true}, "methods": {"face2face": true, "online": false, "blended": false}, "organisation_id": 15588, "organisation": "INTO The University of Alabama at Birmingham", "venues": [{"city": "Birmingham", "country": "United States", "area": "Alabama", "display_area": true}], "discipline_title": "Human Computer Interaction", "discipline_id": 284}, {"id": 274713, "title": "International Year One in Computer Science - Computer Science", "summary": "International Year One in Computer Science -&nbsp;Computer Science at Washington State University&nbsp;will prepare you to enter your next semester of a bachelor\u2019s degree program.", "level": "preparation", "degree": "Pre-Bachelor", "tuition_fee": {"value": 15712, "unit": "year", "currency": "EUR"}, "fulltime_duration": {"value": 6, "unit": "month"}, "density": {"parttime": false, "fulltime": true}, "methods": {"face2face": true, "online": false, "blended": false}, "organisation_id": 18230, "organisation": "INTO Washington State University", "venues": [{"city": "Pullman", "country": "United States", "area": "Washington", "display_area": true}], "discipline_title": "Human Computer Interaction", "discipline_id": 284}, {"id": 234908, "title": "Graduate Pathway in Computer Science", "summary": "Students who successfully complete the&nbsp;Graduate Pathway in Computer Science offered by The University of Alabama at Birmingham&nbsp;are assured progression to a UAB graduate degree program upon submission of additional required application materials.", "level": "preparation", "degree": "Pre-Master", "tuition_fee": {"value": 14723, "unit": "year", "currency": "EUR"}, "fulltime_duration": {"value": 6, "unit": "month"}, "density": {"parttime": false, "fulltime": true}, "methods": {"face2face": true, "online": false, "blended": false}, "organisation_id": 15588, "organisation": "INTO The University of Alabama at Birmingham", "venues": [{"city": "Birmingham", "country": "United States", "area": "Alabama", "display_area": true}], "discipline_title": "Human Computer Interaction", "discipline_id": 284}, {"id": 250017, "title": "International Year One in Computer Science", "summary": "An INTO Illinois State University International Year One in Computer Science will prepare you to enter your next semester of a bachelor\u2019s degree program at Illinois State University.", "level": "preparation", "degree": "Pre-Bachelor", "tuition_fee": {"value": 14899, "unit": "year", "currency": "EUR"}, "fulltime_duration": {"value": 6, "unit": "month"}, "density": {"parttime": false, "fulltime": true}, "methods": {"face2face": true, "online": false, "blended": false}, "organisation_id": 18813, "organisation": "INTO Illinois State University", "venues": [{"city": "Normal", "country": "United States", "area": "Illinois", "display_area": true}], "discipline_title": "Human Computer Interaction", "discipline_id": 284}, {"id": 271511, "title": "Information Systems", "summary": "EdX is an online learning platform trusted by over 12 million users offering the Information Systems MicroMaster in collaboration with MicrosoftX.&nbsp;Learn the role of applying information systems/technologies in digitally-enabled businesses.", "level": "preparation", "degree": "Pre-Master", "tuition_fee": {"value": 1386, "unit": "full", "currency": "EUR"}, "parttime_duration": {"value": 9, "unit": "month"}, "density": {"parttime": true, "fulltime": false}, "methods": {"face2face": false, "online": true, "blended": false}, "organisation_id": 16785, "organisation": "MicrosoftX", "venues": [{"city": "Portland", "country": "United States", "area": "Oregon", "display_area": true}], "discipline_title": "Human Computer Interaction", "discipline_id": 284}, {"id": 273418, "title": "International Foundation in Engineering and Science - Computer Science (Human Computer Interaction)", "summary": "The&nbsp;International Foundation in Engineering and Science - Computer Science (Human Computer Interaction) programme offered by The University of Manchester will prepare you&nbsp;for direct entry to Year 1 of an undergraduate degree in subjects including Engineering, Computer Science, Mathematics, Physics and Chemistry.", "level": "preparation", "degree": "Pre-Bachelor", "tuition_fee": {"value": 20133, "unit": "year", "currency": "EUR"}, "fulltime_duration": {"value": 9, "unit": "month"}, "density": {"parttime": false, "fulltime": true}, "methods": {"face2face": true, "online": false, "blended": false}, "organisation_id": 14340, "organisation": "INTO University of Manchester", "venues": [{"city": "Manchester", "country": "United Kingdom", "area": "England", "display_area": true}], "discipline_title": "Human Computer Interaction", "discipline_id": 284}, {"id": 234813, "title": "Graduate Pathway in Computer Science", "summary": "An INTO SLU Graduate Pathway in Computer Science will prepare you to enter your next semester of a master\u2019s degree program at Saint Louis University.&nbsp;", "level": "preparation", "degree": "Pre-Master", "tuition_fee": {"value": 17949, "unit": "year", "currency": "EUR"}, "fulltime_duration": {"value": 6, "unit": "month"}, "density": {"parttime": false, "fulltime": true}, "methods": {"face2face": true, "online": false, "blended": false}, "organisation_id": 15559, "organisation": "INTO Saint Louis University", "venues": [{"city": "Saint Louis", "country": "United States", "area": "Missouri", "display_area": true}], "discipline_title": "Human Computer Interaction", "discipline_id": 284}, {"id": 274265, "title": "International Foundation in Business and Humanities - Computing", "summary": "The International Foundation in Business and Humanities - Computing programme at Manchester Metropolitan University will prepare you&nbsp;for direct entry to Year 1 of an undergraduate degree in a range of Business and Humanities subjects.", "level": "preparation", "degree": "Pre-Bachelor", "tuition_fee": {"value": 17706, "unit": "year", "currency": "EUR"}, "fulltime_duration": {"value": 9, "unit": "month"}, "density": {"parttime": false, "fulltime": true}, "methods": {"face2face": true, "online": false, "blended": false}, "organisation_id": 8892, "organisation": "INTO Manchester Metropolitan University", "venues": [{"city": "Manchester", "country": "United Kingdom", "area": "England", "display_area": true}], "discipline_title": "Human Computer Interaction", "discipline_id": 284}, {"id": 279098, "title": "Graduate Pathway in Computer Science - Computer Science", "summary": "An INTO SLU Graduate Pathway in Computer Science - Computer Science will prepare you to enter your next semester of a master\u2019s degree program at Saint Louis University.&nbsp;", "level": "preparation", "degree": "Pre-Master", "tuition_fee": {"value": 17949, "unit": "year", "currency": "EUR"}, "fulltime_duration": {"value": 6, "unit": "month"}, "density": {"parttime": false, "fulltime": true}, "methods": {"face2face": true, "online": false, "blended": false}, "organisation_id": 15559, "organisation": "INTO Saint Louis University", "venues": [{"city": "Saint Louis", "country": "United States", "area": "Missouri", "display_area": true}], "discipline_title": "Human Computer Interaction", "discipline_id": 284}, {"id": 274273, "title": "International Foundation in Science and Engineering - Computing", "summary": "The International Foundation in Science and Engineering - Computing programme offered by&nbsp;Manchester Metropolitan University will prepare you&nbsp;for direct entry to Year 1 of an undergraduate degree in a range of Computing, Mathematics, Engineering, Science related subjects", "level": "preparation", "degree": "Pre-Bachelor", "tuition_fee": {"value": 17706, "unit": "year", "currency": "EUR"}, "fulltime_duration": {"value": 9, "unit": "month"}, "density": {"parttime": false, "fulltime": true}, "methods": {"face2face": true, "online": false, "blended": false}, "organisation_id": 8892, "organisation": "INTO Manchester Metropolitan University", "venues": [{"city": "Manchester", "country": "United Kingdom", "area": "England", "display_area": true}], "discipline_title": "Human Computer Interaction", "discipline_id": 284}, {"id": 236368, "title": "Foundation Year in Computing", "summary": "This Foundation Year in Computing course from De Montfort University, which is part of four years of integrated study, provides an introduction to computing and information technology and gives students without the necessary qualifications the skills required to study an undergraduate computing course.", "level": "preparation", "degree": "Pre-Bachelor", "tuition_fee": {"value": 10465, "unit": "year", "currency": "EUR"}, "fulltime_duration": {"value": 48, "unit": "month"}, "density": {"parttime": false, "fulltime": true}, "methods": {"face2face": true, "online": false, "blended": false}, "organisation_id": 245, "organisation": "De Montfort University", "venues": [{"city": "Leicester", "country": "United Kingdom", "area": "England", "display_area": true}], "discipline_title": "Human Computer Interaction", "discipline_id": 284}, {"id": 148175, "title": "Computing Diploma", "summary": "The ANU Computing Diploma designed for students who are interested in studying a Bachelor of Information Technology at Australian National University. The diploma will provide you with a sound grounding in all the basic requirements for success in a degree in information technology including maths, information systems and computer science.", "level": "preparation", "degree": "Pre-Bachelor", "tuition_fee": {"value": 25067, "unit": "full", "currency": "EUR"}, "fulltime_duration": {"value": 9, "unit": "month"}, "density": {"parttime": false, "fulltime": true}, "methods": {"face2face": true, "online": false, "blended": false}, "organisation_id": 11711, "organisation": "Australian National University", "venues": [{"city": "Canberra", "country": "Australia", "area": "Australian Capital Territory", "display_area": true}], "discipline_title": "Human Computer Interaction", "discipline_id": 284}, {"id": 151546, "title": "Foundation Certificate for Computing", "summary": "The Foundation Certificate for Computing prepares you for an undergraduate degree at the University of Brighton.", "level": "preparation", "degree": "Pre-Bachelor", "tuition_fee": {"value": 14617, "unit": "year", "currency": "EUR"}, "fulltime_duration": {"value": 12, "unit": "month"}, "density": {"parttime": false, "fulltime": true}, "methods": {"face2face": true, "online": false, "blended": false}, "organisation_id": 524, "organisation": "University of Brighton", "venues": [{"city": "Brighton", "country": "United Kingdom", "area": "England", "display_area": true}], "discipline_title": "Human Computer Interaction", "discipline_id": 284}, {"id": 59435, "title": "International Foundation Programme (Computer Science)", "summary": "The International Foundation Programme (Computer Science) programme from University of Kent is primarily designed for international students, allowing them to develop their academic knowledge and skills and, if required, their English language ability, for entry to undergraduate study at university.", "level": "preparation", "degree": "Pre-Bachelor", "tuition_fee": {"value": 10465, "unit": "year", "currency": "EUR"}, "fulltime_duration": {"value": 12, "unit": "month"}, "density": {"parttime": false, "fulltime": true}, "methods": {"face2face": true, "online": false, "blended": false}, "organisation_id": 118, "organisation": "University of Kent", "venues": [{"city": "Canterbury", "country": "United Kingdom", "area": "England", "display_area": true}], "discipline_title": "Human Computer Interaction", "discipline_id": 284}, {"id": 291924, "title": "Human Resource Management", "summary": "As a B.S. in Human Resource Management and UIC Global student at the University of Illinois at Chicago, you get more than academic, language and cultural growth. You also gain valuable professional skills that prepare you for a long, rewarding career.", "level": "preparation", "degree": "Pre-Bachelor", "tuition_fee": {"value": 29576, "unit": "year", "currency": "EUR"}, "fulltime_duration": {"value": 12, "unit": "month"}, "density": {"parttime": false, "fulltime": true}, "methods": {"face2face": true, "online": false, "blended": false}, "organisation_id": 19779, "organisation": "International Accelerator at The University of Illinois at Chicago", "venues": [{"city": "Chicago", "country": "United States", "area": "Illinois", "display_area": true}], "discipline_title": "Human Computer Interaction", "discipline_id": 284}, {"id": 291946, "title": "Information and Decision Sciences", "summary": "As a B.S. in Information and Decision Sciences and UIC Global student at the University of Illinois at Chicago, you get more than academic, language and cultural growth. You also gain valuable professional skills that prepare you for a long, rewarding career.", "level": "preparation", "degree": "Pre-Bachelor", "tuition_fee": {"value": 29576, "unit": "year", "currency": "EUR"}, "fulltime_duration": {"value": 12, "unit": "month"}, "density": {"parttime": false, "fulltime": true}, "methods": {"face2face": true, "online": false, "blended": false}, "organisation_id": 19779, "organisation": "International Accelerator at The University of Illinois at Chicago", "venues": [{"city": "Chicago", "country": "United States", "area": "Illinois", "display_area": true}], "discipline_title": "Human Computer Interaction", "discipline_id": 284}]