[{"id": 115406, "title": "Diploma of Information Technology", "summary": "Build your IT skills with a Diploma of Information Technology offered by&nbsp;University of Wollongong and gain a guaranteed pathway into the second year of a Bachelor of Information Technology (BIT), Bachelor of Business Information Systems (BBIS) or Bachelor of Computer Science at the University of Wollongong (UOW).", "level": "preparation", "degree": "Pre-Bachelor", "tuition_fee": {"value": 16598, "unit": "year", "currency": "EUR"}, "fulltime_duration": {"value": 12, "unit": "month"}, "density": {"parttime": false, "fulltime": true}, "methods": {"face2face": true, "online": false, "blended": false}, "organisation_id": 19328, "organisation": "Faculty of Engineering and Information Sciences (EIS)", "venues": [{"city": "Wollongong", "country": "Australia", "area": "New South Wales", "display_area": true}, {"city": "Sydney", "country": "Australia", "area": "New South Wales", "display_area": true}], "discipline_title": "Business Information Systems", "discipline_id": 279}, {"id": 280740, "title": "Graduate Pathway in MBA - Information Systems", "summary": "An INTO Hofstra Graduate Pathway in MBA - Information Systems will prepare you to enter your next semester of a master\u2019s degree program at Hofstra University.", "level": "preparation", "degree": "Pre-Master", "tuition_fee": {"value": 18854, "unit": "year", "currency": "EUR"}, "fulltime_duration": {"value": 6, "unit": "month"}, "density": {"parttime": false, "fulltime": true}, "methods": {"face2face": true, "online": false, "blended": false}, "organisation_id": 19375, "organisation": "INTO Hofstra University", "venues": [{"city": "Hempstead", "country": "United States", "area": "New York", "display_area": true}], "discipline_title": "Business Information Systems", "discipline_id": 279}, {"id": 273164, "title": "International Year One in Information Systems - Integration of Enterprise Systems", "summary": "An INTO Illinois State University International Year One in Information Systems - Integration of Enterprise Systems will prepare you to enter your next semester of a bachelor\u2019s degree program at Illinois State University.", "level": "preparation", "degree": "Pre-Bachelor", "tuition_fee": {"value": 14899, "unit": "year", "currency": "EUR"}, "fulltime_duration": {"value": 6, "unit": "month"}, "density": {"parttime": false, "fulltime": true}, "methods": {"face2face": true, "online": false, "blended": false}, "organisation_id": 18813, "organisation": "INTO Illinois State University", "venues": [{"city": "Normal", "country": "United States", "area": "Illinois", "display_area": true}], "discipline_title": "Business Information Systems", "discipline_id": 279}, {"id": 279796, "title": "International Foundation in Business, Economics, Society and Culture - Business Information Systems with a Year in Industry", "summary": "With the International Foundation in Business, Economics, Society and Culture - Business Information Systems with a Year in Industry programme at INTO University of East Anglia, you can prepare for direct entry to Year 1 of an undergraduate degree in a range of subjects ranging from Accounting and Finance to History of Art.", "level": "preparation", "degree": "Pre-Bachelor", "tuition_fee": {"value": 19228, "unit": "year", "currency": "EUR"}, "fulltime_duration": {"value": 9, "unit": "month"}, "density": {"parttime": false, "fulltime": true}, "methods": {"face2face": true, "online": false, "blended": false}, "organisation_id": 8867, "organisation": "INTO University of East Anglia", "venues": [{"city": "Norwich", "country": "United Kingdom", "area": "England", "display_area": true}], "discipline_title": "Business Information Systems", "discipline_id": 279}, {"id": 283422, "title": "Business Information Technology - Undergraduate Foundation Programme", "summary": "This one-year (3 term)&nbsp;(Hons) Business Information Technology - Undergraduate Foundation Programme from ONCAMPUS&nbsp;London South Bank&nbsp;offers successful students&nbsp;guaranteed progression to London South Bank University. You will study&nbsp;your Foundation programme at our Centre located at the heart of the London South Bank University campus.", "level": "preparation", "degree": "Pre-Bachelor", "tuition_fee": {"value": 14595, "unit": "year", "currency": "EUR"}, "fulltime_duration": {"value": 9, "unit": "month"}, "density": {"parttime": false, "fulltime": true}, "methods": {"face2face": true, "online": false, "blended": false}, "organisation_id": 11508, "organisation": "ONCAMPUS London South Bank", "venues": [{"city": "London", "country": "United Kingdom", "area": "England", "display_area": true}], "discipline_title": "Business Information Systems", "discipline_id": 279}, {"id": 274807, "title": "International Year One in Business Administration - Management Information Systems", "summary": "International Year One in Business Administration - Management Information Systems programme taught at Marshall University&nbsp;will prepare you to enter your next semester of a bachelor\u2019s degree program.&nbsp;", "level": "preparation", "degree": "Pre-Bachelor", "tuition_fee": {"value": 12163, "unit": "year", "currency": "EUR"}, "fulltime_duration": {"value": 6, "unit": "month"}, "density": {"parttime": false, "fulltime": true}, "methods": {"face2face": true, "online": false, "blended": false}, "organisation_id": 12273, "organisation": "INTO Marshall University", "venues": [{"city": "Huntington", "country": "United States", "area": "West Virginia", "display_area": true}], "discipline_title": "Business Information Systems", "discipline_id": 279}, {"id": 275290, "title": "International Year One in Business - Business Information Systems", "summary": "International Year One in Business - Business Information Systems will prepare you to enter your next term of a bachelor\u2019s degree program at Oregon State University.", "level": "preparation", "degree": "Pre-Bachelor", "tuition_fee": {"value": 28559, "unit": "year", "currency": "EUR"}, "fulltime_duration": {"value": 9, "unit": "month"}, "density": {"parttime": false, "fulltime": true}, "methods": {"face2face": true, "online": false, "blended": false}, "organisation_id": 12279, "organisation": "INTO Oregon State University", "venues": [{"city": "Corvallis", "country": "United States", "area": "Oregon", "display_area": true}], "discipline_title": "Business Information Systems", "discipline_id": 279}, {"id": 279296, "title": "International Foundation in Science and Engineering - Information Technology with Business Studies", "summary": "The International Foundation in Science and Engineering - Information Technology with Business Studies at INTO Manchester prepares you for direct entry on to the first year of a Computing, Mathematics, Engineering, Science or related undergraduate degree.", "level": "preparation", "degree": "Pre-Bachelor", "tuition_fee": {"value": 17706, "unit": "year", "currency": "EUR"}, "fulltime_duration": {"value": 9, "unit": "month"}, "density": {"parttime": false, "fulltime": true}, "methods": {"face2face": true, "online": false, "blended": false}, "organisation_id": 18816, "organisation": "INTO Manchester", "venues": [{"city": "Manchester", "country": "United Kingdom", "area": "England", "display_area": true}], "discipline_title": "Business Information Systems", "discipline_id": 279}, {"id": 273458, "title": "International Foundation in Mathematics and Actuarial Sciences - Business Information Systems", "summary": "With the International Foundation in Mathematics and Actuarial Sciences - Business Information Systems programme at the University of East Anglia, you can prepare for entry to Year 1 of a science-related undergraduate degree in a range of numerical subjects, including Actuarial Science, Finance, Economics, Accounting and Mathematics at UEA.", "level": "preparation", "degree": "Pre-Bachelor", "tuition_fee": {"value": 19228, "unit": "year", "currency": "EUR"}, "fulltime_duration": {"value": 9, "unit": "month"}, "density": {"parttime": false, "fulltime": true}, "methods": {"face2face": true, "online": false, "blended": false}, "organisation_id": 8867, "organisation": "INTO University of East Anglia", "venues": [{"city": "Norwich", "country": "United Kingdom", "area": "England", "display_area": true}], "discipline_title": "Business Information Systems", "discipline_id": 279}, {"id": 278710, "title": "International Foundation in Business, Humanities and Social Sciences - Business Information Technology with a Year in Industry", "summary": "Prepare for direct entry to Year 1 of an undergraduate degree in a range of Accounting, Economics, Humanities, Social Sciences and Law-related subjects with the International Foundation in Business, Humanities and Social Sciences - Business Information Technology with a Year in Industry programme at Queen's University Belfast.", "level": "preparation", "degree": "Pre-Bachelor", "tuition_fee": {"value": 18951, "unit": "year", "currency": "EUR"}, "fulltime_duration": {"value": 9, "unit": "month"}, "density": {"parttime": false, "fulltime": true}, "methods": {"face2face": true, "online": false, "blended": false}, "organisation_id": 8890, "organisation": "INTO Queen's University Belfast", "venues": [{"city": "Belfast", "country": "United Kingdom", "area": "N Ireland", "display_area": true}], "discipline_title": "Business Information Systems", "discipline_id": 279}, {"id": 278363, "title": "International Year One in Business - Accountancy - Accountancy and Information Systems-M.P.A.", "summary": "An INTO Illinois State University International Year One in Business - Accountancy - Accountancy and Information Systems-M.P.A. will prepare you to enter your next semester of a bachelor\u2019s degree program at Illinois State University.", "level": "preparation", "degree": "Pre-Master", "tuition_fee": {"value": 14899, "unit": "year", "currency": "EUR"}, "fulltime_duration": {"value": 6, "unit": "month"}, "density": {"parttime": false, "fulltime": true}, "methods": {"face2face": true, "online": false, "blended": false}, "organisation_id": 18813, "organisation": "INTO Illinois State University", "venues": [{"city": "Normal", "country": "United States", "area": "Illinois", "display_area": true}], "discipline_title": "Business Information Systems", "discipline_id": 279}, {"id": 275042, "title": "International Year One in Business - Information Systems", "summary": "The&nbsp;International Year One in Business - Information Systems will prepare you to enter your next semester of a bachelor's degree program at The University of Alabama at Birmingham.&nbsp;", "level": "preparation", "degree": "Pre-Bachelor", "tuition_fee": {"value": 13568, "unit": "year", "currency": "EUR"}, "fulltime_duration": {"value": 6, "unit": "month"}, "density": {"parttime": false, "fulltime": true}, "methods": {"face2face": true, "online": false, "blended": false}, "organisation_id": 15588, "organisation": "INTO The University of Alabama at Birmingham", "venues": [{"city": "Birmingham", "country": "United States", "area": "Alabama", "display_area": true}], "discipline_title": "Business Information Systems", "discipline_id": 279}, {"id": 273163, "title": "International Year One in Information Systems - Systems Development - Analyst", "summary": "An INTO Illinois State University International Year One in Information Systems - Systems Development - Analyst will prepare you to enter your next semester of a bachelor\u2019s degree program at Illinois State University.", "level": "preparation", "degree": "Pre-Bachelor", "tuition_fee": {"value": 14899, "unit": "year", "currency": "EUR"}, "fulltime_duration": {"value": 6, "unit": "month"}, "density": {"parttime": false, "fulltime": true}, "methods": {"face2face": true, "online": false, "blended": false}, "organisation_id": 18813, "organisation": "INTO Illinois State University", "venues": [{"city": "Normal", "country": "United States", "area": "Illinois", "display_area": true}], "discipline_title": "Business Information Systems", "discipline_id": 279}, {"id": 280137, "title": "Graduate Diploma in Informatics - Business Systems Analysis and Design", "summary": "The Graduate Diploma in Informatics - Business Systems Analysis and Design offered by&nbsp;INTO City University London&nbsp;prepares you for direct entry to a postgraduate degree in a range of subject areas such as information science, software engineering, data science, human-computer interaction design, cyber security and library science.", "level": "preparation", "degree": "Pre-Master", "tuition_fee": {"value": 18951, "unit": "year", "currency": "EUR"}, "fulltime_duration": {"value": 9, "unit": "month"}, "density": {"parttime": false, "fulltime": true}, "methods": {"face2face": true, "online": false, "blended": false}, "organisation_id": 8888, "organisation": "INTO City University London", "venues": [{"city": "London", "country": "United Kingdom", "area": "England", "display_area": true}], "discipline_title": "Business Information Systems", "discipline_id": 279}, {"id": 274279, "title": "International Year One in Business - Information Systems", "summary": "International Year One in Business - Information Systems will prepare you to enter your next semester of a bachelor\u2019s degree program at Hofstra University.", "level": "preparation", "degree": "Pre-Bachelor", "tuition_fee": {"value": 25324, "unit": "year", "currency": "EUR"}, "fulltime_duration": {"value": 6, "unit": "month"}, "density": {"parttime": false, "fulltime": true}, "methods": {"face2face": true, "online": false, "blended": false}, "organisation_id": 19375, "organisation": "INTO Hofstra University", "venues": [{"city": "Hempstead", "country": "United States", "area": "New York", "display_area": true}], "discipline_title": "Business Information Systems", "discipline_id": 279}, {"id": 67174, "title": "Graduate Pathway in Information Systems", "summary": "Students who successfully complete an INTO George Mason University Graduate Pathway in Information Systems are assured progression to a Mason graduate degree program upon submission of additional required application materials.", "level": "preparation", "degree": "Pre-Master", "tuition_fee": {"value": 20130, "unit": "year", "currency": "EUR"}, "fulltime_duration": {"value": 4, "unit": "month"}, "density": {"parttime": false, "fulltime": true}, "methods": {"face2face": true, "online": false, "blended": false}, "organisation_id": 12270, "organisation": "INTO George Mason University", "venues": [{"city": "Fairfax", "country": "United States", "area": "Virginia", "display_area": true}], "discipline_title": "Business Information Systems", "discipline_id": 279}, {"id": 274674, "title": "International Year One in Business - Information Systems and Operations Management", "summary": "The&nbsp;International Year One in Business - Information Systems and Operations Management programme from&nbsp;George Mason University&nbsp;will prepare you to enter your next semester of a bachelor\u2019s degree program at George Mason University.&nbsp;", "level": "preparation", "degree": "Pre-Bachelor", "tuition_fee": {"value": 20130, "unit": "year", "currency": "EUR"}, "fulltime_duration": {"value": 6, "unit": "month"}, "density": {"parttime": false, "fulltime": true}, "methods": {"face2face": true, "online": false, "blended": false}, "organisation_id": 12270, "organisation": "INTO George Mason University", "venues": [{"city": "Fairfax", "country": "United States", "area": "Virginia", "display_area": true}], "discipline_title": "Business Information Systems", "discipline_id": 279}, {"id": 278327, "title": "International Foundation in Physical Sciences and Engineering - Business Information Systems with a Year in Industry", "summary": "The International Foundation in Physical Sciences and Engineering - Business Information Systems with a Year in Industry at INTO&nbsp;University of East Anglia prepares you for direct entry to Year 1 of a science-related undergraduate degree, including Engineering, Environmental Sciences, Chemistry and Computing Sciences.", "level": "preparation", "degree": "Pre-Bachelor", "tuition_fee": {"value": 19228, "unit": "year", "currency": "EUR"}, "fulltime_duration": {"value": 9, "unit": "month"}, "density": {"parttime": false, "fulltime": true}, "methods": {"face2face": true, "online": false, "blended": false}, "organisation_id": 8867, "organisation": "INTO University of East Anglia", "venues": [{"city": "Norwich", "country": "United Kingdom", "area": "England", "display_area": true}], "discipline_title": "Business Information Systems", "discipline_id": 279}, {"id": 281679, "title": "Graduate Pathway in Systems Engineering - Systems Engineering", "summary": "Students who successfully complete an INTO George Mason University Graduate Pathway in Systems Engineering - Systems Engineering are assured progression to a Mason graduate degree program upon submission of additional required application materials.", "level": "preparation", "degree": "Pre-Master", "tuition_fee": {"value": 20130, "unit": "year", "currency": "EUR"}, "fulltime_duration": {"value": 4, "unit": "month"}, "density": {"parttime": false, "fulltime": true}, "methods": {"face2face": true, "online": false, "blended": false}, "organisation_id": 12270, "organisation": "INTO George Mason University", "venues": [{"city": "Fairfax", "country": "United States", "area": "Virginia", "display_area": true}], "discipline_title": "Business Information Systems", "discipline_id": 279}, {"id": 279064, "title": "International Foundation in Mathematics and Actuarial Sciences - Business Information Systems with a Year in Industry", "summary": "With the International Foundation in Mathematics and Actuarial Sciences - Business Information Systems with a Year in Industry programme at INTO University of East Anglia, you can prepare for entry to Year 1 of a science-related undergraduate degree in a range of numerical subjects, including Actuarial Science, Finance, Economics, Accounting and Mathematics at UEA.", "level": "preparation", "degree": "Pre-Bachelor", "tuition_fee": {"value": 19228, "unit": "year", "currency": "EUR"}, "fulltime_duration": {"value": 9, "unit": "month"}, "density": {"parttime": false, "fulltime": true}, "methods": {"face2face": true, "online": false, "blended": false}, "organisation_id": 8867, "organisation": "INTO University of East Anglia", "venues": [{"city": "Norwich", "country": "United Kingdom", "area": "England", "display_area": true}], "discipline_title": "Business Information Systems", "discipline_id": 279}, {"id": 66838, "title": "Graduate Pathway in Health Systems Management", "summary": "Students who successfully complete an INTO George Mason University Graduate Pathway in Health Systems Management are assured progression to a Mason graduate degree program upon submission of additional required application materials.", "level": "preparation", "degree": "Pre-Master", "tuition_fee": {"value": 19548, "unit": "year", "currency": "EUR"}, "fulltime_duration": {"value": 4, "unit": "month"}, "density": {"parttime": false, "fulltime": true}, "methods": {"face2face": true, "online": false, "blended": false}, "organisation_id": 12270, "organisation": "INTO George Mason University", "venues": [{"city": "Fairfax", "country": "United States", "area": "Virginia", "display_area": true}], "discipline_title": "Business Information Systems", "discipline_id": 279}, {"id": 274832, "title": "International Year One in Business - Business Analytics and Information Systems", "summary": "The International Year One in Business - Business Analytics and Information Systems will prepare you to enter the second year of University of South Florida's competitive undergraduate degree program in business.", "level": "preparation", "degree": "Pre-Bachelor", "tuition_fee": {"value": 13494, "unit": "year", "currency": "EUR"}, "fulltime_duration": {"value": 6, "unit": "month"}, "density": {"parttime": false, "fulltime": true}, "methods": {"face2face": true, "online": false, "blended": false}, "organisation_id": 12254, "organisation": "INTO University of South Florida", "venues": [{"city": "Tampa", "country": "United States", "area": "Florida", "display_area": true}], "discipline_title": "Business Information Systems", "discipline_id": 279}, {"id": 279466, "title": "International Foundation in Business and Humanities - Business Analytics", "summary": "The International Foundation in Business and Humanities - Business Analytics at INTO Manchester will prepare you&nbsp;for an undergraduate degree in a variety of subjects at an&nbsp;NCUK&nbsp;university, in areas such as Finance, Management, Law, Politics and Sociology, and more.", "level": "preparation", "degree": "Pre-Bachelor", "tuition_fee": {"value": 17706, "unit": "year", "currency": "EUR"}, "fulltime_duration": {"value": 6, "unit": "month"}, "density": {"parttime": false, "fulltime": true}, "methods": {"face2face": true, "online": false, "blended": false}, "organisation_id": 18816, "organisation": "INTO Manchester", "venues": [{"city": "Manchester", "country": "United Kingdom", "area": "England", "display_area": true}], "discipline_title": "Business Information Systems", "discipline_id": 279}, {"id": 278378, "title": "International Year One in Business - Insurance -Business Information Systems", "summary": "An INTO Illinois State University International Year One in Business - Insurance -Business Information Systems will prepare you to enter your next semester of a bachelor\u2019s degree program at Illinois State University.", "level": "preparation", "degree": "Pre-Bachelor", "tuition_fee": {"value": 14899, "unit": "year", "currency": "EUR"}, "fulltime_duration": {"value": 6, "unit": "month"}, "density": {"parttime": false, "fulltime": true}, "methods": {"face2face": true, "online": false, "blended": false}, "organisation_id": 18813, "organisation": "INTO Illinois State University", "venues": [{"city": "Normal", "country": "United States", "area": "Illinois", "display_area": true}], "discipline_title": "Business Information Systems", "discipline_id": 279}, {"id": 222820, "title": "Internet of Things (IoT) MicroMasters Program", "summary": "EdX is an online learning platform trusted by over 12 million users offering the Internet of Things (IoT) MicroMasters Program in collaboration with&nbsp;Curtin University - CurtinX.&nbsp;Learn to guide IoT projects and design IoT solutions.", "level": "preparation", "degree": "Pre-Master", "tuition_fee": {"value": 1196, "unit": "full", "currency": "EUR"}, "parttime_duration": {"value": 10, "unit": "month"}, "density": {"parttime": true, "fulltime": false}, "methods": {"face2face": false, "online": true, "blended": false}, "organisation_id": 16741, "organisation": "Curtin University - CurtinX", "venues": [{"city": "Bentley", "country": "Australia", "area": "Western Australia", "display_area": true}], "discipline_title": "Business Information Systems", "discipline_id": 279}, {"id": 274132, "title": "International Foundation in Business, Humanities and Social Sciences - Business Information Technology", "summary": "Prepare for direct entry to Year 1 of an undergraduate degree in a range of Accounting, Economics, Humanities, Social Sciences and Law-related subjects with the International Foundation in Business, Humanities and Social Sciences - Business Information Technology programme at Queen's University Belfast.", "level": "preparation", "degree": "Pre-Bachelor", "tuition_fee": {"value": 18951, "unit": "year", "currency": "EUR"}, "fulltime_duration": {"value": 9, "unit": "month"}, "density": {"parttime": false, "fulltime": true}, "methods": {"face2face": true, "online": false, "blended": false}, "organisation_id": 8890, "organisation": "INTO Queen's University Belfast", "venues": [{"city": "Belfast", "country": "United Kingdom", "area": "N Ireland", "display_area": true}], "discipline_title": "Business Information Systems", "discipline_id": 279}, {"id": 274390, "title": "International Year One in Business - Computing Systems", "summary": "The International Year One in Business - Computing Systems programme from INTO London World Education Centre prepares you for direct entry to Year 2 of an undergraduate degree in a range of subjects including Accounting, Business Management, Economics, Finance, Management Studies and Marketing&nbsp;at a choice of 45+ UK universities.", "level": "preparation", "degree": "Pre-Bachelor", "tuition_fee": {"value": 20970, "unit": "year", "currency": "EUR"}, "fulltime_duration": {"value": 9, "unit": "month"}, "density": {"parttime": false, "fulltime": true}, "methods": {"face2face": true, "online": false, "blended": false}, "organisation_id": 10601, "organisation": "INTO London World Education Centre", "venues": [{"city": "London", "country": "United Kingdom", "area": "England", "display_area": true}], "discipline_title": "Business Information Systems", "discipline_id": 279}, {"id": 234376, "title": "Graduate Pathway in Computer Information Systems", "summary": "The Graduate Pathway in Computer Information Systems program at&nbsp;INTO Colorado State University&nbsp;will prepare you to enter the second year of a master\u2019s degree program at Colorado State University.", "level": "preparation", "degree": "Pre-Master", "tuition_fee": {"value": 16331, "unit": "year", "currency": "EUR"}, "fulltime_duration": {"value": 6, "unit": "month"}, "density": {"parttime": false, "fulltime": true}, "methods": {"face2face": true, "online": false, "blended": false}, "organisation_id": 12160, "organisation": "INTO Colorado State University", "venues": [{"city": "Fort Collins", "country": "United States", "area": "Colorado", "display_area": true}], "discipline_title": "Business Information Systems", "discipline_id": 279}, {"id": 273571, "title": "International Foundation in Physical Sciences and Engineering - Business Information Systems", "summary": "With the International Foundation in Physical Sciences and Engineering - Business Information Systems programme at University of East Anglia, you can prepare for&nbsp;entry to Year 1 of a science-related undergraduate degree, including Engineering, Environmental Sciences, Chemistry and Computing Sciences at UEA.", "level": "preparation", "degree": "Pre-Bachelor", "tuition_fee": {"value": 19228, "unit": "year", "currency": "EUR"}, "fulltime_duration": {"value": 9, "unit": "month"}, "density": {"parttime": false, "fulltime": true}, "methods": {"face2face": true, "online": false, "blended": false}, "organisation_id": 8867, "organisation": "INTO University of East Anglia", "venues": [{"city": "Norwich", "country": "United Kingdom", "area": "England", "display_area": true}], "discipline_title": "Business Information Systems", "discipline_id": 279}, {"id": 66654, "title": "Graduate Pathway in Computational Science", "summary": "Students who successfully complete an INTO George Mason University Graduate Pathway in Computational Science are assured progression to a Mason graduate degree program upon submission of additional required application materials.", "level": "preparation", "degree": "Pre-Master", "tuition_fee": {"value": 35029, "unit": "year", "currency": "EUR"}, "fulltime_duration": {"value": 8, "unit": "month"}, "density": {"parttime": false, "fulltime": true}, "methods": {"face2face": true, "online": false, "blended": false}, "organisation_id": 12270, "organisation": "INTO George Mason University", "venues": [{"city": "Fairfax", "country": "United States", "area": "Virginia", "display_area": true}], "discipline_title": "Business Information Systems", "discipline_id": 279}, {"id": 273075, "title": "International Year One in Business - Business Information Systems", "summary": "An INTO Illinois State University International Year One in Business - Business Information Systems will prepare you to enter your next semester of a bachelor\u2019s degree program at Illinois State University.", "level": "preparation", "degree": "Pre-Bachelor", "tuition_fee": {"value": 14899, "unit": "year", "currency": "EUR"}, "fulltime_duration": {"value": 6, "unit": "month"}, "density": {"parttime": false, "fulltime": true}, "methods": {"face2face": true, "online": false, "blended": false}, "organisation_id": 18813, "organisation": "INTO Illinois State University", "venues": [{"city": "Normal", "country": "United States", "area": "Illinois", "display_area": true}], "discipline_title": "Business Information Systems", "discipline_id": 279}, {"id": 273508, "title": "International Foundation in Business, Economics, Society and Culture - Business Information Systems", "summary": "With the International Foundation in Business, Economics, Society and Culture -&nbsp;Business Information Systems programme at University of East Anglia, you can prepare for direct entry to Year 1 of an undergraduate degree in a range of subjects ranging from Accounting and Finance to History of Art.", "level": "preparation", "degree": "Pre-Bachelor", "tuition_fee": {"value": 19228, "unit": "year", "currency": "EUR"}, "fulltime_duration": {"value": 9, "unit": "month"}, "density": {"parttime": false, "fulltime": true}, "methods": {"face2face": true, "online": false, "blended": false}, "organisation_id": 8867, "organisation": "INTO University of East Anglia", "venues": [{"city": "Norwich", "country": "United Kingdom", "area": "England", "display_area": true}], "discipline_title": "Business Information Systems", "discipline_id": 279}, {"id": 67196, "title": "Graduate Pathway in Systems Engineering", "summary": "Students who successfully complete an INTO George Mason University Graduate Pathway in Systems Engineering are assured progression to a Mason graduate degree program upon submission of additional required application materials.", "level": "preparation", "degree": "Pre-Master", "tuition_fee": {"value": 20130, "unit": "year", "currency": "EUR"}, "fulltime_duration": {"value": 4, "unit": "month"}, "density": {"parttime": false, "fulltime": true}, "methods": {"face2face": true, "online": false, "blended": false}, "organisation_id": 12270, "organisation": "INTO George Mason University", "venues": [{"city": "Fairfax", "country": "United States", "area": "Virginia", "display_area": true}], "discipline_title": "Business Information Systems", "discipline_id": 279}, {"id": 281043, "title": "Graduate Pathway in Business Analytics and Information Systems - Business Analytics and Information Systems", "summary": "The Graduate Pathway in Business Analytics and Information Systems&nbsp;program from the University of South Florida will prepare you to enter your next semester.", "level": "preparation", "degree": "Pre-Master", "tuition_fee": {"value": 16479, "unit": "year", "currency": "EUR"}, "fulltime_duration": {"value": 6, "unit": "month"}, "density": {"parttime": false, "fulltime": true}, "methods": {"face2face": true, "online": false, "blended": false}, "organisation_id": 12254, "organisation": "INTO University of South Florida", "venues": [{"city": "Tampa", "country": "United States", "area": "Florida", "display_area": true}], "discipline_title": "Business Information Systems", "discipline_id": 279}, {"id": 280334, "title": "International Year One in International Business, Accounting and Finance - Digital Business", "summary": "Progress to Year 2 of a wide range of undergraduate degrees. Choose between an Accounting and Finance or Business and Management pathway post-arrival, after a common first semester, with&nbsp;10&nbsp;NCUK&nbsp;Universities to choose from.&nbsp;The&nbsp;International Year One in International Business, Accounting and Finance - Digital Business programme is offered by INTO Manchester.", "level": "preparation", "degree": "Pre-Bachelor", "tuition_fee": {"value": 17706, "unit": "year", "currency": "EUR"}, "fulltime_duration": {"value": 9, "unit": "month"}, "density": {"parttime": false, "fulltime": true}, "methods": {"face2face": true, "online": false, "blended": false}, "organisation_id": 18816, "organisation": "INTO Manchester", "venues": [{"city": "Manchester", "country": "United Kingdom", "area": "England", "display_area": true}], "discipline_title": "Business Information Systems", "discipline_id": 279}, {"id": 281642, "title": "Graduate Pathway in Information Systems - Information Systems", "summary": "Students who successfully complete an INTO George Mason University Graduate Pathway in Information Systems - Information Systems are assured progression to a Mason graduate degree program upon submission of additional required application materials.", "level": "preparation", "degree": "Pre-Master", "tuition_fee": {"value": 20130, "unit": "year", "currency": "EUR"}, "fulltime_duration": {"value": 4, "unit": "month"}, "density": {"parttime": false, "fulltime": true}, "methods": {"face2face": true, "online": false, "blended": false}, "organisation_id": 12270, "organisation": "INTO George Mason University", "venues": [{"city": "Fairfax", "country": "United States", "area": "Virginia", "display_area": true}], "discipline_title": "Business Information Systems", "discipline_id": 279}, {"id": 151680, "title": "Business Information Systems", "summary": "The Diploma in Business Information Systems from&nbsp;Australian Catholic University provides a broad understanding of key commercial and business concepts.", "level": "preparation", "degree": "Preparation Course", "tuition_fee": {"value": 11316, "unit": "year", "currency": "EUR"}, "fulltime_duration": {"value": 12, "unit": "month"}, "density": {"parttime": true, "fulltime": true}, "methods": {"face2face": true, "online": false, "blended": false}, "organisation_id": 11878, "organisation": "Australian Catholic University", "venues": [{"city": "Sydney", "country": "Australia", "area": "New South Wales", "display_area": true}], "discipline_title": "Business Information Systems", "discipline_id": 279}, {"id": 281544, "title": "Graduate Pathway in Computational Science - Computational Science", "summary": "Students who successfully complete an INTO George Mason University Graduate Pathway in Computational Science - Computational Science are assured progression to a Mason graduate degree program upon submission of additional required application materials.", "level": "preparation", "degree": "Pre-Master", "tuition_fee": {"value": 35029, "unit": "year", "currency": "EUR"}, "fulltime_duration": {"value": 8, "unit": "month"}, "density": {"parttime": false, "fulltime": true}, "methods": {"face2face": true, "online": false, "blended": false}, "organisation_id": 12270, "organisation": "INTO George Mason University", "venues": [{"city": "Fairfax", "country": "United States", "area": "Virginia", "display_area": true}], "discipline_title": "Business Information Systems", "discipline_id": 279}, {"id": 274959, "title": "International Year One in Business - Information Systems", "summary": "International Year One in Business - Information Systems will prepare you to enter your next semester of a bachelor\u2019s degree program at Suffolk University.", "level": "preparation", "degree": "Pre-Bachelor", "tuition_fee": {"value": 21867, "unit": "year", "currency": "EUR"}, "fulltime_duration": {"value": 6, "unit": "month"}, "density": {"parttime": false, "fulltime": true}, "methods": {"face2face": true, "online": false, "blended": false}, "organisation_id": 17493, "organisation": "INTO Suffolk", "venues": [{"city": "Boston", "country": "United States", "area": "Massachusetts", "display_area": true}], "discipline_title": "Business Information Systems", "discipline_id": 279}, {"id": 278022, "title": "Pre-Master's - Information Management", "summary": "Join the Pre-Master's - Information Management course at INTO Manchester and prepare&nbsp;for direct entry to a range of postgraduate degrees in Business related subjects at a range of&nbsp;NCUK&nbsp;universities.", "level": "preparation", "degree": "Pre-Master", "tuition_fee": {"value": 11800, "unit": "year", "currency": "EUR"}, "fulltime_duration": {"value": 6, "unit": "month"}, "density": {"parttime": false, "fulltime": true}, "methods": {"face2face": true, "online": false, "blended": false}, "organisation_id": 18816, "organisation": "INTO Manchester", "venues": [{"city": "Manchester", "country": "United Kingdom", "area": "England", "display_area": true}], "discipline_title": "Business Information Systems", "discipline_id": 279}, {"id": 275122, "title": "International Year One in Business - Information Technology Management", "summary": "International Year One in Business - Information Technology Management will prepare you to enter your next semester of a bachelor's degree program at Saint Louis University.&nbsp;", "level": "preparation", "degree": "Pre-Bachelor", "tuition_fee": {"value": 24428, "unit": "year", "currency": "EUR"}, "fulltime_duration": {"value": 6, "unit": "month"}, "density": {"parttime": false, "fulltime": true}, "methods": {"face2face": true, "online": false, "blended": false}, "organisation_id": 15559, "organisation": "INTO Saint Louis University", "venues": [{"city": "Saint Louis", "country": "United States", "area": "Missouri", "display_area": true}], "discipline_title": "Business Information Systems", "discipline_id": 279}, {"id": 221006, "title": "Sage 50 Accounts and Payroll Diploma", "summary": "Give your career a boost with the well-recognised Sage 50 Accounts &amp; Payroll Diploma course from Global Edulink, a leading online learning provider. This course allows you to gain a full understanding of using Sage 50 software and prove to employers and recruiters that you\u2019re able to provide accounting duties to the highest standards.", "level": "preparation", "degree": "Preparation Course", "tuition_fee": {"value": 89, "unit": "year", "currency": "EUR"}, "parttime_duration": {"value": 12, "unit": "month"}, "density": {"parttime": true, "fulltime": false}, "methods": {"face2face": false, "online": true, "blended": false}, "organisation_id": 17907, "organisation": "Global Edulink", "venues": [{"city": "London", "country": "United Kingdom", "area": "England", "display_area": true}], "discipline_title": "Business Information Systems", "discipline_id": 279}, {"id": 52111, "title": "Undergraduate Certificate in Enterprise Web Applications Using .Net", "summary": "The University is a pioneer in online education technology and offers its specialized Undergraduate Certificate in Enterprise Web Applications Using .Net entirely online", "level": "preparation", "degree": "Pre-Bachelor", "tuition_fee": {"value": 250, "unit": "credit", "currency": "EUR"}, "fulltime_duration": {"value": 12, "unit": "month"}, "parttime_duration": {"value": 36, "unit": "month"}, "density": {"parttime": true, "fulltime": true}, "methods": {"face2face": false, "online": true, "blended": false}, "organisation_id": 10683, "organisation": "American Public University", "venues": [{"city": "Charles Town", "country": "United States", "area": "West Virginia", "display_area": true}], "discipline_title": "Business Information Systems", "discipline_id": 279}, {"id": 150019, "title": "International Year One in Business Studies", "summary": "The International Year One in Business Studies route at the University of Huddersfield&nbsp;will prepare you for direct entry to the second year of a number of Business Management degrees.", "level": "preparation", "degree": "Pre-Bachelor", "tuition_fee": {"value": 13011, "unit": "full", "currency": "EUR"}, "density": {"parttime": false, "fulltime": true}, "methods": {"face2face": true, "online": false, "blended": false}, "organisation_id": 899, "organisation": "University of Huddersfield", "venues": [{"city": "Huddersfield", "country": "United Kingdom", "area": "England", "display_area": true}], "discipline_title": "Business Information Systems", "discipline_id": 279}, {"id": 52110, "title": "Undergraduate Certificate in Enterprise Web Applications", "summary": "The Enterprise Web Applications Certificate focuses on the theories and skills necessary to perform design, develop, and deploy enterprise web applications on the Internet.&nbsp;", "level": "preparation", "degree": "Pre-Bachelor", "tuition_fee": {"value": 250, "unit": "credit", "currency": "EUR"}, "fulltime_duration": {"value": 12, "unit": "month"}, "parttime_duration": {"value": 36, "unit": "month"}, "density": {"parttime": true, "fulltime": true}, "methods": {"face2face": false, "online": true, "blended": false}, "organisation_id": 10683, "organisation": "American Public University", "venues": [{"city": "Charles Town", "country": "United States", "area": "West Virginia", "display_area": true}], "discipline_title": "Business Information Systems", "discipline_id": 279}, {"id": 52247, "title": "Undergraduate Certificate in Strategic Leadership", "summary": "This certificate is designed to provide students the opportunity to develop the skill set needed to influence and persuade the workforce to become productive and efficient as it relates to the growth of the organization.&nbsp;", "level": "preparation", "degree": "Pre-Bachelor", "tuition_fee": {"value": 250, "unit": "credit", "currency": "EUR"}, "fulltime_duration": {"value": 12, "unit": "month"}, "parttime_duration": {"value": 36, "unit": "month"}, "density": {"parttime": true, "fulltime": true}, "methods": {"face2face": false, "online": true, "blended": false}, "organisation_id": 10683, "organisation": "American Public University", "venues": [{"city": "Charles Town", "country": "United States", "area": "West Virginia", "display_area": true}], "discipline_title": "Business Information Systems", "discipline_id": 279}, {"id": 52182, "title": "Undergraduate Certificate in Information Systems Security Essentials", "summary": "Security threats increase in number and severity at a faster rate than qualified security professionals can fill-in the necessary gap. Qualified security professionals are in dire need even in a troubled economy, as businesses prioritize their budget spending to invest in a secure business environment.", "level": "preparation", "degree": "Pre-Bachelor", "tuition_fee": {"value": 250, "unit": "credit", "currency": "EUR"}, "fulltime_duration": {"value": 12, "unit": "month"}, "parttime_duration": {"value": 36, "unit": "month"}, "density": {"parttime": true, "fulltime": true}, "methods": {"face2face": false, "online": true, "blended": false}, "organisation_id": 10683, "organisation": "American Public University", "venues": [{"city": "Charles Town", "country": "United States", "area": "West Virginia", "display_area": true}], "discipline_title": "Business Information Systems", "discipline_id": 279}, {"id": 230901, "title": "Diploma of Information Technology", "summary": "The Diploma of Information Technology at&nbsp;Sydney Institute of Business and Technology (SIBT) is ideal for students wishing to pursue a career in IT.", "level": "preparation", "degree": "Pre-Bachelor", "tuition_fee": {"value": 16114, "unit": "full", "currency": "EUR"}, "fulltime_duration": {"value": 8, "unit": "month"}, "density": {"parttime": false, "fulltime": true}, "methods": {"face2face": true, "online": false, "blended": false}, "organisation_id": 20054, "organisation": "Sydney Institute of Business and Technology", "venues": [{"city": "Sydney", "country": "Australia", "area": "New South Wales", "display_area": true}], "discipline_title": "Business Information Systems", "discipline_id": 279}, {"id": 291853, "title": "Computer Science", "summary": "As a B.S. in Computer Science and UIC Global student at the University of Illinois at Chicago, you get more than academic, language and cultural growth. You also gain valuable professional skills that prepare you for a long, rewarding career.", "level": "preparation", "degree": "Pre-Bachelor", "tuition_fee": {"value": 29576, "unit": "year", "currency": "EUR"}, "fulltime_duration": {"value": 12, "unit": "month"}, "density": {"parttime": false, "fulltime": true}, "methods": {"face2face": true, "online": false, "blended": false}, "organisation_id": 19779, "organisation": "International Accelerator at The University of Illinois at Chicago", "venues": [{"city": "Chicago", "country": "United States", "area": "Illinois", "display_area": true}], "discipline_title": "Business Information Systems", "discipline_id": 279}]