[{"id": 287533, "title": "Ethical Hacking and Cyber Security - International Foundation Programme", "summary": "This one-year (3 term) Ethical Hacking and Cyber Security - International Foundation Programme from ONCAMPUS Coventry can offer successful students&nbsp;progression to Coventry University.&nbsp;You will&nbsp;study your Foundation programme at our state-of-the-art Centre located at the heart of the Coventry University campus.", "level": "preparation", "degree": "Pre-Bachelor", "tuition_fee": {"value": 16394, "unit": "year", "currency": "EUR"}, "fulltime_duration": {"value": 9, "unit": "month"}, "density": {"parttime": false, "fulltime": true}, "methods": {"face2face": true, "online": false, "blended": false}, "organisation_id": 11517, "organisation": "ONCAMPUS Coventry", "venues": [{"city": "Coventry", "country": "United Kingdom", "area": "England", "display_area": true}], "discipline_title": "Cyber Security", "discipline_id": 323}, {"id": 280140, "title": "Graduate Diploma in Informatics - Cyber Security", "summary": "The Graduate Diploma in Informatics - Cyber Security offered by&nbsp;INTO City University London&nbsp;prepares you for direct entry to a postgraduate degree in a range of subject areas such as information science, software engineering, data science, human-computer interaction design, cyber security and library science.", "level": "preparation", "degree": "Pre-Master", "tuition_fee": {"value": 18951, "unit": "year", "currency": "EUR"}, "fulltime_duration": {"value": 9, "unit": "month"}, "density": {"parttime": false, "fulltime": true}, "methods": {"face2face": true, "online": false, "blended": false}, "organisation_id": 8888, "organisation": "INTO City University London", "venues": [{"city": "London", "country": "United Kingdom", "area": "England", "display_area": true}], "discipline_title": "Cyber Security", "discipline_id": 323}, {"id": 279892, "title": "International Diploma in Computing - Cyber Security and Networks", "summary": "The International Diploma in Computing - Cyber Security and Networks at INTO Glasgow Caledonian University prepares you for direct entry to Year 3 of an undergraduate degree in a range&nbsp;&nbsp;of computing-related subjects at GCU.", "level": "preparation", "degree": "Pre-Bachelor", "tuition_fee": {"value": 15274, "unit": "year", "currency": "EUR"}, "fulltime_duration": {"value": 9, "unit": "month"}, "density": {"parttime": false, "fulltime": true}, "methods": {"face2face": true, "online": false, "blended": false}, "organisation_id": 8886, "organisation": "INTO Glasgow Caledonian University", "venues": [{"city": "Glasgow", "country": "United Kingdom", "area": "Scotland", "display_area": true}], "discipline_title": "Cyber Security", "discipline_id": 323}, {"id": 278371, "title": "Pre-Master's - Terrorism and Security", "summary": "Join the Pre-Master's - Terrorism and Security course at INTO Manchester and prepare&nbsp;for direct entry to a range of postgraduate degrees in Business related subjects at a range of&nbsp;NCUK&nbsp;universities.", "level": "preparation", "degree": "Pre-Master", "tuition_fee": {"value": 11800, "unit": "year", "currency": "EUR"}, "fulltime_duration": {"value": 6, "unit": "month"}, "density": {"parttime": false, "fulltime": true}, "methods": {"face2face": true, "online": false, "blended": false}, "organisation_id": 18816, "organisation": "INTO Manchester", "venues": [{"city": "Manchester", "country": "United Kingdom", "area": "England", "display_area": true}], "discipline_title": "Cyber Security", "discipline_id": 323}, {"id": 297190, "title": "Cybersecurity", "summary": "Build and practice essential cybersecurity skills by studying cryptography, software security, network security, and more with this&nbsp;Cybersecurity offered by Coursera in partnership with Arizona State University.", "level": "preparation", "degree": "Pre-Master", "tuition_fee": {"value": 4159, "unit": "full", "currency": "EUR"}, "parttime_duration": {"value": 4, "unit": "month"}, "density": {"parttime": true, "fulltime": false}, "methods": {"face2face": false, "online": true, "blended": false}, "organisation_id": 17569, "organisation": "Coursera", "venues": [{"city": "Mountain View", "country": "United States", "area": "California", "display_area": true}], "discipline_title": "Cyber Security", "discipline_id": 323}, {"id": 52138, "title": "Undergraduate Certificate in IT Infrastructure Security", "summary": "This certificate focuses on assessing, mitigating, and managing security risks in IT infrastructures. Any undergraduate student, regardless of major, may enroll in the Certificate in Infrastructure Security.&nbsp;", "level": "preparation", "degree": "Pre-Bachelor", "tuition_fee": {"value": 250, "unit": "credit", "currency": "EUR"}, "fulltime_duration": {"value": 12, "unit": "month"}, "parttime_duration": {"value": 36, "unit": "month"}, "density": {"parttime": true, "fulltime": true}, "methods": {"face2face": false, "online": true, "blended": false}, "organisation_id": 10683, "organisation": "American Public University", "venues": [{"city": "Charles Town", "country": "United States", "area": "West Virginia", "display_area": true}], "discipline_title": "Cyber Security", "discipline_id": 323}, {"id": 52181, "title": "Undergraduate Certificate in Information Security Planning", "summary": "This certificate assesses the principles of information systems attack and defense and applies that knowledge to protect the information assets of an organization. Any undergraduate student, regardless of major, may enroll in the Certificate in Information Security Planning.", "level": "preparation", "degree": "Pre-Bachelor", "tuition_fee": {"value": 250, "unit": "credit", "currency": "EUR"}, "fulltime_duration": {"value": 12, "unit": "month"}, "parttime_duration": {"value": 36, "unit": "month"}, "density": {"parttime": true, "fulltime": true}, "methods": {"face2face": false, "online": true, "blended": false}, "organisation_id": 10683, "organisation": "American Public University", "venues": [{"city": "Charles Town", "country": "United States", "area": "West Virginia", "display_area": true}], "discipline_title": "Cyber Security", "discipline_id": 323}, {"id": 52104, "title": "Undergraduate Certificate in Cybersecurity", "summary": "Computers and the Internet have become an integral part of conducting business for companies, organizations and the government. Cybersecurity experts are needed to keep systems and sensitive information secure and out of the hands of cyber criminals. Jobs in both the public and private sector are needed due to the growing dependence of most businesses on information technology.", "level": "preparation", "degree": "Pre-Bachelor", "tuition_fee": {"value": 250, "unit": "credit", "currency": "EUR"}, "fulltime_duration": {"value": 12, "unit": "month"}, "parttime_duration": {"value": 36, "unit": "month"}, "density": {"parttime": true, "fulltime": true}, "methods": {"face2face": false, "online": true, "blended": false}, "organisation_id": 10683, "organisation": "American Public University", "venues": [{"city": "Charles Town", "country": "United States", "area": "West Virginia", "display_area": true}], "discipline_title": "Cyber Security", "discipline_id": 323}, {"id": 52182, "title": "Undergraduate Certificate in Information Systems Security Essentials", "summary": "Security threats increase in number and severity at a faster rate than qualified security professionals can fill-in the necessary gap. Qualified security professionals are in dire need even in a troubled economy, as businesses prioritize their budget spending to invest in a secure business environment.", "level": "preparation", "degree": "Pre-Bachelor", "tuition_fee": {"value": 250, "unit": "credit", "currency": "EUR"}, "fulltime_duration": {"value": 12, "unit": "month"}, "parttime_duration": {"value": 36, "unit": "month"}, "density": {"parttime": true, "fulltime": true}, "methods": {"face2face": false, "online": true, "blended": false}, "organisation_id": 10683, "organisation": "American Public University", "venues": [{"city": "Charles Town", "country": "United States", "area": "West Virginia", "display_area": true}], "discipline_title": "Cyber Security", "discipline_id": 323}]