[{"id": 43103, "title": "Information Security", "summary": "The Information Security program from Instituto Superior T\u00e9cnico aims at training experts capable of carrying out autonomous research activities in the broad area of information security, mastering relevant subjects in Mathematics, Computer Science and Electrical Engineering, including computational complexity, cryptography, systems security and information theory.", "level": "phd", "degree": "Ph.D.", "tuition_fee": {"value": 2750, "unit": "year", "currency": "EUR"}, "fulltime_duration": {"value": 36, "unit": "month"}, "density": {"parttime": false, "fulltime": true}, "methods": {"face2face": true, "online": false, "blended": false}, "organisation_id": 10407, "organisation": "Instituto Superior T\u00e9cnico", "venues": [{"city": "Lisbon", "country": "Portugal", "area": "Lisbon", "display_area": false}], "discipline_title": "IT Security", "discipline_id": 285}, {"id": 293748, "title": "Security Science", "summary": "The Security Science programme from University College London (UCL) is devoted to reducing crime and terrorism through teaching, research and public policy analysis.&nbsp;", "level": "phd", "degree": "Ph. D.", "tuition_fee": {"value": 28262, "unit": "year", "currency": "EUR"}, "fulltime_duration": {"value": 48, "unit": "month"}, "density": {"parttime": false, "fulltime": true}, "methods": {"face2face": true, "online": false, "blended": false}, "organisation_id": 271, "organisation": "University College London (UCL)", "venues": [{"city": "London", "country": "United Kingdom", "area": "England", "display_area": true}], "discipline_title": "IT Security", "discipline_id": 285}, {"id": 6028, "title": "Professional Doctorate in Information Security", "summary": "This programme aims to develop research-based practice amongst professionals currently working within the Information Security area.&nbsp;", "level": "phd", "degree": "Doctorate", "parttime_duration": {"value": 60, "unit": "month"}, "density": {"parttime": true, "fulltime": false}, "methods": {"face2face": true, "online": false, "blended": false}, "organisation_id": 119, "organisation": "University of East London", "venues": [{"city": "London", "country": "United Kingdom", "area": "England", "display_area": true}], "discipline_title": "IT Security", "discipline_id": 285}, {"id": 22366, "title": "Information Security", "summary": "The Faculty of Computer Science and Media Technology is home to the largest research group in information security in Norway and arguably in Scandinavia, which allows offering a specialised doctoral degree programme in information security.\u00a0", "level": "phd", "degree": "Ph.D.", "fulltime_duration": {"value": 36, "unit": "month"}, "density": {"parttime": false, "fulltime": true}, "methods": {"face2face": true, "online": false, "blended": false}, "organisation_id": 14, "organisation": "Norwegian University of Science and Technology (NTNU)", "venues": [{"city": "Gj\u00f8vik", "country": "Norway", "area": "Oppland", "display_area": false}], "discipline_title": "IT Security", "discipline_id": 285}, {"id": 227087, "title": "Cyber Security", "summary": "The program is intended to prepare candidates for the highest level of professional practice, in which they can contribute significantly to the development of the multi-disciplinary study of cyber security.", "level": "phd", "degree": "Ph.D.", "tuition_fee": {"value": 23264, "unit": "year", "currency": "EUR"}, "fulltime_duration": {"value": 48, "unit": "month"}, "density": {"parttime": false, "fulltime": true}, "methods": {"face2face": true, "online": false, "blended": false}, "organisation_id": 12000, "organisation": "University of New South Wales", "venues": [{"city": "Canberra", "country": "Australia", "area": "Australian Capital Territory", "display_area": true}], "discipline_title": "IT Security", "discipline_id": 285}, {"id": 274462, "title": "Cyber Security", "summary": "Cyber Security at Sabanci University has emerged as an important discipline with its central position in the intersection of computer science, electronic engineering, and mathematics. As the seriousness of cyber crime and cyber security attacks has been gradualy increasing nowadays, it\u2019s foreseen that this position will be under progression in the future.&nbsp;", "level": "phd", "degree": "Ph.D.", "tuition_fee": {"value": 16636, "unit": "year", "currency": "EUR"}, "fulltime_duration": {"value": 48, "unit": "month"}, "density": {"parttime": false, "fulltime": true}, "methods": {"face2face": true, "online": false, "blended": false}, "organisation_id": 1000, "organisation": "Sabanci University", "venues": [{"city": "Istanbul", "country": "Turkey", "area": "Istanbul", "display_area": false}], "discipline_title": "IT Security", "discipline_id": 285}, {"id": 290284, "title": "Cyber Security", "summary": "The&nbsp;Cyber Security program from&nbsp;University College London (UCL)&nbsp;provides students with core skills and knowledge at the forefront of computing, cybercrime, and digital technology policy.&nbsp;", "level": "phd", "degree": "Ph.D.", "tuition_fee": {"value": 27685, "unit": "year", "currency": "EUR"}, "fulltime_duration": {"value": 48, "unit": "month"}, "density": {"parttime": false, "fulltime": true}, "methods": {"face2face": true, "online": false, "blended": false}, "organisation_id": 271, "organisation": "University College London (UCL)", "venues": [{"city": "London", "country": "United Kingdom", "area": "England", "display_area": true}], "discipline_title": "IT Security", "discipline_id": 285}, {"id": 54828, "title": "Criminal Justice - Homeland Security Policy and Coordination", "summary": "Whether you aspire to be a leader or a teacher in the criminal justice arena, this Ph.D. in Criminal Justice&nbsp;- Homeland Security Policy and Coordination program from Walden University can prepare you with the skills you need for career advancement.", "level": "phd", "degree": "Ph.D.", "tuition_fee": {"value": 14908, "unit": "year", "currency": "EUR"}, "parttime_duration": {"value": 56, "unit": "month"}, "density": {"parttime": true, "fulltime": false}, "methods": {"face2face": false, "online": true, "blended": false}, "organisation_id": 10396, "organisation": "Walden University", "venues": [{"city": "Minneapolis", "country": "United States", "area": "Minnesota", "display_area": true}], "discipline_title": "IT Security", "discipline_id": 285}, {"id": 275602, "title": "Doctor of Business Administration - Homeland Security", "summary": "Are you prepared to influence and advance the future of business practice? The ACBSP-accredited Doctor of Business Administration&nbsp;- Homeland Security program from&nbsp;Walden University examines some of the challenges and prospects that currently exist in the dynamic world of business, such as globalization, ethics, and stakeholder relationships.", "level": "phd", "degree": "D.B.A.", "tuition_fee": {"value": 87359, "unit": "year", "currency": "EUR"}, "parttime_duration": {"value": 56, "unit": "month"}, "density": {"parttime": true, "fulltime": false}, "methods": {"face2face": false, "online": true, "blended": false}, "organisation_id": 10396, "organisation": "Walden University", "venues": [{"city": "Minneapolis", "country": "United States", "area": "Minnesota", "display_area": true}], "discipline_title": "IT Security", "discipline_id": 285}]