[{"id": 264038, "title": "Deep Learning", "summary": "EdX is an online learning platform trusted by over 12 million users offering the Deep Learning Professional Certificate in collaboration with&nbsp;IBMx.&nbsp;This hands-on program will prepare and equip you with the in-demand skills required to become a successful AI practitioner and start a career in the growing and lucrative field of deep learning.", "level": "short", "degree": "Short Course", "tuition_fee": {"value": 457, "unit": "full", "currency": "EUR"}, "parttime_duration": {"value": 7, "unit": "month"}, "density": {"parttime": true, "fulltime": false}, "methods": {"face2face": false, "online": true, "blended": false}, "organisation_id": 16783, "organisation": "edX - online learning platform", "venues": [{"city": "Portland", "country": "United States", "area": "Oregon", "display_area": true}], "discipline_title": "Artificial Intelligence", "discipline_id": 330}, {"id": 292907, "title": "AI Chatbots without Programming", "summary": "EdX is an online learning platform trusted by over 12 million users offering the&nbsp;AI Chatbots without Programming&nbsp;in collaboration with&nbsp;IBMx.&nbsp;Chatbots are increasingly in demand among global businesses. This course will teach you how to build, analyze, deploy and monetize chatbots - with the help of IBM Watson and the power of AI.", "level": "short", "degree": "Certificate", "parttime_duration": {"value": 14, "unit": "day"}, "density": {"parttime": true, "fulltime": false}, "methods": {"face2face": false, "online": true, "blended": false}, "organisation_id": 16783, "organisation": "edX - online learning platform", "venues": [{"city": "Portland", "country": "United States", "area": "Oregon", "display_area": true}], "discipline_title": "Artificial Intelligence", "discipline_id": 330}, {"id": 292707, "title": "Artificial Intelligence", "summary": "If Artificial Intelligence (AI) is set to take over the world, it makes sense that we learn to leverage its potential for our own advantage, which is where this&nbsp;course from&nbsp;Blue Mountains International Hotel Management School&nbsp;can help.&nbsp;", "level": "short", "degree": "Certificate", "tuition_fee": {"value": 83, "unit": "full", "currency": "EUR"}, "parttime_duration": {"value": 1, "unit": "day"}, "density": {"parttime": true, "fulltime": false}, "methods": {"face2face": false, "online": true, "blended": false}, "organisation_id": 11408, "organisation": "Blue Mountains International Hotel Management School", "venues": [{"city": "Sydney", "country": "Australia", "area": "New South Wales", "display_area": true}], "discipline_title": "Artificial Intelligence", "discipline_id": 330}, {"id": 210930, "title": "Neural Networks and Deep Learning", "summary": "This Neural Networks and Deep Learning offered by Coursera in partnership with Deeplearning is part of the Deep Learning Specialization.", "level": "short", "degree": "Certificate", "parttime_duration": {"value": 1, "unit": "month"}, "density": {"parttime": true, "fulltime": false}, "methods": {"face2face": false, "online": true, "blended": false}, "organisation_id": 17569, "organisation": "Coursera", "venues": [{"city": "Mountain View", "country": "United States", "area": "California", "display_area": true}], "discipline_title": "Artificial Intelligence", "discipline_id": 330}, {"id": 210532, "title": "Robotics - Mobility", "summary": "This Robotics - Mobility offered by Coursera in partnership with University of Pennsylvania is part of&nbsp;Robotics Specialization.", "level": "short", "degree": "Certificate", "parttime_duration": {"value": 1, "unit": "month"}, "density": {"parttime": true, "fulltime": false}, "methods": {"face2face": false, "online": true, "blended": false}, "organisation_id": 17525, "organisation": "Coursera - University of Pennsylvania", "venues": [{"city": "Mountain View", "country": "United States", "area": "California", "display_area": true}], "discipline_title": "Artificial Intelligence", "discipline_id": 330}, {"id": 210521, "title": "Robotics - Aerial Robotics", "summary": "This Robotics - Aerial Robotics offered by Coursera in partnership with University of Pennsylvania is part of&nbsp;Robotics Specialization.", "level": "short", "degree": "Certificate", "parttime_duration": {"value": 1, "unit": "month"}, "density": {"parttime": true, "fulltime": false}, "methods": {"face2face": false, "online": true, "blended": false}, "organisation_id": 17525, "organisation": "Coursera - University of Pennsylvania", "venues": [{"city": "Mountain View", "country": "United States", "area": "California", "display_area": true}], "discipline_title": "Artificial Intelligence", "discipline_id": 330}, {"id": 210537, "title": "Robotics - Perception", "summary": "This Robotics - Perception offered by Coursera in partnership with&nbsp;University of Pennsylvania is part of&nbsp;Robotics Specialization.", "level": "short", "degree": "Certificate", "parttime_duration": {"value": 1, "unit": "month"}, "density": {"parttime": true, "fulltime": false}, "methods": {"face2face": false, "online": true, "blended": false}, "organisation_id": 17525, "organisation": "Coursera - University of Pennsylvania", "venues": [{"city": "Mountain View", "country": "United States", "area": "California", "display_area": true}], "discipline_title": "Artificial Intelligence", "discipline_id": 330}, {"id": 292906, "title": "Introduction to Watson AI", "summary": "EdX is an online learning platform trusted by over 12 million users offering the&nbsp;Introduction to Watson AI&nbsp;in collaboration with&nbsp;IBMx.&nbsp;Learn how to quickly and easily get started with Artificial Intelligence using IBM Watson.", "level": "short", "degree": "Certificate", "parttime_duration": {"value": 56, "unit": "day"}, "density": {"parttime": true, "fulltime": false}, "methods": {"face2face": false, "online": true, "blended": false}, "organisation_id": 16783, "organisation": "edX - online learning platform", "venues": [{"city": "Portland", "country": "United States", "area": "Oregon", "display_area": true}], "discipline_title": "Artificial Intelligence", "discipline_id": 330}, {"id": 275966, "title": "Introduction to TensorFlow for Artificial Intelligence, Machine Learning, and Deep Learning", "summary": "This Introduction to TensorFlow for Artificial Intelligence, Machine Learning, and Deep Learning offered by Coursera in partnership with Deeplearning is part of the TensorFlow in Practice Specialization.", "level": "short", "degree": "Short Course", "parttime_duration": {"value": 1, "unit": "month"}, "density": {"parttime": true, "fulltime": false}, "methods": {"face2face": false, "online": true, "blended": false}, "organisation_id": 17569, "organisation": "Coursera", "venues": [{"city": "Mountain View", "country": "United States", "area": "California", "display_area": true}], "discipline_title": "Artificial Intelligence", "discipline_id": 330}, {"id": 210549, "title": "Robotics - Estimation and Learning", "summary": "This Robotics - Estimation and Learning offered by Coursera in partnership with University of Pennsylvania is part of&nbsp;Robotics Specialization.", "level": "short", "degree": "Certificate", "parttime_duration": {"value": 1, "unit": "month"}, "density": {"parttime": true, "fulltime": false}, "methods": {"face2face": false, "online": true, "blended": false}, "organisation_id": 17525, "organisation": "Coursera - University of Pennsylvania", "venues": [{"city": "Mountain View", "country": "United States", "area": "California", "display_area": true}], "discipline_title": "Artificial Intelligence", "discipline_id": 330}, {"id": 293730, "title": "Disruptive 4.0 A Multidisciplinary Approach of Artificial Intelligence", "summary": "As a teaching methodology, this Disruptive 4.0 A Multidisciplinary Approach of Artificial Intelligence&nbsp;course at&nbsp;Vrije Universiteit Amsterdam is a novel concept in the field of AI studies, offering a unique holistic understanding of emerging technologies.", "level": "short", "degree": "Short Course", "tuition_fee": {"value": 500, "unit": "full", "currency": "EUR"}, "fulltime_duration": {"value": 14, "unit": "day"}, "density": {"parttime": false, "fulltime": true}, "methods": {"face2face": false, "online": true, "blended": false}, "organisation_id": 81, "organisation": "Vrije Universiteit Amsterdam", "venues": [{"city": "Amsterdam", "country": "Netherlands", "area": "North Holland", "display_area": false}], "discipline_title": "Artificial Intelligence", "discipline_id": 330}, {"id": 292909, "title": "Computer Vision Fundamentals with Watson and OpenCV", "summary": "EdX is an online learning platform trusted by over 12 million users offering the&nbsp;Computer Vision Fundamentals with Watson and OpenCV&nbsp;in collaboration with&nbsp;IBMx.&nbsp;Learn about computer vision, one of the most exciting fields in machine learning. artificial intelligence and computer science.", "level": "short", "degree": "Certificate", "parttime_duration": {"value": 98, "unit": "day"}, "density": {"parttime": true, "fulltime": false}, "methods": {"face2face": false, "online": true, "blended": false}, "organisation_id": 16783, "organisation": "edX - online learning platform", "venues": [{"city": "Portland", "country": "United States", "area": "Oregon", "display_area": true}], "discipline_title": "Artificial Intelligence", "discipline_id": 330}, {"id": 210528, "title": "Robotics - Computational Motion Planning", "summary": "This Robotics - Computational Motion Planning offered by Coursera in partnership with University of Pennsylvania is part of&nbsp;Robotics Specialization.", "level": "short", "degree": "Certificate", "parttime_duration": {"value": 1, "unit": "month"}, "density": {"parttime": true, "fulltime": false}, "methods": {"face2face": false, "online": true, "blended": false}, "organisation_id": 17525, "organisation": "Coursera - University of Pennsylvania", "venues": [{"city": "Mountain View", "country": "United States", "area": "California", "display_area": true}], "discipline_title": "Artificial Intelligence", "discipline_id": 330}, {"id": 295349, "title": "Business Implications of AI", "summary": "Take the&nbsp;Business Implications of AI&nbsp;course from&nbsp;EIT Digital Master School&nbsp;and learn how to embrace the AI-tool kit! As AI technology is emerging, the key is to grasp how to maximise the trade-off between business impact and resources spent.", "level": "short", "degree": "Certificate", "tuition_fee": {"value": 2900, "unit": "full", "currency": "EUR"}, "density": {"parttime": true, "fulltime": false}, "methods": {"face2face": true, "online": true, "blended": false}, "organisation_id": 20013, "organisation": "EIT Digital Professional School", "venues": [{"city": "Paris", "country": "France", "area": "\u00cele-de-France", "display_area": false}, {"city": "Budapest", "country": "Hungary", "area": "Budapest", "display_area": false}, {"city": "Brussels", "country": "Belgium", "area": "Brussels Capital Region", "display_area": false}], "discipline_title": "Artificial Intelligence", "discipline_id": 330}, {"id": 210510, "title": "Robotics", "summary": "Learn the Building Blocks for a Career in Robotics. Gain experience programming robots to perform in situations and for use in crisis management with this Robotics offered by Coursera in   partnership with University of Pennsylvania.", "level": "short", "degree": "Short Course", "parttime_duration": {"value": 7, "unit": "month"}, "density": {"parttime": true, "fulltime": false}, "methods": {"face2face": false, "online": true, "blended": false}, "organisation_id": 17525, "organisation": "Coursera - University of Pennsylvania", "venues": [{"city": "Mountain View", "country": "United States", "area": "California", "display_area": true}], "discipline_title": "Artificial Intelligence", "discipline_id": 330}, {"id": 292901, "title": "AI for Everyone", "summary": "EdX is an online learning platform trusted by over 12 million users offering the&nbsp;AI for Everyone&nbsp;in collaboration with&nbsp;IBMx.&nbsp;Learn what Artificial Intelligence (AI) is by understanding its applications and key concepts including machine learning, deep learning and neural networks.", "level": "short", "degree": "Certificate", "parttime_duration": {"value": 63, "unit": "day"}, "density": {"parttime": true, "fulltime": false}, "methods": {"face2face": false, "online": true, "blended": false}, "organisation_id": 16783, "organisation": "edX - online learning platform", "venues": [{"city": "Portland", "country": "United States", "area": "Oregon", "display_area": true}], "discipline_title": "Artificial Intelligence", "discipline_id": 330}, {"id": 210561, "title": "Robotics - Capstone", "summary": "This Robotics - Capstone Course offered by Coursera in partnership with University of Pennsylvania is part of&nbsp;Robotics Specialization.", "level": "short", "degree": "Certificate", "parttime_duration": {"value": 2, "unit": "month"}, "density": {"parttime": true, "fulltime": false}, "methods": {"face2face": false, "online": true, "blended": false}, "organisation_id": 17525, "organisation": "Coursera - University of Pennsylvania", "venues": [{"city": "Mountain View", "country": "United States", "area": "California", "display_area": true}], "discipline_title": "Artificial Intelligence", "discipline_id": 330}, {"id": 264042, "title": "Deep Learning Fundamentals with Keras", "summary": "EdX is an online learning platform trusted by over 12 million users offering the Deep Learning Fundamentals with Keras Certificate in collaboration with&nbsp;IBMx.&nbsp;New to deep learning? Start with this course, that will not only introduce you to the field of deep learning but give you the opportunity to build your first deep learning model using the&nbsp;popular Keras library.", "level": "short", "degree": "Certificate", "parttime_duration": {"value": 35, "unit": "day"}, "density": {"parttime": true, "fulltime": false}, "methods": {"face2face": false, "online": true, "blended": false}, "organisation_id": 16783, "organisation": "edX - online learning platform", "venues": [{"city": "Portland", "country": "United States", "area": "Oregon", "display_area": true}], "discipline_title": "Artificial Intelligence", "discipline_id": 330}, {"id": 193791, "title": "Robotics", "summary": "EdX is an online learning platform trusted by over 12 million users offering the&nbsp;Robotics Program in collaboration with Columbia University \u2013 ColumbiaX.&nbsp;Learn the core techniques for representing robots that perform physical tasks in the real world.", "level": "short", "degree": "Certificate", "parttime_duration": {"value": 70, "unit": "day"}, "density": {"parttime": true, "fulltime": false}, "methods": {"face2face": false, "online": true, "blended": false}, "organisation_id": 16738, "organisation": "Columbia University - ColumbiaX", "venues": [{"city": "Manhattan", "country": "United States", "area": "New York", "display_area": true}], "discipline_title": "Artificial Intelligence", "discipline_id": 330}, {"id": 292908, "title": "AI Applications with Watson", "summary": "EdX is an online learning platform trusted by over 12 million users offering the&nbsp;AI Applications with Watson&nbsp;in collaboration with&nbsp;IBMx.&nbsp;Learn to use and program tools and assitant services such as Tone Analyzer and Personality Insights to build queries, extract information big data repositories.", "level": "short", "degree": "Certificate", "parttime_duration": {"value": 21, "unit": "day"}, "density": {"parttime": true, "fulltime": false}, "methods": {"face2face": false, "online": true, "blended": false}, "organisation_id": 16783, "organisation": "edX - online learning platform", "venues": [{"city": "Portland", "country": "United States", "area": "Oregon", "display_area": true}], "discipline_title": "Artificial Intelligence", "discipline_id": 330}, {"id": 273219, "title": "Artificial Intelligence in Marketing", "summary": "Discover the implications of new, emerging technologies in marketing with this&nbsp;Artificial Intelligence in Marketing from&nbsp;RMIT University.", "level": "short", "degree": "Short Course", "tuition_fee": {"value": 716, "unit": "full", "currency": "EUR"}, "parttime_duration": {"value": 2, "unit": "month"}, "density": {"parttime": true, "fulltime": false}, "methods": {"face2face": false, "online": true, "blended": false}, "organisation_id": 19451, "organisation": "RMIT Future Skills", "venues": [{"city": "Melbourne", "country": "Australia", "area": "Victoria", "display_area": true}], "discipline_title": "Artificial Intelligence", "discipline_id": 330}, {"id": 287810, "title": "Information Technology (Artificial Intelligence)", "summary": "The&nbsp;Information Technology course from&nbsp;Global Business College of Australia&nbsp;provides the skills and knowledge for an individual to administer and manage information and communications technology (ICT) support in small-to-medium enterprises (SMEs) using a wide range of general ICT technologies.", "level": "short", "degree": "Advanced Diploma", "tuition_fee": {"value": 7162, "unit": "year", "currency": "EUR"}, "fulltime_duration": {"value": 13, "unit": "month"}, "density": {"parttime": false, "fulltime": true}, "methods": {"face2face": true, "online": false, "blended": false}, "organisation_id": 19852, "organisation": "Global Business College of Australia", "venues": [{"city": "Melbourne", "country": "Australia", "area": "Victoria", "display_area": true}], "discipline_title": "Artificial Intelligence", "discipline_id": 330}, {"id": 292794, "title": "Building world's most trusted robot Summer Course", "summary": "New technologies can be either blessings or devils in device. In the traditional view on the social sciences and humanities in relation to technology, these disciplines are believed to have a limited, secondary role with a large emphasis on issues like facilitating the acceptance and user-friendliness of technology or merely legal issues like privacy protection.Seen from a more contemporary viewpoint, the social sciences and humanities take a more fundamental and primary position, seeing technology development as a means to an end rather than as an end in itself. The key issue is about values: how can we align autonomous and self-learning technology with values, our human values. We explore the key steps and requirements to build trusted and trustworthy applications of autonomous and intelligent technology that align with human values.", "level": "short", "degree": "Short Course", "tuition_fee": {"value": 500, "unit": "full", "currency": "EUR"}, "fulltime_duration": {"value": 7, "unit": "day"}, "density": {"parttime": false, "fulltime": true}, "methods": {"face2face": true, "online": false, "blended": false}, "organisation_id": 80, "organisation": "Tilburg University", "venues": [{"city": "Tilburg", "country": "Netherlands", "area": "North Brabant", "display_area": false}], "discipline_title": "Artificial Intelligence", "discipline_id": 330}, {"id": 293357, "title": "Natural Language Engineering with Python", "summary": "This Natural Language Engineering with Python&nbsp;module from University of Sussex teaches students how a computer processes and ideally understands the English language. It explores how computers mirror human behaviour:", "level": "short", "degree": "Short Course", "tuition_fee": {"value": 1697, "unit": "full", "currency": "EUR"}, "fulltime_duration": {"value": 19, "unit": "day"}, "density": {"parttime": false, "fulltime": true}, "methods": {"face2face": true, "online": false, "blended": false}, "organisation_id": 275, "organisation": "University of Sussex", "venues": [{"city": "Brighton", "country": "United Kingdom", "area": "England", "display_area": true}], "discipline_title": "Artificial Intelligence", "discipline_id": 330}, {"id": 292493, "title": "Philosophy of Artificial Intelligence", "summary": "On the Philosophy of Artificial Intelligence course at the University of Helsinki students are introduced to contemporary philosophical discussion on AI.", "level": "short", "degree": "Short Course", "tuition_fee": {"value": 900, "unit": "full", "currency": "EUR"}, "fulltime_duration": {"value": 16, "unit": "day"}, "density": {"parttime": false, "fulltime": true}, "methods": {"face2face": true, "online": false, "blended": false}, "organisation_id": 17, "organisation": "University of Helsinki", "venues": [{"city": "Helsinki", "country": "Finland", "area": "Province of Southern Finland", "display_area": false}], "discipline_title": "Artificial Intelligence", "discipline_id": 330}, {"id": 292883, "title": "Designing AI for Humans: Conceiving, Designing and Evolving AI Solutions from a Human Centered Perspective", "summary": "During this course, students will look at different categories of AI project failures to better understand what went wrong. This non-technical course is aimed at future data scientists who want to take a cross-disciplinary approach to building their AI solutions that enables them to consider their projects from multiple perspectives", "level": "short", "degree": "Short Course", "tuition_fee": {"value": 398, "unit": "full", "currency": "EUR"}, "fulltime_duration": {"value": 5, "unit": "day"}, "density": {"parttime": false, "fulltime": true}, "methods": {"face2face": true, "online": false, "blended": false}, "organisation_id": 12274, "organisation": "Maastricht Summer School", "venues": [{"city": "Maastricht", "country": "Netherlands", "area": "Limburg", "display_area": false}], "discipline_title": "Artificial Intelligence", "discipline_id": 330}, {"id": 228368, "title": "Deep Learning", "summary": "The Deep Learning programme is offered at the University of Southern Denmark.&nbsp;Computer science forms the basis for development of efficient and secure modern software, and computer scientists excel at working at all levels from program developers to project managers and executives in software divisions and&nbsp; software companies.", "level": "short", "degree": "Short Course", "tuition_fee": {"value": 570, "unit": "full", "currency": "EUR"}, "fulltime_duration": {"value": 11, "unit": "day"}, "density": {"parttime": false, "fulltime": true}, "methods": {"face2face": true, "online": false, "blended": false}, "organisation_id": 180, "organisation": "University of Southern Denmark", "venues": [{"city": "Odense", "country": "Denmark", "area": "South Denmark", "display_area": false}], "discipline_title": "Artificial Intelligence", "discipline_id": 330}, {"id": 292726, "title": "Computational Modelling For All", "summary": "Computer science provides tools that help us understand and benefit from the world around us. The ability to take information, understand it, process it, extract value from it, visualise it, and communicate it is a hugely important skill. To learn more, join the&nbsp;Computational Modelling For All course from&nbsp;University of Warwick.", "level": "short", "degree": "Certificate", "tuition_fee": {"value": 2602, "unit": "full", "currency": "EUR"}, "fulltime_duration": {"value": 21, "unit": "day"}, "density": {"parttime": false, "fulltime": true}, "methods": {"face2face": true, "online": false, "blended": false}, "organisation_id": 183, "organisation": "University of Warwick", "venues": [{"city": "London", "country": "United Kingdom", "area": "England", "display_area": true}], "discipline_title": "Artificial Intelligence", "discipline_id": 330}, {"id": 218995, "title": "Introduction to Artificial Intelligence", "summary": "Computers are not just better than us at memory or calculation. They are better than us at a poker table.&nbsp;This&nbsp;Introduction to Artificial Intelligence&nbsp;course at the&nbsp;University of Warwick&nbsp;is a study of the basic building blocks of decision-making agents, which are abstract entities living in an uncertain environment and are guided towards the realisation of given objectives.", "level": "short", "degree": "Certificate", "tuition_fee": {"value": 2602, "unit": "full", "currency": "EUR"}, "fulltime_duration": {"value": 21, "unit": "day"}, "density": {"parttime": false, "fulltime": true}, "methods": {"face2face": true, "online": false, "blended": false}, "organisation_id": 183, "organisation": "University of Warwick", "venues": [{"city": "London", "country": "United Kingdom", "area": "England", "display_area": true}], "discipline_title": "Artificial Intelligence", "discipline_id": 330}, {"id": 228446, "title": "Robots in Context", "summary": "Join the Robots in Context international summer course at the University of Southern Denmark and experience first-hand one of the leading robotics environments in Northern Europe and see some of many thriving and rapidly expanding robotic companies in Odense.", "level": "short", "degree": "Short Course", "tuition_fee": {"value": 570, "unit": "full", "currency": "EUR"}, "fulltime_duration": {"value": 11, "unit": "day"}, "density": {"parttime": false, "fulltime": true}, "methods": {"face2face": true, "online": false, "blended": false}, "organisation_id": 180, "organisation": "University of Southern Denmark", "venues": [{"city": "Odense", "country": "Denmark", "area": "South Denmark", "display_area": false}], "discipline_title": "Artificial Intelligence", "discipline_id": 330}]