[{"id": 140063, "title": "International Diploma in Computing", "summary": "The International Diploma in Computing at INTO Glasgow Caledonian University prepares you for direct entry to Year 3 of an undergraduate degree in a range&nbsp;&nbsp;of computing-related subjects at GCU.", "level": "preparation", "degree": "Pre-Bachelor", "tuition_fee": {"value": 15274, "unit": "year", "currency": "EUR"}, "fulltime_duration": {"value": 9, "unit": "month"}, "density": {"parttime": false, "fulltime": true}, "methods": {"face2face": true, "online": false, "blended": false}, "organisation_id": 8886, "organisation": "INTO Glasgow Caledonian University", "venues": [{"city": "Glasgow", "country": "United Kingdom", "area": "Scotland", "display_area": true}], "discipline_title": "Video Games & Multimedia", "discipline_id": 280}, {"id": 281007, "title": "International Foundation in Business and Humanities - Games Design and Development", "summary": "The International Foundation in Business and Humanities - Games Design and Development programme at INTO Manchester Metropolitan University will prepare you&nbsp;for direct entry to Year 1 of an undergraduate degree in a range of Business and Humanities subjects.", "level": "preparation", "degree": "Pre-Bachelor", "tuition_fee": {"value": 17706, "unit": "year", "currency": "EUR"}, "fulltime_duration": {"value": 9, "unit": "month"}, "density": {"parttime": false, "fulltime": true}, "methods": {"face2face": true, "online": false, "blended": false}, "organisation_id": 8892, "organisation": "INTO Manchester Metropolitan University", "venues": [{"city": "Manchester", "country": "United Kingdom", "area": "England", "display_area": true}], "discipline_title": "Video Games & Multimedia", "discipline_id": 280}, {"id": 279190, "title": "International Year One in General - Studio Arts Video-Multimedia-B.S.", "summary": "An INTO Illinois State University International Year One in General - Studio Arts Video-Multimedia-B.S. will prepare you to enter your next semester of a bachelor\u2019s degree program at Illinois State University.", "level": "preparation", "degree": "Pre-Bachelor", "tuition_fee": {"value": 14899, "unit": "year", "currency": "EUR"}, "fulltime_duration": {"value": 6, "unit": "month"}, "density": {"parttime": false, "fulltime": true}, "methods": {"face2face": true, "online": false, "blended": false}, "organisation_id": 18813, "organisation": "INTO Illinois State University", "venues": [{"city": "Normal", "country": "United States", "area": "Illinois", "display_area": true}], "discipline_title": "Video Games & Multimedia", "discipline_id": 280}, {"id": 278165, "title": "Pre-Master's - Digital Media", "summary": "Join the Pre-Master's - Digital Media course at INTO Manchester and prepare&nbsp;for direct entry to a range of postgraduate degrees in Business related subjects at a range of&nbsp;NCUK&nbsp;universities.", "level": "preparation", "degree": "Pre-Master", "tuition_fee": {"value": 11800, "unit": "year", "currency": "EUR"}, "fulltime_duration": {"value": 6, "unit": "month"}, "density": {"parttime": false, "fulltime": true}, "methods": {"face2face": true, "online": false, "blended": false}, "organisation_id": 18816, "organisation": "INTO Manchester", "venues": [{"city": "Manchester", "country": "United Kingdom", "area": "England", "display_area": true}], "discipline_title": "Video Games & Multimedia", "discipline_id": 280}, {"id": 273555, "title": "International Foundation in Physical Sciences and Engineering - Computer Graphics, Imaging and Multimedia", "summary": "With the International Foundation in Physical Sciences and Engineering - Computer Graphics, Imaging and Multimedia programme at University of East Anglia, you can prepare for&nbsp;entry to Year 1 of a science-related undergraduate degree, including Engineering, Environmental Sciences, Chemistry and Computing Sciences at UEA.", "level": "preparation", "degree": "Pre-Bachelor", "tuition_fee": {"value": 19228, "unit": "year", "currency": "EUR"}, "fulltime_duration": {"value": 9, "unit": "month"}, "density": {"parttime": false, "fulltime": true}, "methods": {"face2face": true, "online": false, "blended": false}, "organisation_id": 8867, "organisation": "INTO University of East Anglia", "venues": [{"city": "Norwich", "country": "United Kingdom", "area": "England", "display_area": true}], "discipline_title": "Video Games & Multimedia", "discipline_id": 280}, {"id": 280139, "title": "Graduate Diploma in Informatics - Computer Games Technology", "summary": "The Graduate Diploma in Informatics - Computer Games Technology offered by&nbsp;INTO City University London&nbsp;prepares you for direct entry to a postgraduate degree in a range of subject areas such as information science, software engineering, data science, human-computer interaction design, cyber security and library science.", "level": "preparation", "degree": "Pre-Master", "tuition_fee": {"value": 18951, "unit": "year", "currency": "EUR"}, "fulltime_duration": {"value": 9, "unit": "month"}, "density": {"parttime": false, "fulltime": true}, "methods": {"face2face": true, "online": false, "blended": false}, "organisation_id": 8888, "organisation": "INTO City University London", "venues": [{"city": "London", "country": "United Kingdom", "area": "England", "display_area": true}], "discipline_title": "Video Games & Multimedia", "discipline_id": 280}, {"id": 279070, "title": "International Foundation in Mathematics and Actuarial Sciences - Computer Graphics, Imaging and Multimedia", "summary": "With the International Foundation in Mathematics and Actuarial Sciences - Computer Graphics, Imaging and Multimedia programme at INTO University of East Anglia, you can prepare for entry to Year 1 of a science-related undergraduate degree in a range of numerical subjects, including Actuarial Science, Finance, Economics, Accounting and Mathematics at UEA.", "level": "preparation", "degree": "Pre-Bachelor", "tuition_fee": {"value": 19228, "unit": "year", "currency": "EUR"}, "fulltime_duration": {"value": 9, "unit": "month"}, "density": {"parttime": false, "fulltime": true}, "methods": {"face2face": true, "online": false, "blended": false}, "organisation_id": 8867, "organisation": "INTO University of East Anglia", "venues": [{"city": "Norwich", "country": "United Kingdom", "area": "England", "display_area": true}], "discipline_title": "Video Games & Multimedia", "discipline_id": 280}, {"id": 274230, "title": "International Foundation in Science and Engineering - Computer Games Technology", "summary": "The International Foundation in Science and Engineering - Computer Games Technology programme offered by&nbsp;Manchester Metropolitan University will prepare you&nbsp;for direct entry to Year 1 of an undergraduate degree in a range of Computing, Mathematics, Engineering, Science related subjects", "level": "preparation", "degree": "Pre-Bachelor", "tuition_fee": {"value": 17706, "unit": "year", "currency": "EUR"}, "fulltime_duration": {"value": 9, "unit": "month"}, "density": {"parttime": false, "fulltime": true}, "methods": {"face2face": true, "online": false, "blended": false}, "organisation_id": 8892, "organisation": "INTO Manchester Metropolitan University", "venues": [{"city": "Manchester", "country": "United Kingdom", "area": "England", "display_area": true}], "discipline_title": "Video Games & Multimedia", "discipline_id": 280}, {"id": 274152, "title": "International Foundation in Art and Design - Illustration with Animation", "summary": "With International Foundation in Art and Design - Illustration with Animation program offered by&nbsp;Manchester Metropolitan University you can prepare for direct entry to Year 1 of an undergraduate degree in a range of subjects within the fields of Art, Design and Media.", "level": "preparation", "degree": "Pre-Bachelor", "tuition_fee": {"value": 17706, "unit": "year", "currency": "EUR"}, "fulltime_duration": {"value": 9, "unit": "month"}, "density": {"parttime": false, "fulltime": true}, "methods": {"face2face": true, "online": false, "blended": false}, "organisation_id": 8892, "organisation": "INTO Manchester Metropolitan University", "venues": [{"city": "Manchester", "country": "United Kingdom", "area": "England", "display_area": true}], "discipline_title": "Video Games & Multimedia", "discipline_id": 280}, {"id": 287403, "title": "Games Art - International Foundation Programme", "summary": "This one-year (3 term) Games Art - International Foundation Programme from ONCAMPUS Coventry can offer successful students&nbsp;progression to Coventry University.&nbsp;You will&nbsp;study your Foundation programme at our state-of-the-art Centre located at the heart of the Coventry University campus.", "level": "preparation", "degree": "Pre-Bachelor", "tuition_fee": {"value": 16394, "unit": "year", "currency": "EUR"}, "fulltime_duration": {"value": 9, "unit": "month"}, "density": {"parttime": false, "fulltime": true}, "methods": {"face2face": true, "online": false, "blended": false}, "organisation_id": 11517, "organisation": "ONCAMPUS Coventry", "venues": [{"city": "Coventry", "country": "United Kingdom", "area": "England", "display_area": true}], "discipline_title": "Video Games & Multimedia", "discipline_id": 280}, {"id": 274296, "title": "International Year One in Computer Science - Computer Science - Gaming and Graphics", "summary": "International Year One in Computer Science - Computer Science - Gaming and Graphics will prepare you to enter your next semester of a bachelor\u2019s degree program at Hofstra University.", "level": "preparation", "degree": "Pre-Bachelor", "tuition_fee": {"value": 25324, "unit": "year", "currency": "EUR"}, "fulltime_duration": {"value": 6, "unit": "month"}, "density": {"parttime": false, "fulltime": true}, "methods": {"face2face": true, "online": false, "blended": false}, "organisation_id": 19375, "organisation": "INTO Hofstra University", "venues": [{"city": "Hempstead", "country": "United States", "area": "New York", "display_area": true}], "discipline_title": "Video Games & Multimedia", "discipline_id": 280}, {"id": 283580, "title": "Game Design and Development - Undergraduate Foundation Programme", "summary": "This one-year (3 term) (Hons) Game Design and Development - Undergraduate Foundation Programme from ONCAMPUS&nbsp;London South Bank&nbsp;offers successful students&nbsp;guaranteed progression to London South Bank University. You will study&nbsp;your Foundation programme at our Centre located at the heart of the London South Bank University campus.", "level": "preparation", "degree": "Pre-Bachelor", "tuition_fee": {"value": 14595, "unit": "year", "currency": "EUR"}, "fulltime_duration": {"value": 9, "unit": "month"}, "density": {"parttime": false, "fulltime": true}, "methods": {"face2face": true, "online": false, "blended": false}, "organisation_id": 11508, "organisation": "ONCAMPUS London South Bank", "venues": [{"city": "London", "country": "United Kingdom", "area": "England", "display_area": true}], "discipline_title": "Video Games & Multimedia", "discipline_id": 280}, {"id": 273669, "title": "International Foundation in Computer Science - Computer Science with Games Technology-BSc (Hons)", "summary": "The International Foundation in Computer Science - Computer Science with Games Technology-BSc (Hons) course offered by INTO City University London&nbsp;prepares you for direct entry to Year 1 of an undergraduate degree in computer science, business computing systems and games technology&nbsp;&nbsp;at City, University of London.", "level": "preparation", "degree": "Pre-Bachelor", "tuition_fee": {"value": 18951, "unit": "year", "currency": "EUR"}, "fulltime_duration": {"value": 9, "unit": "month"}, "density": {"parttime": false, "fulltime": true}, "methods": {"face2face": true, "online": false, "blended": false}, "organisation_id": 8888, "organisation": "INTO City University London", "venues": [{"city": "London", "country": "United Kingdom", "area": "England", "display_area": true}], "discipline_title": "Video Games & Multimedia", "discipline_id": 280}, {"id": 284926, "title": "Computer Games Development - Undergraduate Foundation Programme", "summary": "This one-year (3 term) Computer Games Development - Undergraduate Foundation Programme from ONCAMPUS UK North offers successful students&nbsp;guaranteed progression to UCLan&nbsp;and the opportunity to apply to a number of other top UK universities through the UCAS process. You will&nbsp;study your Foundation programme at our Centre located at the heart of the UCLan campus.", "level": "preparation", "degree": "Pre-Bachelor", "tuition_fee": {"value": 15817, "unit": "year", "currency": "EUR"}, "fulltime_duration": {"value": 9, "unit": "month"}, "density": {"parttime": false, "fulltime": true}, "methods": {"face2face": true, "online": false, "blended": false}, "organisation_id": 11512, "organisation": "ONCAMPUS UK North", "venues": [{"city": "Preston", "country": "United Kingdom", "area": "England", "display_area": true}], "discipline_title": "Video Games & Multimedia", "discipline_id": 280}, {"id": 283763, "title": "Computer Science for Games Development - Undergraduate Foundation Programme", "summary": "This one-year (3 term) (Hons) Computer Science for Games Development - Undergraduate Foundation Programme at&nbsp;ONCAMPUS Hull&nbsp;offers successful students guaranteed progression to the University of Hull.&nbsp;", "level": "preparation", "degree": "Pre-Bachelor", "tuition_fee": {"value": 15834, "unit": "year", "currency": "EUR"}, "fulltime_duration": {"value": 9, "unit": "month"}, "density": {"parttime": false, "fulltime": true}, "methods": {"face2face": true, "online": false, "blended": false}, "organisation_id": 14007, "organisation": "ONCAMPUS Hull", "venues": [{"city": "Hull", "country": "United Kingdom", "area": "England", "display_area": true}], "discipline_title": "Video Games & Multimedia", "discipline_id": 280}, {"id": 273358, "title": "International Foundation in Science, Computing, Engineering and Mathematics - Computer Science (Game Engineering)", "summary": "With the International Foundation in Science, Computing, Engineering and Mathematics - Computer Science (Game Engineering)&nbsp; programme at INTO Newcastle University, you can prepare for direct entry to an undergraduate degree in a range of science or engineering related subject at Newcastle University.", "level": "preparation", "degree": "Pre-Bachelor", "tuition_fee": {"value": 22622, "unit": "year", "currency": "EUR"}, "fulltime_duration": {"value": 9, "unit": "month"}, "density": {"parttime": false, "fulltime": true}, "methods": {"face2face": true, "online": false, "blended": false}, "organisation_id": 7023, "organisation": "INTO Newcastle University", "venues": [{"city": "Newcastle upon Tyne", "country": "United Kingdom", "area": "England", "display_area": true}], "discipline_title": "Video Games & Multimedia", "discipline_id": 280}, {"id": 279253, "title": "International Foundation in Science and Engineering - Games Design", "summary": "The International Foundation in Science and Engineering - Games Design at INTO Manchester prepares you for direct entry on to the first year of a Computing, Mathematics, Engineering, Science or related undergraduate degree.", "level": "preparation", "degree": "Pre-Bachelor", "tuition_fee": {"value": 17706, "unit": "year", "currency": "EUR"}, "fulltime_duration": {"value": 9, "unit": "month"}, "density": {"parttime": false, "fulltime": true}, "methods": {"face2face": true, "online": false, "blended": false}, "organisation_id": 18816, "organisation": "INTO Manchester", "venues": [{"city": "Manchester", "country": "United Kingdom", "area": "England", "display_area": true}], "discipline_title": "Video Games & Multimedia", "discipline_id": 280}, {"id": 279879, "title": "International Diploma in Computing - Computer Games (Software Development)", "summary": "The International Diploma in Computing - Computer Games (Software Development) at INTO Glasgow Caledonian University prepares you for direct entry to Year 3 of an undergraduate degree in a range&nbsp;&nbsp;of computing-related subjects at GCU.", "level": "preparation", "degree": "Pre-Bachelor", "tuition_fee": {"value": 15274, "unit": "year", "currency": "EUR"}, "fulltime_duration": {"value": 9, "unit": "month"}, "density": {"parttime": false, "fulltime": true}, "methods": {"face2face": true, "online": false, "blended": false}, "organisation_id": 8886, "organisation": "INTO Glasgow Caledonian University", "venues": [{"city": "Glasgow", "country": "United Kingdom", "area": "Scotland", "display_area": true}], "discipline_title": "Video Games & Multimedia", "discipline_id": 280}, {"id": 280536, "title": "International Foundation in Art and Design - Digital Media", "summary": "The International Foundation in Art and Design - Digital Media course offered by the INTO London World Education Center prepares you for direct entry to Year 1 of an undergraduate degree in a range of subjects including Architecture, Fashion, Fine Art and Photography at&nbsp;The University of Hull.", "level": "preparation", "degree": "Pre-Bachelor", "tuition_fee": {"value": 20970, "unit": "year", "currency": "EUR"}, "fulltime_duration": {"value": 9, "unit": "month"}, "density": {"parttime": false, "fulltime": true}, "methods": {"face2face": true, "online": false, "blended": false}, "organisation_id": 10601, "organisation": "INTO London World Education Centre", "venues": [{"city": "London", "country": "United Kingdom", "area": "England", "display_area": true}], "discipline_title": "Video Games & Multimedia", "discipline_id": 280}, {"id": 279874, "title": "International Diploma in Computing - Computer Games (Art and Animation)", "summary": "The International Diploma in Computing - Computer Games (Art and Animation) at INTO Glasgow Caledonian University prepares you for direct entry to Year 3 of an undergraduate degree in a range&nbsp;&nbsp;of computing-related subjects at GCU.", "level": "preparation", "degree": "Pre-Bachelor", "tuition_fee": {"value": 15274, "unit": "year", "currency": "EUR"}, "fulltime_duration": {"value": 9, "unit": "month"}, "density": {"parttime": false, "fulltime": true}, "methods": {"face2face": true, "online": false, "blended": false}, "organisation_id": 8886, "organisation": "INTO Glasgow Caledonian University", "venues": [{"city": "Glasgow", "country": "United Kingdom", "area": "Scotland", "display_area": true}], "discipline_title": "Video Games & Multimedia", "discipline_id": 280}, {"id": 279176, "title": "International Year One in General - Studio Arts Video-Multimedia-B.A.", "summary": "An INTO Illinois State University International Year One in General - Studio Arts Video-Multimedia-B.A. will prepare you to enter your next semester of a bachelor\u2019s degree program at Illinois State University.", "level": "preparation", "degree": "Pre-Bachelor", "tuition_fee": {"value": 14899, "unit": "year", "currency": "EUR"}, "fulltime_duration": {"value": 6, "unit": "month"}, "density": {"parttime": false, "fulltime": true}, "methods": {"face2face": true, "online": false, "blended": false}, "organisation_id": 18813, "organisation": "INTO Illinois State University", "venues": [{"city": "Normal", "country": "United States", "area": "Illinois", "display_area": true}], "discipline_title": "Video Games & Multimedia", "discipline_id": 280}, {"id": 284954, "title": "Games Development - Undergraduate Foundation Programme", "summary": "This one-year (3 term) Games Development - Undergraduate Foundation Programme from ONCAMPUS UK North offers successful students&nbsp;guaranteed progression to UCLan&nbsp;and the opportunity to apply to a number of other top UK universities through the UCAS process. You will&nbsp;study your Foundation programme at our Centre located at the heart of the UCLan campus.", "level": "preparation", "degree": "Pre-Bachelor", "tuition_fee": {"value": 15817, "unit": "year", "currency": "EUR"}, "fulltime_duration": {"value": 9, "unit": "month"}, "density": {"parttime": false, "fulltime": true}, "methods": {"face2face": true, "online": false, "blended": false}, "organisation_id": 11512, "organisation": "ONCAMPUS UK North", "venues": [{"city": "Preston", "country": "United Kingdom", "area": "England", "display_area": true}], "discipline_title": "Video Games & Multimedia", "discipline_id": 280}, {"id": 274324, "title": "International Year One in Engineering - Computer Engineering - Gaming and Graphics", "summary": "International Year One in Engineering - Computer Engineering - Gaming and Graphics will prepare you to enter your next semester of a bachelor\u2019s degree program at Hofstra University.", "level": "preparation", "degree": "Pre-Bachelor", "tuition_fee": {"value": 25324, "unit": "year", "currency": "EUR"}, "fulltime_duration": {"value": 6, "unit": "month"}, "density": {"parttime": false, "fulltime": true}, "methods": {"face2face": true, "online": false, "blended": false}, "organisation_id": 19375, "organisation": "INTO Hofstra University", "venues": [{"city": "Hempstead", "country": "United States", "area": "New York", "display_area": true}], "discipline_title": "Video Games & Multimedia", "discipline_id": 280}, {"id": 281525, "title": "International Foundation in Science and Engineering - Games Design and Development", "summary": "The International Foundation in Science and Engineering - Games Design and Development programme offered by INTO Manchester Metropolitan University will prepare you&nbsp;for direct entry to Year 1 of an undergraduate degree in a range of Computing, Mathematics, Engineering, Science related subjects.", "level": "preparation", "degree": "Pre-Bachelor", "tuition_fee": {"value": 17706, "unit": "year", "currency": "EUR"}, "fulltime_duration": {"value": 9, "unit": "month"}, "density": {"parttime": false, "fulltime": true}, "methods": {"face2face": true, "online": false, "blended": false}, "organisation_id": 8892, "organisation": "INTO Manchester Metropolitan University", "venues": [{"city": "Manchester", "country": "United Kingdom", "area": "England", "display_area": true}], "discipline_title": "Video Games & Multimedia", "discipline_id": 280}, {"id": 280633, "title": "Pre-sessional Pre-Master's - 3D Design for Virtual Environments", "summary": "The Pre-sessional Pre-Master's - 3D Design for Virtual Environments course is offered by INTO Glasgow Caledonian University.", "level": "preparation", "degree": "Pre-Master", "tuition_fee": {"value": 5091, "unit": "full", "currency": "EUR"}, "fulltime_duration": {"value": 3, "unit": "month"}, "density": {"parttime": false, "fulltime": true}, "methods": {"face2face": true, "online": false, "blended": false}, "organisation_id": 8886, "organisation": "INTO Glasgow Caledonian University", "venues": [{"city": "Glasgow", "country": "United Kingdom", "area": "Scotland", "display_area": true}], "discipline_title": "Video Games & Multimedia", "discipline_id": 280}, {"id": 280356, "title": "International Foundation in Computer Science - Computer Science with Games Technology-MSci", "summary": "The International Foundation in Computer Science - Computer Science with Games Technology-MSci course offered by INTO City University London&nbsp;prepares you for direct entry to Year 1 of an undergraduate degree in computer science, business computing systems and games technology&nbsp;&nbsp;at City, University of London.", "level": "preparation", "degree": "Pre-Bachelor", "tuition_fee": {"value": 18951, "unit": "year", "currency": "EUR"}, "fulltime_duration": {"value": 9, "unit": "month"}, "density": {"parttime": false, "fulltime": true}, "methods": {"face2face": true, "online": false, "blended": false}, "organisation_id": 8888, "organisation": "INTO City University London", "venues": [{"city": "London", "country": "United Kingdom", "area": "England", "display_area": true}], "discipline_title": "Video Games & Multimedia", "discipline_id": 280}, {"id": 274251, "title": "International Foundation in Business and Humanities - Multimedia Journalism", "summary": "The International Foundation in Business and Humanities - Multimedia Journalism programme at Manchester Metropolitan University will prepare you for direct entry to Year 1 of an undergraduate degree in a range of Business and Humanities subjects.", "level": "preparation", "degree": "Pre-Bachelor", "tuition_fee": {"value": 17706, "unit": "year", "currency": "EUR"}, "fulltime_duration": {"value": 9, "unit": "month"}, "density": {"parttime": false, "fulltime": true}, "methods": {"face2face": true, "online": false, "blended": false}, "organisation_id": 8892, "organisation": "INTO Manchester Metropolitan University", "venues": [{"city": "Manchester", "country": "United Kingdom", "area": "England", "display_area": true}], "discipline_title": "Video Games & Multimedia", "discipline_id": 280}, {"id": 284647, "title": "Games Software - Undergraduate Foundation Programme", "summary": "This one-year (3 term) Games Software - Undergraduate Foundation Programme at&nbsp;ONCAMPUS Sunderland&nbsp; offers successful students&nbsp;guaranteed progression* to the University of Sunderland. You will study your Foundation programme at our state-of-the-art Centre located at the heart of the University of Sunderland City campus.", "level": "preparation", "degree": "Pre-Bachelor", "tuition_fee": {"value": 14697, "unit": "year", "currency": "EUR"}, "fulltime_duration": {"value": 9, "unit": "month"}, "density": {"parttime": false, "fulltime": true}, "methods": {"face2face": true, "online": false, "blended": false}, "organisation_id": 11513, "organisation": "ONCAMPUS Sunderland", "venues": [{"city": "Sunderland", "country": "United Kingdom", "area": "England", "display_area": true}], "discipline_title": "Video Games & Multimedia", "discipline_id": 280}, {"id": 151350, "title": "Advanced Diploma of Screen and Media (Game Art Stream)", "summary": "The Advanced Diploma of Screen and Media will provide you with the advanced skills necessary to move ahead in the art, design, screen and media industries, if you wish to work in film, TV, radio, journalism, game development or animation.&nbsp;", "level": "preparation", "degree": "Pre-Bachelor", "fulltime_duration": {"value": 12, "unit": "month"}, "density": {"parttime": false, "fulltime": true}, "methods": {"face2face": true, "online": false, "blended": false}, "organisation_id": 15519, "organisation": "TAFE South Australia", "venues": [{"city": "Adelaide", "country": "Australia", "area": "South Australia", "display_area": true}], "discipline_title": "Video Games & Multimedia", "discipline_id": 280}, {"id": 151351, "title": "Advanced Diploma of Screen and Media (Film and TV Stream)", "summary": "The&nbsp;Advanced Diploma of Screen and Media&nbsp;will provide you with the advanced skills necessary to move ahead in the art, design, screen and media industries, if you&nbsp;wish to work in film, TV, radio, journalism, game development or animation.&nbsp;", "level": "preparation", "degree": "Pre-Bachelor", "tuition_fee": {"value": 8296, "unit": "year", "currency": "EUR"}, "fulltime_duration": {"value": 12, "unit": "month"}, "density": {"parttime": false, "fulltime": true}, "methods": {"face2face": true, "online": false, "blended": false}, "organisation_id": 15519, "organisation": "TAFE South Australia", "venues": [{"city": "Adelaide", "country": "Australia", "area": "South Australia", "display_area": true}], "discipline_title": "Video Games & Multimedia", "discipline_id": 280}, {"id": 47844, "title": "3D Modelling and Animation for Games and Media", "summary": "The Foundation Degree 3D Modelling and Animation for Games and Media course is specifically designed to give you a taste of the CGI industry, covering the many different tools and assets of CGI design, whilst giving you the necessary skills and knowledge you need to prepare yourself to the creative industry.", "level": "preparation", "degree": "Pre-Bachelor", "tuition_fee": {"value": 10182, "unit": "year", "currency": "EUR"}, "fulltime_duration": {"value": 24, "unit": "month"}, "density": {"parttime": false, "fulltime": true}, "methods": {"face2face": true, "online": false, "blended": false}, "organisation_id": 1430, "organisation": "The Manchester College", "venues": [{"city": "Manchester", "country": "United Kingdom", "area": "England", "display_area": true}], "discipline_title": "Video Games & Multimedia", "discipline_id": 280}, {"id": 292295, "title": "Game Design", "summary": "The Game Design program at American University Washington DC is a one-semester, pre-master\u2019s program designed specifically for international students.&nbsp;", "level": "preparation", "degree": "Pre-Master", "tuition_fee": {"value": 27094, "unit": "year", "currency": "EUR"}, "fulltime_duration": {"value": 12, "unit": "month"}, "density": {"parttime": false, "fulltime": true}, "methods": {"face2face": true, "online": false, "blended": false}, "organisation_id": 11225, "organisation": "American University Washington DC", "venues": [{"city": "Washington, D. C.", "country": "United States", "area": "Washington, D.C.", "display_area": true}], "discipline_title": "Video Games & Multimedia", "discipline_id": 280}]